scope,policy,metric,point,lower95,upper95,denominator,unknown
whole2023_2024,L5-winnerA,touch,0.4776938915579959,0.45023421413864106,0.5061730514855515,1457,10
whole2023_2024,L5-winnerA,L5,0.4296499656829101,0.3975288156346945,0.4649737286890065,1457,10
whole2023_2024,L5-winnerA,ANYnegativeD5,0.6005490734385724,0.565843621399177,0.6371928368021227,1457,10
whole2023_2024,L5-winnerA,D1bull,0.4667124227865477,0.44198695950583394,0.493860099431018,1457,10
whole2023_2024,L5-winnerA,FPtargetFirstLower,0.33013040494166096,0.30508740222465497,0.3583254414802398,1457,10
whole2023_2024,L5-winnerA,FPtargetFirstUpper,0.3507206588881263,0.3253251845814805,0.37782340862423,1457,10
whole2023_2024,L5-winnerA,FPnegativeCertain,0.6190803019903912,0.5906593406593407,0.6460116003936001,1457,10
whole2023_2024,L5-winnerA,FPnegativePossible,0.6396705559368565,0.6103034442523462,0.6673610009686245,1457,10
whole2023_2024,L5-winnerA,FPloss5Certain,0.5929993136582018,0.5650588239430677,0.623040155188316,1457,10
whole2023_2024,L5-winnerA,FPloss5Possible,0.6135895676046671,0.5853806382725629,0.6426709913336843,1457,10
whole2023_2024,L5-winnerA,FPambiguous,0.02059025394646534,0.013031326772664066,0.028807078641212708,1457,10
whole2023_2024,L5-winnerA,FPstopBeforeLaterTouch,0.14756348661633492,0.12962740842281623,0.16712328767123288,1457,10
whole2023_2024,L5-winnerA,netD5,-0.003336303807981822,-0.014494506003560873,0.009699878627181626,1457,10
whole2023_2024,L5-winnerA,FPnetLower,-0.0007547021730449222,-0.0047680681188165975,0.0037479449980360804,1457,10
whole2023_2024,L5-winnerA,FPnetUpper,0.0023338359189248835,-0.0015776162864612208,0.006691381058797344,1457,10
whole2023_2024,L5-winnerA,targetOnlyNet,0.00016614753763371465,-0.007056309114139493,0.007369688127055617,1457,10
whole2023_2024,L5-winnerA,strictCoverage,0.9931833674164963,0.989093387866394,0.9965916837082481,1467,10
whole2023_2024,L5-winnerA,scoreAll3AtLeast70,0.010224948875255624,0.002044989775051125,0.022494887525562373,489,10
whole2023_2024,L5-winnerA,all3Touch,0.15031315240083507,0.12127182072580286,0.18335251046025103,479,10
whole2023_2024,L5-winnerA,threePicksCoverage,1.0,1.0,1.0,489,10
whole2023_2024,L5-winnerB,touch,0.4101508916323731,0.3804920811710565,0.44131978729519705,1458,9
whole2023_2024,L5-winnerB,L5,0.4170096021947874,0.3875521019509332,0.45510930575863295,1458,9
whole2023_2024,L5-winnerB,ANYnegativeD5,0.6117969821673526,0.5817932922655715,0.6504831268830975,1458,9
whole2023_2024,L5-winnerB,D1bull,0.4547325102880658,0.4306292473354845,0.4804920920690659,1458,9
whole2023_2024,L5-winnerB,FPtargetFirstLower,0.2935528120713306,0.2669766737615237,0.32238689805921705,1458,9
whole2023_2024,L5-winnerB,FPtargetFirstUpper,0.31275720164609055,0.2868762048179966,0.3418036370940693,1458,9
whole2023_2024,L5-winnerB,FPnegativeCertain,0.6385459533607681,0.6098892637136991,0.6678061733628395,1458,9
whole2023_2024,L5-winnerB,FPnegativePossible,0.6577503429355281,0.6276459171331327,0.687672314100093,1458,9
whole2023_2024,L5-winnerB,FPloss5Certain,0.5994513031550068,0.5710094379058385,0.6300699800862226,1458,9
whole2023_2024,L5-winnerB,FPloss5Possible,0.6186556927297668,0.588477366255144,0.6497678358298803,1458,9
whole2023_2024,L5-winnerB,FPambiguous,0.019204389574759947,0.012362425237768409,0.025378537185524585,1458,9
whole2023_2024,L5-winnerB,FPstopBeforeLaterTouch,0.11659807956104253,0.0986943604308315,0.1310013717421125,1458,9
whole2023_2024,L5-winnerB,netD5,-0.011384913495869353,-0.02352537312498662,-0.00035361362707036196,1458,9
whole2023_2024,L5-winnerB,FPnetLower,-0.0043900516445718974,-0.008649351319640642,0.00012100908731397683,1458,9
whole2023_2024,L5-winnerB,FPnetUpper,-0.0015093932083578962,-0.005564382240893817,0.002849195384590896,1458,9
whole2023_2024,L5-winnerB,targetOnlyNet,-0.003328889063959129,-0.010923762087461238,0.003292348221791013,1458,9
whole2023_2024,L5-winnerB,strictCoverage,0.9938650306748467,0.9877300613496932,0.9979550102249489,1467,9
whole2023_2024,L5-winnerB,scoreAll3AtLeast70,0.016359918200409,0.002044989775051125,0.03680981595092025,489,9
whole2023_2024,L5-winnerB,all3Touch,0.08316008316008316,0.05624707640332641,0.11111694677871148,481,9
whole2023_2024,L5-winnerB,threePicksCoverage,1.0,1.0,1.0,489,9
whole2023_2024,currentOverall,touch,0.2341296928327645,0.2113156100886162,0.2556237218813906,1465,2
whole2023_2024,currentOverall,L5,0.2764505119453925,0.24948731961375806,0.3058086666620136,1465,2
whole2023_2024,currentOverall,ANYnegativeD5,0.5815699658703072,0.551134893769585,0.6120246516253758,1465,2
whole2023_2024,currentOverall,D1bull,0.4116040955631399,0.38413957425499756,0.44171779141104295,1465,2
whole2023_2024,currentOverall,FPtargetFirstLower,0.1924914675767918,0.17108916658285558,0.2154129413653273,1465,2
whole2023_2024,currentOverall,FPtargetFirstUpper,0.20273037542662117,0.17995910020449898,0.2248149487491082,1465,2
whole2023_2024,currentOverall,FPnegativeCertain,0.6225255972696245,0.5930331455851253,0.6521197927150195,1465,2
whole2023_2024,currentOverall,FPnegativePossible,0.6327645051194539,0.6013651877133106,0.6634805943380556,1465,2
whole2023_2024,currentOverall,FPloss5Certain,0.4928327645051195,0.45936860068259383,0.5262440354464895,1465,2
whole2023_2024,currentOverall,FPloss5Possible,0.5030716723549488,0.46793089319222053,0.5378414826036375,1465,2
whole2023_2024,currentOverall,FPambiguous,0.010238907849829351,0.005460657729933091,0.016382252559726963,1465,2
whole2023_2024,currentOverall,FPstopBeforeLaterTouch,0.041638225255972695,0.03135650988411725,0.05252477080025516,1465,2
whole2023_2024,currentOverall,netD5,-0.0032702449728126675,-0.008886876179977105,0.002565972897916254,1465,2
whole2023_2024,currentOverall,FPnetLower,-0.005360585410794218,-0.009040113980312391,-0.0014634955943829853,1465,2
whole2023_2024,currentOverall,FPnetUpper,-0.003824749233319814,-0.007364219224163096,3.289629016100536e-05,1465,2
whole2023_2024,currentOverall,targetOnlyNet,-0.0018831004893482069,-0.006350447791040457,0.002245880873340472,1465,2
whole2023_2024,currentOverall,strictCoverage,0.9986366734832992,0.9959100204498977,1.0,1467,2
whole2023_2024,currentOverall,scoreAll3AtLeast70,1.0,1.0,1.0,489,2
whole2023_2024,currentOverall,all3Touch,0.024640657084188913,0.012269938650306749,0.037037037037037035,487,2
whole2023_2024,currentOverall,threePicksCoverage,1.0,1.0,1.0,489,2
whole2023_2024,ATRbaseline,touch,0.028708133971291867,0.019795221843003412,0.03830434900668638,1463,4
whole2023_2024,ATRbaseline,L5,0.04579630895420369,0.02872678903814671,0.06352459016393443,1463,4
whole2023_2024,ATRbaseline,ANYnegativeD5,0.5297334244702666,0.48463337353156183,0.5771884320827073,1463,4
whole2023_2024,ATRbaseline,D1bull,0.46206425153793573,0.4374401913875598,0.4904452233480324,1463,4
whole2023_2024,ATRbaseline,FPtargetFirstLower,0.028708133971291867,0.019795221843003412,0.03830434900668638,1463,4
whole2023_2024,ATRbaseline,FPtargetFirstUpper,0.028708133971291867,0.019795221843003412,0.03830434900668638,1463,4
whole2023_2024,ATRbaseline,FPnegativeCertain,0.5365686944634313,0.49142742052068755,0.5851020237732656,1463,4
whole2023_2024,ATRbaseline,FPnegativePossible,0.5365686944634313,0.49142742052068755,0.5851020237732656,1463,4
whole2023_2024,ATRbaseline,FPloss5Certain,0.08749145591250855,0.057967766407936945,0.12081911262798635,1463,4
whole2023_2024,ATRbaseline,FPloss5Possible,0.08749145591250855,0.057967766407936945,0.12081911262798635,1463,4
whole2023_2024,ATRbaseline,FPambiguous,0.0,0.0,0.0,1463,4
whole2023_2024,ATRbaseline,FPstopBeforeLaterTouch,0.0,0.0,0.0,1463,4
whole2023_2024,ATRbaseline,netD5,-0.000496704167466788,-0.00354715220073855,0.0025960317462452964,1463,4
whole2023_2024,ATRbaseline,FPnetLower,-0.0009182933681695472,-0.003882735603707166,0.0021273220039811557,1463,4
whole2023_2024,ATRbaseline,FPnetUpper,-0.0009182933681695472,-0.003882735603707166,0.0021273220039811557,1463,4
whole2023_2024,ATRbaseline,targetOnlyNet,-0.0005318536386382112,-0.0034734881066316994,0.002486916583310748,1463,4
whole2023_2024,ATRbaseline,strictCoverage,0.9972733469665985,0.994546693933197,1.0,1467,4
whole2023_2024,ATRbaseline,scoreAll3AtLeast70,0.0,0.0,0.0,489,4
whole2023_2024,ATRbaseline,all3Touch,0.0,0.0,0.0,485,4
whole2023_2024,ATRbaseline,threePicksCoverage,1.0,1.0,1.0,489,4
whole2023_2024,L0-winnerA,touch,0.43600273785078714,0.40451053660564557,0.46448760673690825,1461,6
whole2023_2024,L0-winnerA,L5,0.39630390143737165,0.36456748434749725,0.4343439574865331,1461,6
whole2023_2024,L0-winnerA,ANYnegativeD5,0.5824777549623545,0.5519776888392158,0.6162881912497223,1461,6
whole2023_2024,L0-winnerA,D1bull,0.4887063655030801,0.46269422274962335,0.5119780971937029,1461,6
whole2023_2024,L0-winnerA,FPtargetFirstLower,0.3141683778234086,0.28757228243012073,0.3383358635333217,1461,6
whole2023_2024,L0-winnerA,FPtargetFirstUpper,0.3333333333333333,0.30616298502270567,0.35743767403614346,1461,6
whole2023_2024,L0-winnerA,FPnegativeCertain,0.6194387405886379,0.5934478155577458,0.6487081233489556,1461,6
whole2023_2024,L0-winnerA,FPnegativePossible,0.6386036960985626,0.6122025577984412,0.6684894989653462,1461,6
whole2023_2024,L0-winnerA,FPloss5Certain,0.5797399041752225,0.5524295894574746,0.6099802099708063,1461,6
whole2023_2024,L0-winnerA,FPloss5Possible,0.5989048596851472,0.5717213114754098,0.6282686675083533,1461,6
whole2023_2024,L0-winnerA,FPambiguous,0.019164955509924708,0.011627708277035083,0.026762840770235524,1461,6
whole2023_2024,L0-winnerA,FPstopBeforeLaterTouch,0.1218343600273785,0.10143934201507881,0.14041604329328158,1461,6
whole2023_2024,L0-winnerA,netD5,-0.0017257919241360062,-0.012980801202147077,0.009167526423512188,1461,6
whole2023_2024,L0-winnerA,FPnetLower,-0.0018061792946341315,-0.0061241909519948855,0.00237090732544228,1461,6
whole2023_2024,L0-winnerA,FPnetUpper,0.0010685640318545673,-0.0032013232182835794,0.005026189886643476,1461,6
whole2023_2024,L0-winnerA,targetOnlyNet,-0.002935307143798016,-0.011036637069135734,0.004201264925486634,1461,6
whole2023_2024,L0-winnerA,strictCoverage,0.9959100204498977,0.9925017041581459,0.9993183367416496,1467,6
whole2023_2024,L0-winnerA,scoreAll3AtLeast70,0.002044989775051125,0.0,0.006134969325153374,489,6
whole2023_2024,L0-winnerA,all3Touch,0.10537190082644628,0.07834648508760765,0.13196557893839994,484,6
whole2023_2024,L0-winnerA,threePicksCoverage,1.0,1.0,1.0,489,6
whole2023_2024,L0-winnerB,touch,0.41626794258373206,0.38739539675395906,0.44224196855775805,1463,4
whole2023_2024,L0-winnerB,L5,0.430622009569378,0.39876199561832076,0.46885801165224056,1463,4
whole2023_2024,L0-winnerB,ANYnegativeD5,0.596719070403281,0.5723033181269717,0.6260315554392719,1463,4
whole2023_2024,L0-winnerB,D1bull,0.45659603554340394,0.42876468045925176,0.4822563440377273,1463,4
whole2023_2024,L0-winnerB,FPtargetFirstLower,0.29801777170198224,0.2705465416573097,0.3226524035490897,1463,4
whole2023_2024,L0-winnerB,FPtargetFirstUpper,0.31852358168147643,0.2896974548129995,0.3433912405663542,1463,4
whole2023_2024,L0-winnerB,FPnegativeCertain,0.6356801093643198,0.6089535627463475,0.6648484084854595,1463,4
whole2023_2024,L0-winnerB,FPnegativePossible,0.6561859193438141,0.6270471465760034,0.6851165813660827,1463,4
whole2023_2024,L0-winnerB,FPloss5Certain,0.6062884483937115,0.5805291079902386,0.6377368766551251,1463,4
whole2023_2024,L0-winnerB,FPloss5Possible,0.6267942583732058,0.5990368642358505,0.6575642174083386,1463,4
whole2023_2024,L0-winnerB,FPambiguous,0.02050580997949419,0.013004791238877482,0.027484419125523407,1463,4
whole2023_2024,L0-winnerB,FPstopBeforeLaterTouch,0.11825017088174983,0.10176406935514638,0.13583849708125853,1463,4
whole2023_2024,L0-winnerB,netD5,-0.011590344433034682,-0.022501469838914986,-0.0012045150351039813,1463,4
whole2023_2024,L0-winnerB,FPnetLower,-0.004602320981918312,-0.009095535512930462,-0.0002882721802977045,1463,4
whole2023_2024,L0-winnerB,FPnetUpper,-0.0015264494849941777,-0.005940210178426863,0.0025043193414679946,1463,4
whole2023_2024,L0-winnerB,targetOnlyNet,-0.00750456065870994,-0.015207638262617944,-0.0006638533196533206,1463,4
whole2023_2024,L0-winnerB,strictCoverage,0.9972733469665985,0.9918200408997955,1.0,1467,4
whole2023_2024,L0-winnerB,scoreAll3AtLeast70,0.0,0.0,0.0,489,4
whole2023_2024,L0-winnerB,all3Touch,0.09053497942386832,0.0640462852517679,0.11705205360333018,486,4
whole2023_2024,L0-winnerB,threePicksCoverage,1.0,1.0,1.0,489,4
whole2023_2024,FP-winnerFP,touch,0.2818057455540356,0.2544338335607094,0.30849738966310336,1462,5
whole2023_2024,FP-winnerFP,L5,0.31874145006839943,0.2870740529688979,0.35476153124988324,1462,5
whole2023_2024,FP-winnerFP,ANYnegativeD5,0.5800273597811217,0.5472602739726027,0.621160409556314,1462,5
whole2023_2024,FP-winnerFP,D1bull,0.42476060191518467,0.4021887824897401,0.4487021624318809,1462,5
whole2023_2024,FP-winnerFP,FPtargetFirstLower,0.22571819425444598,0.19931400714255781,0.24982888432580425,1462,5
whole2023_2024,FP-winnerFP,FPtargetFirstUpper,0.2332421340629275,0.2077886594280037,0.2558382659676419,1462,5
whole2023_2024,FP-winnerFP,FPnegativeCertain,0.6258549931600548,0.5946476675811571,0.6630399638681561,1462,5
whole2023_2024,FP-winnerFP,FPnegativePossible,0.6333789329685362,0.6027134859039693,0.6703261076170117,1462,5
whole2023_2024,FP-winnerFP,FPloss5Certain,0.5239398084815321,0.4911080711354309,0.5604921394395078,1462,5
whole2023_2024,FP-winnerFP,FPloss5Possible,0.5314637482900136,0.4986355563789751,0.5684044835491145,1462,5
whole2023_2024,FP-winnerFP,FPambiguous,0.007523939808481532,0.003419972640218878,0.011643835616438357,1462,5
whole2023_2024,FP-winnerFP,FPstopBeforeLaterTouch,0.0560875512995896,0.04445964432284542,0.06844626967830253,1462,5
whole2023_2024,FP-winnerFP,netD5,-0.0021929599311636947,-0.010720254826095661,0.0052221358018186516,1462,5
whole2023_2024,FP-winnerFP,FPnetLower,-0.004968820320297643,-0.009704158054746259,-0.0011163376274342573,1462,5
whole2023_2024,FP-winnerFP,FPnetUpper,-0.003840229349025415,-0.008609555343394163,-0.0001760739277368011,1462,5
whole2023_2024,FP-winnerFP,targetOnlyNet,-0.004731656382092479,-0.011667337268942325,0.0012596350026898712,1462,5
whole2023_2024,FP-winnerFP,strictCoverage,0.9965916837082481,0.9931663258350375,0.9993183367416496,1467,5
whole2023_2024,FP-winnerFP,scoreAll3AtLeast70,0.002044989775051125,0.0,0.006134969325153374,489,5
whole2023_2024,FP-winnerFP,all3Touch,0.03917525773195876,0.018518518518518517,0.05992045668429068,485,5
whole2023_2024,FP-winnerFP,threePicksCoverage,1.0,1.0,1.0,489,5
2023,L5-winnerA,touch,0.46301369863013697,0.4271927882723337,0.5007012353241833,730,5
2023,L5-winnerA,L5,0.4095890410958904,0.36985407571880174,0.45867768595041325,730,5
2023,L5-winnerA,ANYnegativeD5,0.6205479452054794,0.5729780971425368,0.6648353527457495,730,5
2023,L5-winnerA,D1bull,0.4506849315068493,0.41402197056773005,0.4856124375063769,730,5
2023,L5-winnerA,FPtargetFirstLower,0.32465753424657534,0.28589994804631724,0.3607748567519987,730,5
2023,L5-winnerA,FPtargetFirstUpper,0.3356164383561644,0.2986163066385669,0.37123287671232874,730,5
2023,L5-winnerA,FPnegativeCertain,0.6356164383561644,0.6008230452674898,0.6739733564470238,730,5
2023,L5-winnerA,FPnegativePossible,0.6465753424657534,0.6093460073247633,0.6867305061559508,730,5
2023,L5-winnerA,FPloss5Certain,0.5972602739726027,0.5620671577740132,0.6429548563611491,730,5
2023,L5-winnerA,FPloss5Possible,0.6082191780821918,0.5720066360130025,0.6529583873314689,730,5
2023,L5-winnerA,FPambiguous,0.010958904109589041,0.005416515185019997,0.01783264746227709,730,5
2023,L5-winnerA,FPstopBeforeLaterTouch,0.13835616438356163,0.11675423770331178,0.16214754955022206,730,5
2023,L5-winnerA,netD5,0.0005551193227019298,-0.015133508865820943,0.019633623601239485,730,5
2023,L5-winnerA,FPnetLower,-0.0015279498606824496,-0.0076006185180974815,0.00403706555804199,730,5
2023,L5-winnerA,FPnetUpper,0.00011588575575590386,-0.005816910137856817,0.005473415162792888,730,5
2023,L5-winnerA,targetOnlyNet,0.0012535761002245977,-0.008696041137268025,0.01046237800312267,730,5
2023,L5-winnerA,strictCoverage,0.9931972789115646,0.9863945578231292,0.9972789115646259,735,5
2023,L5-winnerA,scoreAll3AtLeast70,0.00816326530612245,0.0,0.02040816326530612,245,5
2023,L5-winnerA,all3Touch,0.14166666666666666,0.10082978798213847,0.18181818181818182,240,5
2023,L5-winnerA,threePicksCoverage,1.0,1.0,1.0,245,5
2023,L5-winnerB,touch,0.41426611796982166,0.3656443106754741,0.4652155222910439,729,6
2023,L5-winnerB,L5,0.38820301783264743,0.3397162562137138,0.44644392316761644,729,6
2023,L5-winnerB,ANYnegativeD5,0.598079561042524,0.5480703551912569,0.658469799000102,729,6
2023,L5-winnerB,D1bull,0.4567901234567901,0.4224783740656757,0.4924559344265987,729,6
2023,L5-winnerB,FPtargetFirstLower,0.28669410150891633,0.24584073494211692,0.3324214338165404,729,6
2023,L5-winnerB,FPtargetFirstUpper,0.3100137174211248,0.2672038567493113,0.3524609840563089,729,6
2023,L5-winnerB,FPnegativeCertain,0.6474622770919067,0.6054667751456898,0.6956162724422912,729,6
2023,L5-winnerB,FPnegativePossible,0.6707818930041153,0.6275768238329815,0.7184075936199723,729,6
2023,L5-winnerB,FPloss5Certain,0.5994513031550068,0.556602977286679,0.6515909307822298,729,6
2023,L5-winnerB,FPloss5Possible,0.6227709190672154,0.5763161613687324,0.6744288878342034,729,6
2023,L5-winnerB,FPambiguous,0.023319615912208505,0.0136986301369863,0.03034903630015782,729,6
2023,L5-winnerB,FPstopBeforeLaterTouch,0.12757201646090535,0.10178118920795573,0.15205479452054796,729,6
2023,L5-winnerB,netD5,-0.0051485512905656335,-0.023591900623345128,0.01254635477259047,729,6
2023,L5-winnerB,FPnetLower,-0.005546403662584585,-0.012099911184289953,0.0014376185923704171,729,6
2023,L5-winnerB,FPnetUpper,-0.002048461275753316,-0.008780495326165249,0.004450251962540876,729,6
2023,L5-winnerB,targetOnlyNet,0.0005735667343995674,-0.011189030538488399,0.011056696417411652,729,6
2023,L5-winnerB,strictCoverage,0.9918367346938776,0.9823129251700681,0.998639455782313,735,6
2023,L5-winnerB,scoreAll3AtLeast70,0.00816326530612245,0.0,0.02857142857142857,245,6
2023,L5-winnerB,all3Touch,0.09166666666666666,0.053497942386831275,0.1393564184495693,240,6
2023,L5-winnerB,threePicksCoverage,1.0,1.0,1.0,245,6
2023,currentOverall,touch,0.22857142857142856,0.20272108843537415,0.26258503401360545,735,0
2023,currentOverall,L5,0.25170068027210885,0.20812925170068028,0.2925170068027211,735,0
2023,currentOverall,ANYnegativeD5,0.5578231292517006,0.5183673469387755,0.5945578231292517,735,0
2023,currentOverall,D1bull,0.3986394557823129,0.3659863945578231,0.4448979591836735,735,0
2023,currentOverall,FPtargetFirstLower,0.18095238095238095,0.14965986394557823,0.21768707482993196,735,0
2023,currentOverall,FPtargetFirstUpper,0.19183673469387755,0.1632312925170068,0.22857142857142856,735,0
2023,currentOverall,FPnegativeCertain,0.6217687074829932,0.580952380952381,0.6653061224489796,735,0
2023,currentOverall,FPnegativePossible,0.6326530612244898,0.5904421768707483,0.6802721088435374,735,0
2023,currentOverall,FPloss5Certain,0.48707482993197276,0.43945578231292515,0.5496598639455782,735,0
2023,currentOverall,FPloss5Possible,0.49795918367346936,0.45030612244897955,0.5591836734693878,735,0
2023,currentOverall,FPambiguous,0.010884353741496598,0.004081632653061225,0.01904761904761905,735,0
2023,currentOverall,FPstopBeforeLaterTouch,0.047619047619047616,0.036734693877551024,0.06258503401360545,735,0
2023,currentOverall,netD5,0.0011791359320330963,-0.004864352952404726,0.007205851115041572,735,0
2023,currentOverall,FPnetLower,-0.005801057753844075,-0.011599833363373009,-0.00018865696816601645,735,0
2023,currentOverall,FPnetUpper,-0.004168404692619584,-0.009675638290126954,0.001349853155133503,735,0
2023,currentOverall,targetOnlyNet,0.0011185355560573683,-0.0039128452134852545,0.006486139237017565,735,0
2023,currentOverall,strictCoverage,1.0,1.0,1.0,735,0
2023,currentOverall,scoreAll3AtLeast70,1.0,1.0,1.0,245,0
2023,currentOverall,all3Touch,0.00816326530612245,0.0,0.02040816326530612,245,0
2023,currentOverall,threePicksCoverage,1.0,1.0,1.0,245,0
2023,ATRbaseline,touch,0.03283173734610123,0.02188782489740082,0.04377564979480164,731,4
2023,ATRbaseline,L5,0.03419972640218878,0.017855919765166338,0.05184174624829468,731,4
2023,ATRbaseline,ANYnegativeD5,0.5143638850889193,0.4482253465552925,0.5814009315085974,731,4
2023,ATRbaseline,D1bull,0.47058823529411764,0.4372350023618328,0.5047752242811525,731,4
2023,ATRbaseline,FPtargetFirstLower,0.03283173734610123,0.02188782489740082,0.04377564979480164,731,4
2023,ATRbaseline,FPtargetFirstUpper,0.03283173734610123,0.02188782489740082,0.04377564979480164,731,4
2023,ATRbaseline,FPnegativeCertain,0.521203830369357,0.45764737255782617,0.5879262198706643,731,4
2023,ATRbaseline,FPnegativePossible,0.521203830369357,0.45764737255782617,0.5879262198706643,731,4
2023,ATRbaseline,FPloss5Certain,0.07523939808481532,0.045205479452054796,0.11172043150651832,731,4
2023,ATRbaseline,FPloss5Possible,0.07523939808481532,0.045205479452054796,0.11172043150651832,731,4
2023,ATRbaseline,FPambiguous,0.0,0.0,0.0,731,4
2023,ATRbaseline,FPstopBeforeLaterTouch,0.0,0.0,0.0,731,4
2023,ATRbaseline,netD5,0.00032195779587673663,-0.0035441558416991256,0.0037400278202020737,731,4
2023,ATRbaseline,FPnetLower,0.00020384777032190728,-0.00373252792955752,0.003563266128242951,731,4
2023,ATRbaseline,FPnetUpper,0.00020384777032190728,-0.00373252792955752,0.003563266128242951,731,4
2023,ATRbaseline,targetOnlyNet,0.00084089802107372,-0.0031203879863346043,0.0042860942101539895,731,4
2023,ATRbaseline,strictCoverage,0.9945578231292517,0.9877551020408163,1.0,735,4
2023,ATRbaseline,scoreAll3AtLeast70,0.0,0.0,0.0,245,4
2023,ATRbaseline,all3Touch,0.0,0.0,0.0,241,4
2023,ATRbaseline,threePicksCoverage,1.0,1.0,1.0,245,4
2023,L0-winnerA,touch,0.4074074074074074,0.3686255800595553,0.44293134546667123,729,6
2023,L0-winnerA,L5,0.38545953360768176,0.3374485596707819,0.43716915154377206,729,6
2023,L0-winnerA,ANYnegativeD5,0.5953360768175583,0.5467000978473581,0.646583372697213,729,6
2023,L0-winnerA,D1bull,0.47050754458161864,0.4299353788476717,0.5034555595334552,729,6
2023,L0-winnerA,FPtargetFirstLower,0.299039780521262,0.2653737856516901,0.3305901302030628,729,6
2023,L0-winnerA,FPtargetFirstUpper,0.31550068587105623,0.2790546144766644,0.34788689753125646,729,6
2023,L0-winnerA,FPnegativeCertain,0.6364883401920439,0.5972326132771338,0.6794520547945205,729,6
2023,L0-winnerA,FPnegativePossible,0.6529492455418381,0.6162283149555401,0.6934632394875445,729,6
2023,L0-winnerA,FPloss5Certain,0.5871056241426612,0.5463283430456545,0.6296296296296297,729,6
2023,L0-winnerA,FPloss5Possible,0.6035665294924554,0.5649690041490657,0.6423683838631268,729,6
2023,L0-winnerA,FPambiguous,0.01646090534979424,0.00819672131147541,0.024657534246575342,729,6
2023,L0-winnerA,FPstopBeforeLaterTouch,0.1083676268861454,0.0852761314985575,0.133989221214257,729,6
2023,L0-winnerA,netD5,-0.0005946738536158739,-0.015675822219899105,0.014110358904851876,729,6
2023,L0-winnerA,FPnetLower,-0.004026158545396259,-0.010116446575188455,0.001103149600573408,729,6
2023,L0-winnerA,FPnetUpper,-0.001557022742927128,-0.007889964166981319,0.0039648173713133774,729,6
2023,L0-winnerA,targetOnlyNet,-0.005076896211223341,-0.01689333158198564,0.004743718645459223,729,6
2023,L0-winnerA,strictCoverage,0.9918367346938776,0.9850340136054422,0.9972789115646259,735,6
2023,L0-winnerA,scoreAll3AtLeast70,0.0,0.0,0.0,245,6
2023,L0-winnerA,all3Touch,0.10833333333333334,0.07468879668049792,0.1446280991735537,240,6
2023,L0-winnerA,threePicksCoverage,1.0,1.0,1.0,245,6
2023,L0-winnerB,touch,0.40027322404371585,0.37142857142857144,0.4303378477141379,732,3
2023,L0-winnerB,L5,0.4180327868852459,0.37056336638823123,0.463133065327757,732,3
2023,L0-winnerB,ANYnegativeD5,0.5956284153005464,0.5564735480969247,0.6366150886584142,732,3
2023,L0-winnerB,D1bull,0.4494535519125683,0.4163265306122449,0.4816326530612245,732,3
2023,L0-winnerB,FPtargetFirstLower,0.2937158469945355,0.2612244897959184,0.3292735030738567,732,3
2023,L0-winnerB,FPtargetFirstUpper,0.3128415300546448,0.2789115646258503,0.345679012345679,732,3
2023,L0-winnerB,FPnegativeCertain,0.6420765027322405,0.6035665294924554,0.6802735028437604,732,3
2023,L0-winnerB,FPnegativePossible,0.6612021857923497,0.6202185792349727,0.6967213114754098,732,3
2023,L0-winnerB,FPloss5Certain,0.6038251366120219,0.56461808789906,0.6462585034013606,732,3
2023,L0-winnerB,FPloss5Possible,0.6229508196721312,0.581601998824221,0.6625687242109959,732,3
2023,L0-winnerB,FPambiguous,0.01912568306010929,0.009523809523809525,0.0273224043715847,732,3
2023,L0-winnerB,FPstopBeforeLaterTouch,0.10655737704918032,0.08571428571428572,0.12789115646258503,732,3
2023,L0-winnerB,netD5,-0.00749115516803141,-0.02087165441456291,0.007229333270656917,732,3
2023,L0-winnerB,FPnetLower,-0.005541887984435983,-0.010664736193326491,0.0007602333939349585,732,3
2023,L0-winnerB,FPnetUpper,-0.002673035525419597,-0.007793391463639211,0.003240550312584902,732,3
2023,L0-winnerB,targetOnlyNet,-0.008554403217110398,-0.017746692207632798,3.4252129406703245e-05,732,3
2023,L0-winnerB,strictCoverage,0.9959183673469387,0.9877551020408163,1.0,735,3
2023,L0-winnerB,scoreAll3AtLeast70,0.0,0.0,0.0,245,3
2023,L0-winnerB,all3Touch,0.06172839506172839,0.04081632653061224,0.09130540460771887,243,3
2023,L0-winnerB,threePicksCoverage,1.0,1.0,1.0,245,3
2023,FP-winnerFP,touch,0.29726027397260274,0.26098750975800156,0.3406702544031311,730,5
2023,FP-winnerFP,L5,0.30547945205479454,0.2653828772117076,0.355679456487425,730,5
2023,FP-winnerFP,ANYnegativeD5,0.5643835616438356,0.5129783756811912,0.6219261816950173,730,5
2023,FP-winnerFP,D1bull,0.4273972602739726,0.3892652295980856,0.45655471232746764,730,5
2023,FP-winnerFP,FPtargetFirstLower,0.24246575342465754,0.2100900240850218,0.2837750393248794,730,5
2023,FP-winnerFP,FPtargetFirstUpper,0.24794520547945206,0.2162534435261708,0.28728282938523286,730,5
2023,FP-winnerFP,FPnegativeCertain,0.6054794520547945,0.5541305879700096,0.6574975033445761,730,5
2023,FP-winnerFP,FPnegativePossible,0.6109589041095891,0.558712946328318,0.6616777053381319,730,5
2023,FP-winnerFP,FPloss5Certain,0.5178082191780822,0.4704914313095439,0.5682766157904654,730,5
2023,FP-winnerFP,FPloss5Possible,0.5232876712328767,0.476710729339154,0.5718291169201981,730,5
2023,FP-winnerFP,FPambiguous,0.005479452054794521,0.0,0.009615715268225584,730,5
2023,FP-winnerFP,FPstopBeforeLaterTouch,0.0547945205479452,0.039670327719345456,0.0725059029664749,730,5
2023,FP-winnerFP,netD5,0.0013442222801195204,-0.010995822608754653,0.014260987623671603,730,5
2023,FP-winnerFP,FPnetLower,-0.002200906576096132,-0.009184358478772331,0.004719451810308441,730,5
2023,FP-winnerFP,FPnetUpper,-0.0013789887678769559,-0.008359649960093979,0.005619562847719576,730,5
2023,FP-winnerFP,targetOnlyNet,-0.0020776198071806745,-0.012953545529049896,0.007999704650743565,730,5
2023,FP-winnerFP,strictCoverage,0.9931972789115646,0.9850340136054422,0.998639455782313,735,5
2023,FP-winnerFP,scoreAll3AtLeast70,0.0,0.0,0.0,245,5
2023,FP-winnerFP,all3Touch,0.04149377593360996,0.012345679012345678,0.0794979079497908,241,5
2023,FP-winnerFP,threePicksCoverage,1.0,1.0,1.0,245,5
2023Q1,L5-winnerA,touch,0.4972972972972973,0.44565217391304346,0.5913978494623656,185,1
2023Q1,L5-winnerA,L5,0.3567567567567568,0.2849462365591398,0.44506987577639745,185,1
2023Q1,L5-winnerA,ANYnegativeD5,0.5351351351351351,0.44021739130434784,0.6270270270270271,185,1
2023Q1,L5-winnerA,D1bull,0.4702702702702703,0.3924731182795699,0.556772264067346,185,1
2023Q1,L5-winnerA,FPtargetFirstLower,0.3783783783783784,0.34054054054054056,0.4648648648648649,185,1
2023Q1,L5-winnerA,FPtargetFirstUpper,0.3891891891891892,0.3513107369664747,0.47855411598801334,185,1
2023Q1,L5-winnerA,FPnegativeCertain,0.5783783783783784,0.4946236559139785,0.6195652173913043,185,1
2023Q1,L5-winnerA,FPnegativePossible,0.5891891891891892,0.5053763440860215,0.625,185,1
2023Q1,L5-winnerA,FPloss5Certain,0.5513513513513514,0.4731182795698925,0.6054054054054054,185,1
2023Q1,L5-winnerA,FPloss5Possible,0.5621621621621622,0.4864864864864865,0.6108410869886279,185,1
2023Q1,L5-winnerA,FPambiguous,0.010810810810810811,0.0,0.021621621621621623,185,1
2023Q1,L5-winnerA,FPstopBeforeLaterTouch,0.11891891891891893,0.08648648648648649,0.14132365169874075,185,1
2023Q1,L5-winnerA,netD5,0.02345999250708628,-0.007620617822006375,0.0614280474152548,185,1
2023Q1,L5-winnerA,FPnetLower,0.006437078664728434,0.001325579257034833,0.02025032176032459,185,1
2023Q1,L5-winnerA,FPnetUpper,0.008058700286350055,0.0023462902514864185,0.021840403739117248,185,1
2023Q1,L5-winnerA,targetOnlyNet,0.013140068031492477,9.846756050881376e-05,0.03232840622231027,185,1
2023Q1,L5-winnerA,strictCoverage,0.9946236559139785,0.9838709677419355,1.0,186,1
2023Q1,L5-winnerA,scoreAll3AtLeast70,0.0,0.0,0.0,62,1
2023Q1,L5-winnerA,all3Touch,0.11475409836065574,0.05,0.20967741935483872,61,1
2023Q1,L5-winnerA,threePicksCoverage,1.0,1.0,1.0,62,1
2023Q1,L5-winnerB,touch,0.5027027027027027,0.38701394943330425,0.6250506756756756,185,1
2023Q1,L5-winnerB,L5,0.2972972972972973,0.1989247311827957,0.4176048136645963,185,1
2023Q1,L5-winnerB,ANYnegativeD5,0.4648648648648649,0.34054054054054056,0.5946490845684393,185,1
2023Q1,L5-winnerB,D1bull,0.4972972972972973,0.4262295081967213,0.5860215053763441,185,1
2023Q1,L5-winnerB,FPtargetFirstLower,0.3567567567567568,0.2608695652173913,0.47034147050276076,185,1
2023Q1,L5-winnerB,FPtargetFirstUpper,0.3837837837837838,0.2864864864864865,0.4918918918918919,185,1
2023Q1,L5-winnerB,FPnegativeCertain,0.5675675675675675,0.46236559139784944,0.6756756756756757,185,1
2023Q1,L5-winnerB,FPnegativePossible,0.5945945945945946,0.478494623655914,0.7033372365339579,185,1
2023Q1,L5-winnerB,FPloss5Certain,0.5405405405405406,0.424710729312763,0.6486892630335254,185,1
2023Q1,L5-winnerB,FPloss5Possible,0.5675675675675675,0.44086021505376344,0.6756756756756757,185,1
2023Q1,L5-winnerB,FPambiguous,0.02702702702702703,0.010752688172043012,0.03804347826086957,185,1
2023Q1,L5-winnerB,FPstopBeforeLaterTouch,0.14594594594594595,0.08064516129032258,0.19128310214375785,185,1
2023Q1,L5-winnerB,netD5,0.034104880664440396,-0.006792734726001754,0.07318195603475977,185,1
2023Q1,L5-winnerB,FPnetLower,0.005035436651997505,-0.010462478153001002,0.023620411670690858,185,1
2023Q1,L5-winnerB,FPnetUpper,0.009089490706051561,-0.006407954565604943,0.026233658280665414,185,1
2023Q1,L5-winnerB,targetOnlyNet,0.021000543465054804,-0.003015332174165212,0.04447107316564662,185,1
2023Q1,L5-winnerB,strictCoverage,0.9946236559139785,0.9838709677419355,1.0,186,1
2023Q1,L5-winnerB,scoreAll3AtLeast70,0.0,0.0,0.0,62,1
2023Q1,L5-winnerB,all3Touch,0.14754098360655737,0.03225806451612903,0.27423526140155724,61,1
2023Q1,L5-winnerB,threePicksCoverage,1.0,1.0,1.0,62,1
2023Q1,currentOverall,touch,0.22580645161290322,0.1881720430107527,0.27956989247311825,186,0
2023Q1,currentOverall,L5,0.1935483870967742,0.10215053763440861,0.25806451612903225,186,0
2023Q1,currentOverall,ANYnegativeD5,0.510752688172043,0.42473118279569894,0.5698924731182796,186,0
2023Q1,currentOverall,D1bull,0.3978494623655914,0.3602150537634409,0.510752688172043,186,0
2023Q1,currentOverall,FPtargetFirstLower,0.1881720430107527,0.13440860215053763,0.24193548387096775,186,0
2023Q1,currentOverall,FPtargetFirstUpper,0.1935483870967742,0.1396505376344086,0.25268817204301075,186,0
2023Q1,currentOverall,FPnegativeCertain,0.5860215053763441,0.4838709677419355,0.6344086021505376,186,0
2023Q1,currentOverall,FPnegativePossible,0.5913978494623656,0.5,0.6397849462365591,186,0
2023Q1,currentOverall,FPloss5Certain,0.45698924731182794,0.3279569892473118,0.543010752688172,186,0
2023Q1,currentOverall,FPloss5Possible,0.46236559139784944,0.3387096774193548,0.543010752688172,186,0
2023Q1,currentOverall,FPambiguous,0.005376344086021506,0.0,0.016129032258064516,186,0
2023Q1,currentOverall,FPstopBeforeLaterTouch,0.03763440860215054,0.021505376344086023,0.06989247311827956,186,0
2023Q1,currentOverall,netD5,0.012666920104584095,0.001959427217593447,0.028954204001165423,186,0
2023Q1,currentOverall,FPnetLower,-0.002293692605961765,-0.01004122418271984,0.00941715311322669,186,0
2023Q1,currentOverall,FPnetUpper,-0.00148724099305854,-0.009888496738023658,0.011673417473470905,186,0
2023Q1,currentOverall,targetOnlyNet,0.007019355082903275,0.0003659604470755877,0.019492092496960992,186,0
2023Q1,currentOverall,strictCoverage,1.0,1.0,1.0,186,0
2023Q1,currentOverall,scoreAll3AtLeast70,1.0,1.0,1.0,62,0
2023Q1,currentOverall,all3Touch,0.0,0.0,0.0,62,0
2023Q1,currentOverall,threePicksCoverage,1.0,1.0,1.0,62,0
2023Q1,ATRbaseline,touch,0.02702702702702703,0.005376344086021506,0.043478260869565216,185,1
2023Q1,ATRbaseline,L5,0.032432432432432434,0.0,0.07526881720430108,185,1
2023Q1,ATRbaseline,ANYnegativeD5,0.5837837837837838,0.5108666432912576,0.7419354838709677,185,1
2023Q1,ATRbaseline,D1bull,0.4540540540540541,0.41933292426367463,0.5081081081081081,185,1
2023Q1,ATRbaseline,FPtargetFirstLower,0.02702702702702703,0.005376344086021506,0.043478260869565216,185,1
2023Q1,ATRbaseline,FPtargetFirstUpper,0.02702702702702703,0.005376344086021506,0.043478260869565216,185,1
2023Q1,ATRbaseline,FPnegativeCertain,0.5837837837837838,0.5108666432912576,0.7419354838709677,185,1
2023Q1,ATRbaseline,FPnegativePossible,0.5837837837837838,0.5108666432912576,0.7419354838709677,185,1
2023Q1,ATRbaseline,FPloss5Certain,0.05405405405405406,0.016304347826086956,0.10752688172043011,185,1
2023Q1,ATRbaseline,FPloss5Possible,0.05405405405405406,0.016304347826086956,0.10752688172043011,185,1
2023Q1,ATRbaseline,FPambiguous,0.0,0.0,0.0,185,1
2023Q1,ATRbaseline,FPstopBeforeLaterTouch,0.0,0.0,0.0,185,1
2023Q1,ATRbaseline,netD5,-0.0017736608110107068,-0.011216532458499448,0.0028666831190475544,185,1
2023Q1,ATRbaseline,FPnetLower,-0.0011610337479441089,-0.010577732594353056,0.00357210455642115,185,1
2023Q1,ATRbaseline,FPnetUpper,-0.0011610337479441089,-0.010577732594353056,0.00357210455642115,185,1
2023Q1,ATRbaseline,targetOnlyNet,-0.001183262965331462,-0.010732174097380986,0.003671480878143392,185,1
2023Q1,ATRbaseline,strictCoverage,0.9946236559139785,0.989247311827957,1.0,186,1
2023Q1,ATRbaseline,scoreAll3AtLeast70,0.0,0.0,0.0,62,1
2023Q1,ATRbaseline,all3Touch,0.0,0.0,0.0,61,1
2023Q1,ATRbaseline,threePicksCoverage,1.0,1.0,1.0,62,1
2023Q1,L0-winnerA,touch,0.44565217391304346,0.3783783783783784,0.5,184,2
2023Q1,L0-winnerA,L5,0.30434782608695654,0.20538076750783935,0.4372510135730653,184,2
2023Q1,L0-winnerA,ANYnegativeD5,0.5054347826086957,0.4065934065934066,0.6229684470297903,184,2
2023Q1,L0-winnerA,D1bull,0.5271739130434783,0.4462219495091164,0.5892135578201152,184,2
2023Q1,L0-winnerA,FPtargetFirstLower,0.3423913043478261,0.2747119815668203,0.4076086956521739,184,2
2023Q1,L0-winnerA,FPtargetFirstUpper,0.358695652173913,0.28020353302611367,0.42859083850931673,184,2
2023Q1,L0-winnerA,FPnegativeCertain,0.5815217391304348,0.47825489727663645,0.6902173913043478,184,2
2023Q1,L0-winnerA,FPnegativePossible,0.5978260869565217,0.5,0.6940306486101211,184,2
2023Q1,L0-winnerA,FPloss5Certain,0.5434782608695652,0.45108695652173914,0.6486892630335254,184,2
2023Q1,L0-winnerA,FPloss5Possible,0.5597826086956522,0.4702070619006103,0.6540961453256534,184,2
2023Q1,L0-winnerA,FPambiguous,0.016304347826086956,0.0,0.02717391304347826,184,2
2023Q1,L0-winnerA,FPstopBeforeLaterTouch,0.10326086956521739,0.07027027027027027,0.12637362637362637,184,2
2023Q1,L0-winnerA,netD5,0.02879955516520485,-0.003306214075075313,0.0526900031795493,184,2
2023Q1,L0-winnerA,FPnetLower,0.004127469536116102,-0.008293969226793435,0.016034964541872605,184,2
2023Q1,L0-winnerA,FPnetUpper,0.006573121710029146,-0.007268373914273209,0.01944776029748644,184,2
2023Q1,L0-winnerA,targetOnlyNet,0.010662094198584708,-0.011957429837539654,0.02667606336017918,184,2
2023Q1,L0-winnerA,strictCoverage,0.989247311827957,0.978494623655914,1.0,186,2
2023Q1,L0-winnerA,scoreAll3AtLeast70,0.0,0.0,0.0,62,2
2023Q1,L0-winnerA,all3Touch,0.11666666666666667,0.03507259528130671,0.2,60,2
2023Q1,L0-winnerA,threePicksCoverage,1.0,1.0,1.0,62,2
2023Q1,L0-winnerB,touch,0.41935483870967744,0.3548387096774194,0.4946236559139785,186,0
2023Q1,L0-winnerB,L5,0.3817204301075269,0.2903225806451613,0.4946236559139785,186,0
2023Q1,L0-winnerB,ANYnegativeD5,0.5752688172043011,0.510752688172043,0.6505376344086021,186,0
2023Q1,L0-winnerB,D1bull,0.4838709677419355,0.4138440860215054,0.553763440860215,186,0
2023Q1,L0-winnerB,FPtargetFirstLower,0.3387096774193548,0.2740591397849462,0.41397849462365593,186,0
2023Q1,L0-winnerB,FPtargetFirstUpper,0.34946236559139787,0.27419354838709675,0.42473118279569894,186,0
2023Q1,L0-winnerB,FPnegativeCertain,0.6129032258064516,0.5268817204301075,0.6881720430107527,186,0
2023Q1,L0-winnerB,FPnegativePossible,0.6236559139784946,0.543010752688172,0.6935483870967742,186,0
2023Q1,L0-winnerB,FPloss5Certain,0.5752688172043011,0.4838709677419355,0.6720430107526881,186,0
2023Q1,L0-winnerB,FPloss5Possible,0.5860215053763441,0.5,0.6720430107526881,186,0
2023Q1,L0-winnerB,FPambiguous,0.010752688172043012,0.0,0.016129032258064516,186,0
2023Q1,L0-winnerB,FPstopBeforeLaterTouch,0.08064516129032258,0.043010752688172046,0.11827956989247312,186,0
2023Q1,L0-winnerB,netD5,0.015386079431573529,-0.012756518019313767,0.046340279633130345,186,0
2023Q1,L0-winnerB,FPnetLower,0.0010782158882267066,-0.009194939983554962,0.013815250941452247,186,0
2023Q1,L0-winnerB,FPnetUpper,0.002691119114033158,-0.008990652219043625,0.015474914938824646,186,0
2023Q1,L0-winnerB,targetOnlyNet,0.003780748314809298,-0.011331891016507074,0.02040372741583092,186,0
2023Q1,L0-winnerB,strictCoverage,1.0,1.0,1.0,186,0
2023Q1,L0-winnerB,scoreAll3AtLeast70,0.0,0.0,0.0,62,0
2023Q1,L0-winnerB,all3Touch,0.04838709677419355,0.016129032258064516,0.0967741935483871,62,0
2023Q1,L0-winnerB,threePicksCoverage,1.0,1.0,1.0,62,0
2023Q1,FP-winnerFP,touch,0.3621621621621622,0.2608695652173913,0.45161290322580644,185,1
2023Q1,FP-winnerFP,L5,0.2756756756756757,0.2,0.34594594594594597,185,1
2023Q1,FP-winnerFP,ANYnegativeD5,0.5081081081081081,0.4075536133960047,0.6120218579234973,185,1
2023Q1,FP-winnerFP,D1bull,0.4594594594594595,0.3621621621621622,0.532258064516129,185,1
2023Q1,FP-winnerFP,FPtargetFirstLower,0.2918918918918919,0.20540540540540542,0.372972972972973,185,1
2023Q1,FP-winnerFP,FPtargetFirstUpper,0.2972972972972973,0.21081081081081082,0.3750844594594594,185,1
2023Q1,FP-winnerFP,FPnegativeCertain,0.5513513513513514,0.4594594594594595,0.6521739130434783,185,1
2023Q1,FP-winnerFP,FPnegativePossible,0.5567567567567567,0.4594594594594595,0.6593436293436293,185,1
2023Q1,FP-winnerFP,FPloss5Certain,0.4918918918918919,0.41081081081081083,0.584755880256593,185,1
2023Q1,FP-winnerFP,FPloss5Possible,0.4972972972972973,0.4139551192145863,0.5879440154440154,185,1
2023Q1,FP-winnerFP,FPambiguous,0.005405405405405406,0.0,0.01092896174863388,185,1
2023Q1,FP-winnerFP,FPstopBeforeLaterTouch,0.07027027027027027,0.03783783783783784,0.10270270270270271,185,1
2023Q1,FP-winnerFP,netD5,0.016397335843910784,-0.005622531572833862,0.04593447108100545,185,1
2023Q1,FP-winnerFP,FPnetLower,0.006897306565248493,-0.006909637284749294,0.019916977704808096,185,1
2023Q1,FP-winnerFP,FPnetUpper,0.007708117376059301,-0.005984600045301604,0.01998071595288598,185,1
2023Q1,FP-winnerFP,targetOnlyNet,0.010172216506355854,-0.011151479030770583,0.026108243959479322,185,1
2023Q1,FP-winnerFP,strictCoverage,0.9946236559139785,0.9838709677419355,1.0,186,1
2023Q1,FP-winnerFP,scoreAll3AtLeast70,0.0,0.0,0.0,62,1
2023Q1,FP-winnerFP,all3Touch,0.04918032786885246,0.0,0.15517241379310345,61,1
2023Q1,FP-winnerFP,threePicksCoverage,1.0,1.0,1.0,62,1
2023Q2,L5-winnerA,touch,0.4388888888888889,0.36666666666666664,0.46408839779005523,180,3
2023Q2,L5-winnerA,L5,0.4388888888888889,0.34444444444444444,0.569060773480663,180,3
2023Q2,L5-winnerA,ANYnegativeD5,0.6333333333333333,0.5698131115157875,0.7388888888888889,180,3
2023Q2,L5-winnerA,D1bull,0.3888888888888889,0.3131868131868132,0.4301675977653631,180,3
2023Q2,L5-winnerA,FPtargetFirstLower,0.28888888888888886,0.23204419889502761,0.3259668508287293,180,3
2023Q2,L5-winnerA,FPtargetFirstUpper,0.3111111111111111,0.25555555555555554,0.34448717948717944,180,3
2023Q2,L5-winnerA,FPnegativeCertain,0.6666666666666666,0.6256983240223464,0.7307692307692307,180,3
2023Q2,L5-winnerA,FPnegativePossible,0.6888888888888889,0.6424581005586593,0.7569060773480663,180,3
2023Q2,L5-winnerA,FPloss5Certain,0.6111111111111112,0.5384615384615384,0.692780105524519,180,3
2023Q2,L5-winnerA,FPloss5Possible,0.6333333333333333,0.5518647540983606,0.7182707485884282,180,3
2023Q2,L5-winnerA,FPambiguous,0.022222222222222223,0.00558659217877095,0.038461538461538464,180,3
2023Q2,L5-winnerA,FPstopBeforeLaterTouch,0.15,0.09497206703910614,0.18681318681318682,180,3
2023Q2,L5-winnerA,netD5,0.0002066604480484001,-0.029617732660587308,0.017666624703737966,180,3
2023Q2,L5-winnerA,FPnetLower,-0.007765206573175231,-0.01998190454628305,0.00018291676418236502,180,3
2023Q2,L5-winnerA,FPnetUpper,-0.004431873239841901,-0.01598355701748479,0.003029834647395159,180,3
2023Q2,L5-winnerA,targetOnlyNet,-0.003669132165986647,-0.0280152200823598,0.010975600592809533,180,3
2023Q2,L5-winnerA,strictCoverage,0.9836065573770492,0.9726775956284153,0.9946721311475408,183,3
2023Q2,L5-winnerA,scoreAll3AtLeast70,0.0,0.0,0.0,61,3
2023Q2,L5-winnerA,all3Touch,0.13793103448275862,0.06896551724137931,0.1864406779661017,58,3
2023Q2,L5-winnerA,threePicksCoverage,1.0,1.0,1.0,61,3
2023Q2,L5-winnerB,touch,0.31693989071038253,0.24043715846994534,0.3770491803278688,183,0
2023Q2,L5-winnerB,L5,0.46994535519125685,0.3989071038251366,0.5628415300546448,183,0
2023Q2,L5-winnerB,ANYnegativeD5,0.7158469945355191,0.6666666666666666,0.7704918032786885,183,0
2023Q2,L5-winnerB,D1bull,0.4262295081967213,0.33879781420765026,0.4918032786885246,183,0
2023Q2,L5-winnerB,FPtargetFirstLower,0.22950819672131148,0.14207650273224043,0.2896174863387978,183,0
2023Q2,L5-winnerB,FPtargetFirstUpper,0.2459016393442623,0.15846994535519127,0.3114754098360656,183,0
2023Q2,L5-winnerB,FPnegativeCertain,0.7158469945355191,0.6502732240437158,0.8032786885245902,183,0
2023Q2,L5-winnerB,FPnegativePossible,0.73224043715847,0.6721311475409836,0.819672131147541,183,0
2023Q2,L5-winnerB,FPloss5Certain,0.6502732240437158,0.5627049180327869,0.7650273224043715,183,0
2023Q2,L5-winnerB,FPloss5Possible,0.6666666666666666,0.5792349726775956,0.7814207650273224,183,0
2023Q2,L5-winnerB,FPambiguous,0.01639344262295082,0.00546448087431694,0.03825136612021858,183,0
2023Q2,L5-winnerB,FPstopBeforeLaterTouch,0.08743169398907104,0.0546448087431694,0.14207650273224043,183,0
2023Q2,L5-winnerB,netD5,-0.0362333260433605,-0.057076135348876345,-0.021511500956040305,183,0
2023Q2,L5-winnerB,FPnetLower,-0.014340588957996317,-0.02802929410191672,-0.005083205966790261,183,0
2023Q2,L5-winnerB,FPnetUpper,-0.011881572564553697,-0.02550312272550016,-0.0016915427587525106,183,0
2023Q2,L5-winnerB,targetOnlyNet,-0.018827528299522427,-0.034148139374350676,-0.0066747306571086455,183,0
2023Q2,L5-winnerB,strictCoverage,1.0,1.0,1.0,183,0
2023Q2,L5-winnerB,scoreAll3AtLeast70,0.03278688524590164,0.0,0.11475409836065574,61,0
2023Q2,L5-winnerB,all3Touch,0.03278688524590164,0.0,0.11475409836065574,61,0
2023Q2,L5-winnerB,threePicksCoverage,1.0,1.0,1.0,61,0
2023Q2,currentOverall,touch,0.21311475409836064,0.14754098360655737,0.25136612021857924,183,0
2023Q2,currentOverall,L5,0.28415300546448086,0.18579234972677597,0.3770491803278688,183,0
2023Q2,currentOverall,ANYnegativeD5,0.5737704918032787,0.5245901639344263,0.6666666666666666,183,0
2023Q2,currentOverall,D1bull,0.3442622950819672,0.3114754098360656,0.3879781420765027,183,0
2023Q2,currentOverall,FPtargetFirstLower,0.16939890710382513,0.1092896174863388,0.19672131147540983,183,0
2023Q2,currentOverall,FPtargetFirstUpper,0.18032786885245902,0.12568306010928962,0.20218579234972678,183,0
2023Q2,currentOverall,FPnegativeCertain,0.6612021857923497,0.6118852459016394,0.7486338797814208,183,0
2023Q2,currentOverall,FPnegativePossible,0.6721311475409836,0.6120218579234973,0.7759562841530054,183,0
2023Q2,currentOverall,FPloss5Certain,0.546448087431694,0.44808743169398907,0.6612021857923497,183,0
2023Q2,currentOverall,FPloss5Possible,0.5573770491803278,0.453551912568306,0.6939890710382514,183,0
2023Q2,currentOverall,FPambiguous,0.01092896174863388,0.0,0.03278688524590164,183,0
2023Q2,currentOverall,FPstopBeforeLaterTouch,0.04371584699453552,0.01639344262295082,0.07650273224043716,183,0
2023Q2,currentOverall,netD5,-0.0002551501859962184,-0.012788386767778328,0.004780622971638397,183,0
2023Q2,currentOverall,FPnetLower,-0.010880180726520004,-0.02440927555507289,-0.003940362608261224,183,0
2023Q2,currentOverall,FPnetUpper,-0.009240836464224926,-0.020073422421282038,-0.0037735858163298382,183,0
2023Q2,currentOverall,targetOnlyNet,-0.00279290695943795,-0.015627469534716994,0.0032046205638657983,183,0
2023Q2,currentOverall,strictCoverage,1.0,1.0,1.0,183,0
2023Q2,currentOverall,scoreAll3AtLeast70,1.0,1.0,1.0,61,0
2023Q2,currentOverall,all3Touch,0.0,0.0,0.0,61,0
2023Q2,currentOverall,threePicksCoverage,1.0,1.0,1.0,61,0
2023Q2,ATRbaseline,touch,0.03314917127071823,0.00558659217877095,0.05555555555555555,181,2
2023Q2,ATRbaseline,L5,0.04419889502762431,0.01092896174863388,0.0546448087431694,181,2
2023Q2,ATRbaseline,ANYnegativeD5,0.6022099447513812,0.5081967213114754,0.7079059694934404,181,2
2023Q2,ATRbaseline,D1bull,0.46408839779005523,0.4022070195372913,0.5628415300546448,181,2
2023Q2,ATRbaseline,FPtargetFirstLower,0.03314917127071823,0.00558659217877095,0.05555555555555555,181,2
2023Q2,ATRbaseline,FPtargetFirstUpper,0.03314917127071823,0.00558659217877095,0.05555555555555555,181,2
2023Q2,ATRbaseline,FPnegativeCertain,0.6022099447513812,0.5081967213114754,0.7079059694934404,181,2
2023Q2,ATRbaseline,FPnegativePossible,0.6022099447513812,0.5081967213114754,0.7079059694934404,181,2
2023Q2,ATRbaseline,FPloss5Certain,0.055248618784530384,0.022099447513812154,0.06593406593406594,181,2
2023Q2,ATRbaseline,FPloss5Possible,0.055248618784530384,0.022099447513812154,0.06593406593406594,181,2
2023Q2,ATRbaseline,FPambiguous,0.0,0.0,0.0,181,2
2023Q2,ATRbaseline,FPstopBeforeLaterTouch,0.0,0.0,0.0,181,2
2023Q2,ATRbaseline,netD5,-0.003229900705742136,-0.009387730096569423,0.003559162215165909,181,2
2023Q2,ATRbaseline,FPnetLower,-0.002790314082550588,-0.00897842118206166,0.003972871730180014,181,2
2023Q2,ATRbaseline,FPnetUpper,-0.002790314082550588,-0.00897842118206166,0.003972871730180014,181,2
2023Q2,ATRbaseline,targetOnlyNet,-0.002905004820675169,-0.009156136052979226,0.0041199327271860065,181,2
2023Q2,ATRbaseline,strictCoverage,0.9890710382513661,0.9617486338797814,1.0,183,2
2023Q2,ATRbaseline,scoreAll3AtLeast70,0.0,0.0,0.0,61,2
2023Q2,ATRbaseline,all3Touch,0.0,0.0,0.0,59,2
2023Q2,ATRbaseline,threePicksCoverage,1.0,1.0,1.0,61,2
2023Q2,L0-winnerA,touch,0.3701657458563536,0.29278295185477504,0.4207650273224044,181,2
2023Q2,L0-winnerA,L5,0.39779005524861877,0.3370165745856354,0.5027322404371585,181,2
2023Q2,L0-winnerA,ANYnegativeD5,0.6629834254143646,0.6174123088194889,0.7624379623560259,181,2
2023Q2,L0-winnerA,D1bull,0.4143646408839779,0.34972677595628415,0.44001694915254236,181,2
2023Q2,L0-winnerA,FPtargetFirstLower,0.30386740331491713,0.23993922651933702,0.36065573770491804,181,2
2023Q2,L0-winnerA,FPtargetFirstUpper,0.32044198895027626,0.2569832402234637,0.3825136612021858,181,2
2023Q2,L0-winnerA,FPnegativeCertain,0.6464088397790055,0.580110497237569,0.7213114754098361,181,2
2023Q2,L0-winnerA,FPnegativePossible,0.6629834254143646,0.5955421741917758,0.7430205757548005,181,2
2023Q2,L0-winnerA,FPloss5Certain,0.574585635359116,0.4972375690607735,0.6368715083798883,181,2
2023Q2,L0-winnerA,FPloss5Possible,0.5911602209944752,0.5085690072639225,0.6610215800685376,181,2
2023Q2,L0-winnerA,FPambiguous,0.016574585635359115,0.0,0.04371584699453552,181,2
2023Q2,L0-winnerA,FPstopBeforeLaterTouch,0.06629834254143646,0.022099447513812154,0.08839779005524862,181,2
2023Q2,L0-winnerA,netD5,-0.0072391783360589755,-0.031713722508796165,0.0038754921014194006,181,2
2023Q2,L0-winnerA,FPnetLower,-0.006598537750803765,-0.02191923904084495,0.0046209599353500335,181,2
2023Q2,L0-winnerA,FPnetUpper,-0.0041123499054999,-0.018305648671329777,0.0073191006224053445,181,2
2023Q2,L0-winnerA,targetOnlyNet,-0.013220880989523998,-0.03957630268863155,0.002618740088970379,181,2
2023Q2,L0-winnerA,strictCoverage,0.9890710382513661,0.9672131147540983,1.0,183,2
2023Q2,L0-winnerA,scoreAll3AtLeast70,0.0,0.0,0.0,61,2
2023Q2,L0-winnerA,all3Touch,0.1,0.04918032786885246,0.13114754098360656,60,2
2023Q2,L0-winnerA,threePicksCoverage,1.0,1.0,1.0,61,2
2023Q2,L0-winnerB,touch,0.3879781420765027,0.3168032786885246,0.4098360655737705,183,0
2023Q2,L0-winnerB,L5,0.40437158469945356,0.30040983606557375,0.5519125683060109,183,0
2023Q2,L0-winnerB,ANYnegativeD5,0.5846994535519126,0.4972677595628415,0.7158469945355191,183,0
2023Q2,L0-winnerB,D1bull,0.41530054644808745,0.34972677595628415,0.45901639344262296,183,0
2023Q2,L0-winnerB,FPtargetFirstLower,0.26229508196721313,0.1912568306010929,0.2896174863387978,183,0
2023Q2,L0-winnerB,FPtargetFirstUpper,0.28415300546448086,0.20765027322404372,0.3114754098360656,183,0
2023Q2,L0-winnerB,FPnegativeCertain,0.6557377049180327,0.5901639344262295,0.7650273224043715,183,0
2023Q2,L0-winnerB,FPnegativePossible,0.6775956284153005,0.6174863387978142,0.7815573770491802,183,0
2023Q2,L0-winnerB,FPloss5Certain,0.6120218579234973,0.5300546448087432,0.7213114754098361,183,0
2023Q2,L0-winnerB,FPloss5Possible,0.6338797814207651,0.5573770491803278,0.7377049180327869,183,0
2023Q2,L0-winnerB,FPambiguous,0.02185792349726776,0.00546448087431694,0.04371584699453552,183,0
2023Q2,L0-winnerB,FPstopBeforeLaterTouch,0.12568306010928962,0.10382513661202186,0.14767759562841518,183,0
2023Q2,L0-winnerB,netD5,-0.006393582466720928,-0.04884063011862301,0.024028797909923093,183,0
2023Q2,L0-winnerB,FPnetLower,-0.009135426611276184,-0.023652627874465388,-0.001935952665018629,183,0
2023Q2,L0-winnerB,FPnetUpper,-0.005856738086686024,-0.020066033240847433,0.0013979271343309099,183,0
2023Q2,L0-winnerB,targetOnlyNet,-0.01176004608945115,-0.04632542057297827,0.007627230179386575,183,0
2023Q2,L0-winnerB,strictCoverage,1.0,1.0,1.0,183,0
2023Q2,L0-winnerB,scoreAll3AtLeast70,0.0,0.0,0.0,61,0
2023Q2,L0-winnerB,all3Touch,0.04918032786885246,0.01639344262295082,0.09836065573770492,61,0
2023Q2,L0-winnerB,threePicksCoverage,1.0,1.0,1.0,61,0
2023Q2,FP-winnerFP,touch,0.2541436464088398,0.17675422168118113,0.2983425414364641,181,2
2023Q2,FP-winnerFP,L5,0.32044198895027626,0.25136612021857924,0.42377095233636103,181,2
2023Q2,FP-winnerFP,ANYnegativeD5,0.6629834254143646,0.574585635359116,0.7657703235990528,181,2
2023Q2,FP-winnerFP,D1bull,0.3701657458563536,0.3183844648549695,0.43018688848421244,181,2
2023Q2,FP-winnerFP,FPtargetFirstLower,0.19889502762430938,0.15249976327999243,0.24043715846994534,181,2
2023Q2,FP-winnerFP,FPtargetFirstUpper,0.20441988950276244,0.15469613259668508,0.2459016393442623,181,2
2023Q2,FP-winnerFP,FPnegativeCertain,0.7016574585635359,0.6065573770491803,0.7909604519774012,181,2
2023Q2,FP-winnerFP,FPnegativePossible,0.7071823204419889,0.6144935028858916,0.7932960893854749,181,2
2023Q2,FP-winnerFP,FPloss5Certain,0.5580110497237569,0.46317032509030287,0.6514411996842936,181,2
2023Q2,FP-winnerFP,FPloss5Possible,0.56353591160221,0.4692737430167598,0.6557377049180327,181,2
2023Q2,FP-winnerFP,FPambiguous,0.0055248618784530384,0.0,0.016574585635359115,181,2
2023Q2,FP-winnerFP,FPstopBeforeLaterTouch,0.055248618784530384,0.01694915254237288,0.0718232044198895,181,2
2023Q2,FP-winnerFP,netD5,-0.013851029683291263,-0.041850185804074694,0.004039821215005049,181,2
2023Q2,FP-winnerFP,FPnetLower,-0.015446382485625302,-0.030861257842221355,-0.003469605200805514,181,2
2023Q2,FP-winnerFP,FPnetUpper,-0.014617653203857344,-0.030121853892713154,-0.0019673027164644635,181,2
2023Q2,FP-winnerFP,targetOnlyNet,-0.01727617905077065,-0.04676261475503422,0.0030229102187277553,181,2
2023Q2,FP-winnerFP,strictCoverage,0.9890710382513661,0.9672131147540983,1.0,183,2
2023Q2,FP-winnerFP,scoreAll3AtLeast70,0.0,0.0,0.0,61,2
2023Q2,FP-winnerFP,all3Touch,0.016666666666666666,0.0,0.04918032786885246,60,2
2023Q2,FP-winnerFP,threePicksCoverage,1.0,1.0,1.0,61,2
2023Q3,L5-winnerA,touch,0.4648648648648649,0.41933292426367463,0.532967032967033,185,1
2023Q3,L5-winnerA,L5,0.4702702702702703,0.4031995091164095,0.5434782608695652,185,1
2023Q3,L5-winnerA,ANYnegativeD5,0.654054054054054,0.5513513513513514,0.7336956521739131,185,1
2023Q3,L5-winnerA,D1bull,0.4756756756756757,0.4238557579318449,0.5243882592269689,185,1
2023Q3,L5-winnerA,FPtargetFirstLower,0.31351351351351353,0.24861522813135717,0.3879781420765027,185,1
2023Q3,L5-winnerA,FPtargetFirstUpper,0.31351351351351353,0.24861522813135717,0.3879781420765027,185,1
2023Q3,L5-winnerA,FPnegativeCertain,0.6486486486486487,0.5869565217391305,0.7043565918653576,185,1
2023Q3,L5-winnerA,FPnegativePossible,0.6486486486486487,0.5869565217391305,0.7043565918653576,185,1
2023Q3,L5-winnerA,FPloss5Certain,0.6432432432432432,0.5846994535519126,0.7043010752688172,185,1
2023Q3,L5-winnerA,FPloss5Possible,0.6432432432432432,0.5846994535519126,0.7043010752688172,185,1
2023Q3,L5-winnerA,FPambiguous,0.0,0.0,0.0,185,1
2023Q3,L5-winnerA,FPstopBeforeLaterTouch,0.15135135135135136,0.10324691539365452,0.21505376344086022,185,1
2023Q3,L5-winnerA,netD5,0.0009969551859557737,-0.037883594525207474,0.05907781201489353,185,1
2023Q3,L5-winnerA,FPnetLower,-0.002468763496727254,-0.011973661786879456,0.00760814800589733,185,1
2023Q3,L5-winnerA,FPnetUpper,-0.002468763496727254,-0.011973661786879456,0.00760814800589733,185,1
2023Q3,L5-winnerA,targetOnlyNet,-0.004355805511362939,-0.01571880139081355,0.008898597461939788,185,1
2023Q3,L5-winnerA,strictCoverage,0.9946236559139785,0.9838709677419355,1.0,186,1
2023Q3,L5-winnerA,scoreAll3AtLeast70,0.0,0.0,0.0,62,1
2023Q3,L5-winnerA,all3Touch,0.18032786885245902,0.12872311827956992,0.2712616183706943,61,1
2023Q3,L5-winnerA,threePicksCoverage,1.0,1.0,1.0,62,1
2023Q3,L5-winnerB,touch,0.45054945054945056,0.41010545220114203,0.49444444444444446,182,4
2023Q3,L5-winnerB,L5,0.44505494505494503,0.3695652173913043,0.5027027027027027,182,4
2023Q3,L5-winnerB,ANYnegativeD5,0.6263736263736264,0.5474729158307355,0.7189189189189189,182,4
2023Q3,L5-winnerB,D1bull,0.4835164835164835,0.43956043956043955,0.5418994413407822,182,4
2023Q3,L5-winnerB,FPtargetFirstLower,0.3076923076923077,0.27715064256545763,0.36312849162011174,182,4
2023Q3,L5-winnerB,FPtargetFirstUpper,0.3241758241758242,0.2967032967032967,0.38799297423887585,182,4
2023Q3,L5-winnerB,FPnegativeCertain,0.6593406593406593,0.5786516853932584,0.6923497267759562,182,4
2023Q3,L5-winnerB,FPnegativePossible,0.6758241758241759,0.6022084595734569,0.7142857142857143,182,4
2023Q3,L5-winnerB,FPloss5Certain,0.6153846153846154,0.5202254335260115,0.6648359073359073,182,4
2023Q3,L5-winnerB,FPloss5Possible,0.6318681318681318,0.5459639498432602,0.6828023091838533,182,4
2023Q3,L5-winnerB,FPambiguous,0.016483516483516484,0.005376344086021506,0.039778409090909086,182,4
2023Q3,L5-winnerB,FPstopBeforeLaterTouch,0.14285714285714285,0.09713364055299539,0.16856081537422482,182,4
2023Q3,L5-winnerB,netD5,-0.005700189309904965,-0.03496268372920243,0.022013439068089554,182,4
2023Q3,L5-winnerB,FPnetLower,-0.004157064590291874,-0.00952373318849558,0.005759807937339841,182,4
2023Q3,L5-winnerB,FPnetUpper,-0.0016845371177644018,-0.00683824799191729,0.009387440332240978,182,4
2023Q3,L5-winnerB,targetOnlyNet,0.0017840954868236665,-0.009173025402468232,0.01349693606090766,182,4
2023Q3,L5-winnerB,strictCoverage,0.978494623655914,0.9408602150537635,1.0,186,4
2023Q3,L5-winnerB,scoreAll3AtLeast70,0.0,0.0,0.0,62,4
2023Q3,L5-winnerB,all3Touch,0.11864406779661017,0.034482758620689655,0.1864406779661017,59,4
2023Q3,L5-winnerB,threePicksCoverage,1.0,1.0,1.0,62,4
2023Q3,currentOverall,touch,0.25268817204301075,0.1774193548387097,0.3279569892473118,186,0
2023Q3,currentOverall,L5,0.3010752688172043,0.22580645161290322,0.3655913978494624,186,0
2023Q3,currentOverall,ANYnegativeD5,0.6182795698924731,0.5752688172043011,0.6666666666666666,186,0
2023Q3,currentOverall,D1bull,0.41397849462365593,0.3548387096774194,0.46236559139784944,186,0
2023Q3,currentOverall,FPtargetFirstLower,0.1935483870967742,0.0967741935483871,0.26881720430107525,186,0
2023Q3,currentOverall,FPtargetFirstUpper,0.20967741935483872,0.11290322580645161,0.3010752688172043,186,0
2023Q3,currentOverall,FPnegativeCertain,0.6559139784946236,0.5806451612903226,0.7365591397849462,186,0
2023Q3,currentOverall,FPnegativePossible,0.6720430107526881,0.6075268817204301,0.7526881720430108,186,0
2023Q3,currentOverall,FPloss5Certain,0.5268817204301075,0.43548387096774194,0.6236559139784946,186,0
2023Q3,currentOverall,FPloss5Possible,0.543010752688172,0.46236559139784944,0.6397849462365591,186,0
2023Q3,currentOverall,FPambiguous,0.016129032258064516,0.005376344086021506,0.03225806451612903,186,0
2023Q3,currentOverall,FPstopBeforeLaterTouch,0.05913978494623656,0.03763440860215054,0.0967741935483871,186,0
2023Q3,currentOverall,netD5,-0.007985909065677838,-0.017745109950705718,0.001493532213903317,186,0
2023Q3,currentOverall,FPnetLower,-0.008254063511612746,-0.022396927021399383,0.0031913815798679354,186,0
2023Q3,currentOverall,FPnetUpper,-0.0058347086729030676,-0.01959332877853961,0.007122814721520456,186,0
2023Q3,currentOverall,targetOnlyNet,-0.0021930435467912863,-0.013604956427445754,0.00677020055206396,186,0
2023Q3,currentOverall,strictCoverage,1.0,1.0,1.0,186,0
2023Q3,currentOverall,scoreAll3AtLeast70,1.0,1.0,1.0,62,0
2023Q3,currentOverall,all3Touch,0.016129032258064516,0.0,0.04838709677419355,62,0
2023Q3,currentOverall,threePicksCoverage,1.0,1.0,1.0,62,0
2023Q3,ATRbaseline,touch,0.032432432432432434,0.010810810810810811,0.05434782608695652,185,1
2023Q3,ATRbaseline,L5,0.03783783783783784,0.010752688172043012,0.05434782608695652,185,1
2023Q3,ATRbaseline,ANYnegativeD5,0.4540540540540541,0.3172043010752688,0.5543478260869565,185,1
2023Q3,ATRbaseline,D1bull,0.4918918918918919,0.45161290322580644,0.5792349726775956,185,1
2023Q3,ATRbaseline,FPtargetFirstLower,0.032432432432432434,0.010810810810810811,0.05434782608695652,185,1
2023Q3,ATRbaseline,FPtargetFirstUpper,0.032432432432432434,0.010810810810810811,0.05434782608695652,185,1
2023Q3,ATRbaseline,FPnegativeCertain,0.4810810810810811,0.3387096774193548,0.5837837837837838,185,1
2023Q3,ATRbaseline,FPnegativePossible,0.4810810810810811,0.3387096774193548,0.5837837837837838,185,1
2023Q3,ATRbaseline,FPloss5Certain,0.13513513513513514,0.03763440860215054,0.2108394535840188,185,1
2023Q3,ATRbaseline,FPloss5Possible,0.13513513513513514,0.03763440860215054,0.2108394535840188,185,1
2023Q3,ATRbaseline,FPambiguous,0.0,0.0,0.0,185,1
2023Q3,ATRbaseline,FPstopBeforeLaterTouch,0.0,0.0,0.0,185,1
2023Q3,ATRbaseline,netD5,0.000326389953148192,-0.006418456835975744,0.007456258812134355,185,1
2023Q3,ATRbaseline,FPnetLower,-0.0012182030040672673,-0.0075659001065657636,0.0069758632390951964,185,1
2023Q3,ATRbaseline,FPnetUpper,-0.0012182030040672673,-0.0075659001065657636,0.0069758632390951964,185,1
2023Q3,ATRbaseline,targetOnlyNet,0.001012811238910681,-0.005724776111304706,0.008770011730106796,185,1
2023Q3,ATRbaseline,strictCoverage,0.9946236559139785,0.9838709677419355,1.0,186,1
2023Q3,ATRbaseline,scoreAll3AtLeast70,0.0,0.0,0.0,62,1
2023Q3,ATRbaseline,all3Touch,0.0,0.0,0.0,61,1
2023Q3,ATRbaseline,threePicksCoverage,1.0,1.0,1.0,62,1
2023Q3,L0-winnerA,touch,0.43478260869565216,0.37153421240199574,0.5380539297658862,184,2
2023Q3,L0-winnerA,L5,0.43478260869565216,0.32608695652173914,0.5189894242068155,184,2
2023Q3,L0-winnerA,ANYnegativeD5,0.5815217391304348,0.4782608695652174,0.6775956284153005,184,2
2023Q3,L0-winnerA,D1bull,0.483695652173913,0.4285328185328185,0.5355191256830601,184,2
2023Q3,L0-winnerA,FPtargetFirstLower,0.28804347826086957,0.24040449037776193,0.364143196012491,184,2
2023Q3,L0-winnerA,FPtargetFirstUpper,0.29891304347826086,0.254021384021384,0.3701857957583318,184,2
2023Q3,L0-winnerA,FPnegativeCertain,0.657608695652174,0.5815217391304348,0.717391304347826,184,2
2023Q3,L0-winnerA,FPnegativePossible,0.6684782608695652,0.5901639344262295,0.726775956284153,184,2
2023Q3,L0-winnerA,FPloss5Certain,0.6304347826086957,0.5567567567567567,0.6847826086956522,184,2
2023Q3,L0-winnerA,FPloss5Possible,0.6413043478260869,0.5659340659340659,0.6935594041953111,184,2
2023Q3,L0-winnerA,FPambiguous,0.010869565217391304,0.0,0.03260869565217391,184,2
2023Q3,L0-winnerA,FPstopBeforeLaterTouch,0.14673913043478262,0.10495795640823265,0.21860925959286612,184,2
2023Q3,L0-winnerA,netD5,-0.007145260865626711,-0.039695497656861214,0.034614365641862745,184,2
2023Q3,L0-winnerA,FPnetLower,-0.004966618491775662,-0.012031363035857478,0.0060597909616176135,184,2
2023Q3,L0-winnerA,FPnetUpper,-0.003336183709166966,-0.010652281853824006,0.007478483837412371,184,2
2023Q3,L0-winnerA,targetOnlyNet,-0.009504738358646873,-0.02739351229822444,0.01581699427357072,184,2
2023Q3,L0-winnerA,strictCoverage,0.989247311827957,0.9731182795698925,1.0,186,2
2023Q3,L0-winnerA,scoreAll3AtLeast70,0.0,0.0,0.0,62,2
2023Q3,L0-winnerA,all3Touch,0.08333333333333333,0.03333333333333333,0.15254237288135594,60,2
2023Q3,L0-winnerA,threePicksCoverage,1.0,1.0,1.0,62,2
2023Q3,L0-winnerB,touch,0.4262295081967213,0.3709677419354839,0.4775343320848939,183,3
2023Q3,L0-winnerB,L5,0.4644808743169399,0.3891816816816817,0.538941256830601,183,3
2023Q3,L0-winnerB,ANYnegativeD5,0.6120218579234973,0.5519125683060109,0.6777824858757062,183,3
2023Q3,L0-winnerB,D1bull,0.4972677595628415,0.43548387096774194,0.5480225988700564,183,3
2023Q3,L0-winnerB,FPtargetFirstLower,0.3224043715846995,0.2677595628415301,0.37988826815642457,183,3
2023Q3,L0-winnerB,FPtargetFirstUpper,0.3333333333333333,0.2731869208838204,0.39204545454545453,183,3
2023Q3,L0-winnerB,FPnegativeCertain,0.6229508196721312,0.5746890898812889,0.6935594041953111,183,3
2023Q3,L0-winnerB,FPnegativePossible,0.6338797814207651,0.5852272727272727,0.6989247311827957,183,3
2023Q3,L0-winnerB,FPloss5Certain,0.6010928961748634,0.536712905974813,0.6720452141723955,183,3
2023Q3,L0-winnerB,FPloss5Possible,0.6120218579234973,0.5480225988700564,0.6827956989247311,183,3
2023Q3,L0-winnerB,FPambiguous,0.01092896174863388,0.0,0.02185792349726776,183,3
2023Q3,L0-winnerB,FPstopBeforeLaterTouch,0.10382513661202186,0.06666666666666667,0.13440860215053763,183,3
2023Q3,L0-winnerB,netD5,-0.019699413474189967,-0.03301013314880878,-0.002673779995809641,183,3
2023Q3,L0-winnerB,FPnetLower,-0.0004715239778865419,-0.009259974406486847,0.00723748550365102,183,3
2023Q3,L0-winnerB,FPnetUpper,0.0011678202844085392,-0.008688737729119655,0.008947970098923787,183,3
2023Q3,L0-winnerB,targetOnlyNet,-0.011732208897612353,-0.021562817990632095,0.002131198182172227,183,3
2023Q3,L0-winnerB,strictCoverage,0.9838709677419355,0.9516129032258065,1.0,186,3
2023Q3,L0-winnerB,scoreAll3AtLeast70,0.0,0.0,0.0,62,3
2023Q3,L0-winnerB,all3Touch,0.08333333333333333,0.03330645161290323,0.16400273224043707,60,3
2023Q3,L0-winnerB,threePicksCoverage,1.0,1.0,1.0,62,3
2023Q3,FP-winnerFP,touch,0.2648648648648649,0.20430107526881722,0.3709677419354839,185,1
2023Q3,FP-winnerFP,L5,0.372972972972973,0.2594594594594595,0.44086021505376344,185,1
2023Q3,FP-winnerFP,ANYnegativeD5,0.5891891891891892,0.45349028866714186,0.6576549647473561,185,1
2023Q3,FP-winnerFP,D1bull,0.41081081081081083,0.35670880557977336,0.47802197802197804,185,1
2023Q3,FP-winnerFP,FPtargetFirstLower,0.2,0.14516129032258066,0.2826086956521739,185,1
2023Q3,FP-winnerFP,FPtargetFirstUpper,0.21081081081081082,0.16129032258064516,0.29508196721311475,185,1
2023Q3,FP-winnerFP,FPnegativeCertain,0.6216216216216216,0.47802197802197804,0.6973379831444347,185,1
2023Q3,FP-winnerFP,FPnegativePossible,0.6324324324324324,0.5,0.7081081081081081,185,1
2023Q3,FP-winnerFP,FPloss5Certain,0.5675675675675675,0.41621621621621624,0.6397849462365591,185,1
2023Q3,FP-winnerFP,FPloss5Possible,0.5783783783783784,0.43777898866608544,0.6486486486486487,185,1
2023Q3,FP-winnerFP,FPambiguous,0.010810810810810811,0.0,0.02717391304347826,185,1
2023Q3,FP-winnerFP,FPstopBeforeLaterTouch,0.06486486486486487,0.03278688524590164,0.10752688172043011,185,1
2023Q3,FP-winnerFP,netD5,-0.011405998952002838,-0.022029146946173195,0.012657635083444238,185,1
2023Q3,FP-winnerFP,FPnetLower,-0.007749225254984886,-0.016047930386744864,0.006672241624276613,185,1
2023Q3,FP-winnerFP,FPnetUpper,-0.006127603633363266,-0.013761324703984956,0.009374121967106167,185,1
2023Q3,FP-winnerFP,targetOnlyNet,-0.0073675809093419675,-0.01787781824836713,0.011725503518375998,185,1
2023Q3,FP-winnerFP,strictCoverage,0.9946236559139785,0.9838709677419355,1.0,186,1
2023Q3,FP-winnerFP,scoreAll3AtLeast70,0.0,0.0,0.0,62,1
2023Q3,FP-winnerFP,all3Touch,0.03278688524590164,0.0,0.11290322580645161,61,1
2023Q3,FP-winnerFP,threePicksCoverage,1.0,1.0,1.0,62,1
2023Q4,L5-winnerA,touch,0.45,0.36666666666666664,0.5333333333333333,180,0
2023Q4,L5-winnerA,L5,0.37222222222222223,0.3111111111111111,0.45,180,0
2023Q4,L5-winnerA,ANYnegativeD5,0.6611111111111111,0.5944444444444444,0.7166666666666667,180,0
2023Q4,L5-winnerA,D1bull,0.4666666666666667,0.4,0.5166666666666667,180,0
2023Q4,L5-winnerA,FPtargetFirstLower,0.31666666666666665,0.23875000000000002,0.4,180,0
2023Q4,L5-winnerA,FPtargetFirstUpper,0.3277777777777778,0.25,0.40555555555555556,180,0
2023Q4,L5-winnerA,FPnegativeCertain,0.65,0.5666666666666667,0.7277777777777777,180,0
2023Q4,L5-winnerA,FPnegativePossible,0.6611111111111111,0.5666666666666667,0.7388888888888889,180,0
2023Q4,L5-winnerA,FPloss5Certain,0.5833333333333334,0.5,0.6833333333333333,180,0
2023Q4,L5-winnerA,FPloss5Possible,0.5944444444444444,0.5055555555555555,0.6890277777777777,180,0
2023Q4,L5-winnerA,FPambiguous,0.011111111111111112,0.0,0.022222222222222223,180,0
2023Q4,L5-winnerA,FPstopBeforeLaterTouch,0.13333333333333333,0.10555555555555556,0.17777777777777778,180,0
2023Q4,L5-winnerA,netD5,-0.023091650546050464,-0.03948793392382403,-0.006855433575666777,180,0
2023Q4,L5-winnerA,FPnetLower,-0.002510025117815916,-0.013586378976272228,0.010696099780735015,180,0
2023Q4,L5-winnerA,FPnetUpper,-0.0008433584511492534,-0.011614885351619052,0.010822044442915721,180,0
2023Q4,L5-winnerA,targetOnlyNet,-0.000275190128791167,-0.0198744456134246,0.01796546437081066,180,0
2023Q4,L5-winnerA,strictCoverage,1.0,1.0,1.0,180,0
2023Q4,L5-winnerA,scoreAll3AtLeast70,0.03333333333333333,0.0,0.05,60,0
2023Q4,L5-winnerA,all3Touch,0.13333333333333333,0.03333333333333333,0.23333333333333334,60,0
2023Q4,L5-winnerA,threePicksCoverage,1.0,1.0,1.0,60,0
2023Q4,L5-winnerB,touch,0.3854748603351955,0.32198866882498567,0.4777777777777778,179,1
2023Q4,L5-winnerB,L5,0.3407821229050279,0.24986111111111112,0.45455822267620016,179,1
2023Q4,L5-winnerB,ANYnegativeD5,0.5865921787709497,0.5055555555555555,0.6892655367231638,179,1
2023Q4,L5-winnerB,D1bull,0.41899441340782123,0.34658535424073134,0.4888888888888889,179,1
2023Q4,L5-winnerB,FPtargetFirstLower,0.25139664804469275,0.192090395480226,0.3055555555555556,179,1
2023Q4,L5-winnerB,FPtargetFirstUpper,0.2849162011173184,0.22598870056497175,0.3407821229050279,179,1
2023Q4,L5-winnerB,FPnegativeCertain,0.6480446927374302,0.5944444444444444,0.7134831460674157,179,1
2023Q4,L5-winnerB,FPnegativePossible,0.6815642458100558,0.627725791433892,0.7471910112359551,179,1
2023Q4,L5-winnerB,FPloss5Certain,0.5921787709497207,0.5277777777777778,0.6759776536312849,179,1
2023Q4,L5-winnerB,FPloss5Possible,0.6256983240223464,0.5555555555555556,0.7135231623877973,179,1
2023Q4,L5-winnerB,FPambiguous,0.0335195530726257,0.01675977653631285,0.05056179775280899,179,1
2023Q4,L5-winnerB,FPstopBeforeLaterTouch,0.1340782122905028,0.0847220907111069,0.2111111111111111,179,1
2023Q4,L5-winnerB,netD5,-0.013377450801151632,-0.043529413884864865,0.019451995353735062,179,1
2023Q4,L5-winnerB,FPnetLower,-0.008904863217303117,-0.018758122914287044,-0.00026504810541578796,179,1
2023Q4,L5-winnerB,FPnetUpper,-0.0038769302564092656,-0.013365253019587324,0.004470571352283435,179,1
2023Q4,L5-winnerB,targetOnlyNet,-0.0019342910136712558,-0.02969654253873442,0.01989033048694009,179,1
2023Q4,L5-winnerB,strictCoverage,0.9944444444444445,0.9833333333333333,1.0,180,1
2023Q4,L5-winnerB,scoreAll3AtLeast70,0.0,0.0,0.0,60,1
2023Q4,L5-winnerB,all3Touch,0.06779661016949153,0.03508771929824561,0.11666666666666667,59,1
2023Q4,L5-winnerB,threePicksCoverage,1.0,1.0,1.0,60,1
2023Q4,currentOverall,touch,0.2222222222222222,0.17222222222222222,0.25555555555555554,180,0
2023Q4,currentOverall,L5,0.22777777777777777,0.16666666666666666,0.2611111111111111,180,0
2023Q4,currentOverall,ANYnegativeD5,0.5277777777777778,0.4444444444444444,0.6222222222222222,180,0
2023Q4,currentOverall,D1bull,0.4388888888888889,0.35,0.5166666666666667,180,0
2023Q4,currentOverall,FPtargetFirstLower,0.17222222222222222,0.1111111111111111,0.2111111111111111,180,0
2023Q4,currentOverall,FPtargetFirstUpper,0.18333333333333332,0.12222222222222222,0.21666666666666667,180,0
2023Q4,currentOverall,FPnegativeCertain,0.5833333333333334,0.5111111111111111,0.6611111111111111,180,0
2023Q4,currentOverall,FPnegativePossible,0.5944444444444444,0.5111111111111111,0.6722222222222223,180,0
2023Q4,currentOverall,FPloss5Certain,0.4166666666666667,0.3277777777777778,0.48333333333333334,180,0
2023Q4,currentOverall,FPloss5Possible,0.42777777777777776,0.3333333333333333,0.49444444444444446,180,0
2023Q4,currentOverall,FPambiguous,0.011111111111111112,0.0,0.027777777777777776,180,0
2023Q4,currentOverall,FPstopBeforeLaterTouch,0.05,0.03333333333333333,0.07777777777777778,180,0
2023Q4,currentOverall,netD5,0.00023716300469482982,-0.010456606918270656,0.008487754183700187,180,0
2023Q4,currentOverall,FPnetLower,-0.0017267874347409815,-0.009836452530419733,0.0062428823647837466,180,0
2023Q4,currentOverall,FPnetUpper,-6.012076807431588e-05,-0.00800243501871801,0.0069639833186336585,180,0
2023Q4,currentOverall,targetOnlyNet,0.002419620342013781,-0.005709339455440857,0.010798754158166207,180,0
2023Q4,currentOverall,strictCoverage,1.0,1.0,1.0,180,0
2023Q4,currentOverall,scoreAll3AtLeast70,1.0,1.0,1.0,60,0
2023Q4,currentOverall,all3Touch,0.016666666666666666,0.0,0.05,60,0
2023Q4,currentOverall,threePicksCoverage,1.0,1.0,1.0,60,0
2023Q4,ATRbaseline,touch,0.03888888888888889,0.016666666666666666,0.06111111111111111,180,0
2023Q4,ATRbaseline,L5,0.022222222222222223,0.0,0.03888888888888889,180,0
2023Q4,ATRbaseline,ANYnegativeD5,0.4166666666666667,0.27208333333333334,0.5055555555555555,180,0
2023Q4,ATRbaseline,D1bull,0.4722222222222222,0.4222222222222222,0.5333333333333333,180,0
2023Q4,ATRbaseline,FPtargetFirstLower,0.03888888888888889,0.016666666666666666,0.06111111111111111,180,0
2023Q4,ATRbaseline,FPtargetFirstUpper,0.03888888888888889,0.016666666666666666,0.06111111111111111,180,0
2023Q4,ATRbaseline,FPnegativeCertain,0.4166666666666667,0.27208333333333334,0.5055555555555555,180,0
2023Q4,ATRbaseline,FPnegativePossible,0.4166666666666667,0.27208333333333334,0.5055555555555555,180,0
2023Q4,ATRbaseline,FPloss5Certain,0.05555555555555555,0.01097222222222223,0.09444444444444444,180,0
2023Q4,ATRbaseline,FPloss5Possible,0.05555555555555555,0.01097222222222223,0.09444444444444444,180,0
2023Q4,ATRbaseline,FPambiguous,0.0,0.0,0.0,180,0
2023Q4,ATRbaseline,FPstopBeforeLaterTouch,0.0,0.0,0.0,180,0
2023Q4,ATRbaseline,netD5,0.006042823806832149,0.0007291044983668066,0.013836804260353924,180,0
2023Q4,ATRbaseline,FPnetLower,0.006078990934272639,0.0012501504916850564,0.013412502246510227,180,0
2023Q4,ATRbaseline,FPnetUpper,0.006078990934272639,0.0012501504916850564,0.013412502246510227,180,0
2023Q4,ATRbaseline,targetOnlyNet,0.00651131052963855,0.0017565984794073127,0.01380767998557701,180,0
2023Q4,ATRbaseline,strictCoverage,1.0,1.0,1.0,180,0
2023Q4,ATRbaseline,scoreAll3AtLeast70,0.0,0.0,0.0,60,0
2023Q4,ATRbaseline,all3Touch,0.0,0.0,0.0,60,0
2023Q4,ATRbaseline,threePicksCoverage,1.0,1.0,1.0,60,0
2023Q4,L0-winnerA,touch,0.37777777777777777,0.3333333333333333,0.45013888888888876,180,0
2023Q4,L0-winnerA,L5,0.40555555555555556,0.3055555555555556,0.49444444444444446,180,0
2023Q4,L0-winnerA,ANYnegativeD5,0.6333333333333333,0.5388888888888889,0.6888888888888889,180,0
2023Q4,L0-winnerA,D1bull,0.45555555555555555,0.35555555555555557,0.5222222222222223,180,0
2023Q4,L0-winnerA,FPtargetFirstLower,0.2611111111111111,0.2,0.3388888888888889,180,0
2023Q4,L0-winnerA,FPtargetFirstUpper,0.2833333333333333,0.2111111111111111,0.37222222222222223,180,0
2023Q4,L0-winnerA,FPnegativeCertain,0.6611111111111111,0.5666666666666667,0.7388888888888889,180,0
2023Q4,L0-winnerA,FPnegativePossible,0.6833333333333333,0.6054166666666666,0.7444444444444445,180,0
2023Q4,L0-winnerA,FPloss5Certain,0.6,0.5055555555555555,0.6944444444444444,180,0
2023Q4,L0-winnerA,FPloss5Possible,0.6222222222222222,0.5388888888888889,0.7055555555555556,180,0
2023Q4,L0-winnerA,FPambiguous,0.022222222222222223,0.0,0.039027777777777654,180,0
2023Q4,L0-winnerA,FPstopBeforeLaterTouch,0.11666666666666667,0.08888888888888889,0.16111111111111112,180,0
2023Q4,L0-winnerA,netD5,-0.01726453395323155,-0.037809886333285976,0.008707458980033923,180,0
2023Q4,L0-winnerA,FPnetLower,-0.008812949104761303,-0.017265009891907893,0.0029159804699511647,180,0
2023Q4,L0-winnerA,FPnetUpper,-0.005479615771427971,-0.01561864068997492,0.00828225547155065,180,0
2023Q4,L0-winnerA,targetOnlyNet,-0.008450174185702953,-0.025669031787944045,0.01262733007576091,180,0
2023Q4,L0-winnerA,strictCoverage,1.0,1.0,1.0,180,0
2023Q4,L0-winnerA,scoreAll3AtLeast70,0.0,0.0,0.0,60,0
2023Q4,L0-winnerA,all3Touch,0.13333333333333333,0.05,0.23333333333333334,60,0
2023Q4,L0-winnerA,threePicksCoverage,1.0,1.0,1.0,60,0
2023Q4,L0-winnerB,touch,0.36666666666666664,0.32222222222222224,0.42777777777777776,180,0
2023Q4,L0-winnerB,L5,0.4222222222222222,0.3611111111111111,0.4666666666666667,180,0
2023Q4,L0-winnerB,ANYnegativeD5,0.6111111111111112,0.5222222222222223,0.6612499999999999,180,0
2023Q4,L0-winnerB,D1bull,0.4,0.35,0.4666666666666667,180,0
2023Q4,L0-winnerB,FPtargetFirstLower,0.25,0.18888888888888888,0.322361111111111,180,0
2023Q4,L0-winnerB,FPtargetFirstUpper,0.2833333333333333,0.22777777777777777,0.3333333333333333,180,0
2023Q4,L0-winnerB,FPnegativeCertain,0.6777777777777778,0.6222222222222222,0.7444444444444445,180,0
2023Q4,L0-winnerB,FPnegativePossible,0.7111111111111111,0.6277777777777778,0.7833333333333333,180,0
2023Q4,L0-winnerB,FPloss5Certain,0.6277777777777778,0.5833333333333334,0.7055555555555556,180,0
2023Q4,L0-winnerB,FPloss5Possible,0.6611111111111111,0.5888888888888889,0.7444444444444445,180,0
2023Q4,L0-winnerB,FPambiguous,0.03333333333333333,0.0,0.05,180,0
2023Q4,L0-winnerB,FPstopBeforeLaterTouch,0.11666666666666667,0.05,0.18888888888888888,180,0
2023Q4,L0-winnerB,netD5,-0.019835100556027628,-0.03848352879101634,0.003719403968881484,180,0
2023Q4,L0-winnerB,FPnetLower,-0.013884101122225179,-0.024080322940043884,-0.0011415123211166065,180,0
2023Q4,L0-winnerB,FPnetUpper,-0.008884101122225187,-0.01840611088108086,0.0004549564384072533,180,0
2023Q4,L0-winnerB,targetOnlyNet,-0.014810887104703995,-0.025201108381134076,-0.003105407518611955,180,0
2023Q4,L0-winnerB,strictCoverage,1.0,1.0,1.0,180,0
2023Q4,L0-winnerB,scoreAll3AtLeast70,0.0,0.0,0.0,60,0
2023Q4,L0-winnerB,all3Touch,0.06666666666666667,0.016666666666666666,0.15,60,0
2023Q4,L0-winnerB,threePicksCoverage,1.0,1.0,1.0,60,0
2023Q4,FP-winnerFP,touch,0.30726256983240224,0.2442836736004109,0.3743016759776536,179,1
2023Q4,FP-winnerFP,L5,0.25139664804469275,0.15,0.36666666666666664,179,1
2023Q4,FP-winnerFP,ANYnegativeD5,0.4972067039106145,0.37988826815642457,0.5819796229289659,179,1
2023Q4,FP-winnerFP,D1bull,0.4692737430167598,0.3954543314500942,0.5,179,1
2023Q4,FP-winnerFP,FPtargetFirstLower,0.27932960893854747,0.21910112359550563,0.3559724457911182,179,1
2023Q4,FP-winnerFP,FPtargetFirstUpper,0.27932960893854747,0.21910112359550563,0.3559724457911182,179,1
2023Q4,FP-winnerFP,FPnegativeCertain,0.547486033519553,0.42777777777777776,0.6271351224105461,179,1
2023Q4,FP-winnerFP,FPnegativePossible,0.547486033519553,0.42777777777777776,0.6271351224105461,179,1
2023Q4,FP-winnerFP,FPloss5Certain,0.45251396648044695,0.3502824858757062,0.5311299435028248,179,1
2023Q4,FP-winnerFP,FPloss5Possible,0.45251396648044695,0.3502824858757062,0.5311299435028248,179,1
2023Q4,FP-winnerFP,FPambiguous,0.0,0.0,0.0,179,1
2023Q4,FP-winnerFP,FPstopBeforeLaterTouch,0.027932960893854747,0.005555555555555556,0.0446927374301676,179,1
2023Q4,FP-winnerFP,netD5,0.014329169341675954,-0.009111354629113045,0.04258756108128687,179,1
2023Q4,FP-winnerFP,FPnetLower,0.007523678139381199,-0.0024242539758488318,0.02104021967481658,179,1
2023Q4,FP-winnerFP,FPnetUpper,0.007523678139381199,-0.0024242539758488318,0.02104021967481658,179,1
2023Q4,FP-winnerFP,targetOnlyNet,0.0060975886229051755,-0.01303057335244281,0.025762826783879974,179,1
2023Q4,FP-winnerFP,strictCoverage,0.9944444444444445,0.9833333333333333,1.0,180,1
2023Q4,FP-winnerFP,scoreAll3AtLeast70,0.0,0.0,0.0,60,1
2023Q4,FP-winnerFP,all3Touch,0.06779661016949153,0.0,0.1694915254237288,59,1
2023Q4,FP-winnerFP,threePicksCoverage,1.0,1.0,1.0,60,1
2024,L5-winnerA,touch,0.4924346629986245,0.45179063360881544,0.5372954002846605,727,5
2024,L5-winnerA,L5,0.4497936726272352,0.40300520099278,0.4958959359605911,727,5
2024,L5-winnerA,ANYnegativeD5,0.5804676753782668,0.5276989179841141,0.6298380539111006,727,5
2024,L5-winnerA,D1bull,0.4828060522696011,0.4426002766251729,0.5213912756736385,727,5
2024,L5-winnerA,FPtargetFirstLower,0.3356258596973865,0.299029539432888,0.37726337448559666,727,5
2024,L5-winnerA,FPtargetFirstUpper,0.3658872077028886,0.3291735349286648,0.4065934065934066,727,5
2024,L5-winnerA,FPnegativeCertain,0.6024759284731774,0.5627174329501916,0.6433668227614588,727,5
2024,L5-winnerA,FPnegativePossible,0.6327372764786795,0.5904013774522824,0.6749423079109211,727,5
2024,L5-winnerA,FPloss5Certain,0.5887207702888583,0.5468163294385865,0.6303485695339144,727,5
2024,L5-winnerA,FPloss5Possible,0.6189821182943603,0.5743801652892562,0.662099075167257,727,5
2024,L5-winnerA,FPambiguous,0.030261348005502064,0.019175042664794556,0.04526748971193416,727,5
2024,L5-winnerA,FPstopBeforeLaterTouch,0.15680880330123798,0.13031550068587106,0.18793512300456744,727,5
2024,L5-winnerA,netD5,-0.007243785080882977,-0.02136726961068764,0.007363091053395632,727,5
2024,L5-winnerA,FPnetLower,2.1736357870333397e-05,-0.005834067688496111,0.00627241419181276,727,5
2024,L5-winnerA,FPnetUpper,0.00456093855869566,-0.0012262315091544486,0.01059372829221565,727,5
2024,L5-winnerA,targetOnlyNet,-0.0009257683505249417,-0.013088731978383873,0.009901330548814813,727,5
2024,L5-winnerA,strictCoverage,0.9931693989071039,0.9863387978142076,0.9986338797814208,732,5
2024,L5-winnerA,scoreAll3AtLeast70,0.012295081967213115,0.0,0.03278688524590164,244,5
2024,L5-winnerA,all3Touch,0.1589958158995816,0.1148936170212766,0.20679061181434596,239,5
2024,L5-winnerA,threePicksCoverage,1.0,1.0,1.0,244,5
2024,L5-winnerB,touch,0.4060356652949246,0.36538461538461536,0.4426341946074793,729,3
2024,L5-winnerB,L5,0.4458161865569273,0.40546558476847255,0.491099972791892,729,3
2024,L5-winnerB,ANYnegativeD5,0.6255144032921811,0.5849172726760246,0.6634486074270557,729,3
2024,L5-winnerB,D1bull,0.45267489711934156,0.418732782369146,0.48356164383561645,729,3
2024,L5-winnerB,FPtargetFirstLower,0.3004115226337449,0.2653828772117076,0.33792318982387476,729,3
2024,L5-winnerB,FPtargetFirstUpper,0.31550068587105623,0.2809820728227631,0.354311326498399,729,3
2024,L5-winnerB,FPnegativeCertain,0.6296296296296297,0.589035013848342,0.6625860149767253,729,3
2024,L5-winnerB,FPnegativePossible,0.644718792866941,0.6051785552996432,0.6817573887018332,729,3
2024,L5-winnerB,FPloss5Certain,0.5994513031550068,0.5596707818930041,0.6332509346713892,729,3
2024,L5-winnerB,FPloss5Possible,0.6145404663923183,0.5759233926128591,0.6515390859140858,729,3
2024,L5-winnerB,FPambiguous,0.015089163237311385,0.00821917808219178,0.024691358024691357,729,3
2024,L5-winnerB,FPstopBeforeLaterTouch,0.1056241426611797,0.08355878605025954,0.12602739726027398,729,3
2024,L5-winnerB,netD5,-0.017621275701173087,-0.031181370797930232,-0.003836511641964877,729,3
2024,L5-winnerB,FPnetLower,-0.0032336996265591887,-0.008519776121168466,0.0026200621193812217,729,3
2024,L5-winnerB,FPnetUpper,-0.0009703251409624849,-0.005931838362246604,0.004951565990041077,729,3
2024,L5-winnerB,targetOnlyNet,-0.007231344862317824,-0.01712992638342449,0.0012749959899391835,729,3
2024,L5-winnerB,strictCoverage,0.9959016393442623,0.9904371584699454,1.0,732,3
2024,L5-winnerB,scoreAll3AtLeast70,0.02459016393442623,0.0,0.05737704918032787,244,3
2024,L5-winnerB,all3Touch,0.07468879668049792,0.04583333333333333,0.11112258953168043,241,3
2024,L5-winnerB,threePicksCoverage,1.0,1.0,1.0,244,3
2024,currentOverall,touch,0.23972602739726026,0.20627108210213857,0.27634693219974904,730,2
2024,currentOverall,L5,0.3013698630136986,0.2650273224043716,0.3428971586948211,730,2
2024,currentOverall,ANYnegativeD5,0.6054794520547945,0.5561643835616439,0.6511004983388704,730,2
2024,currentOverall,D1bull,0.4246575342465753,0.39343532450033686,0.4665002436144894,730,2
2024,currentOverall,FPtargetFirstLower,0.20410958904109588,0.1728335870116692,0.2365986602852782,730,2
2024,currentOverall,FPtargetFirstUpper,0.2136986301369863,0.1821917808219178,0.24760137324223855,730,2
2024,currentOverall,FPnegativeCertain,0.6232876712328768,0.5808219178082191,0.6666780821917808,730,2
2024,currentOverall,FPnegativePossible,0.6328767123287671,0.5904109589041096,0.6785237932382255,730,2
2024,currentOverall,FPloss5Certain,0.4986301369863014,0.4582734720838283,0.5397417686411933,730,2
2024,currentOverall,FPloss5Possible,0.5082191780821917,0.4663786851514538,0.5493339064584625,730,2
2024,currentOverall,FPambiguous,0.009589041095890411,0.002743390270026495,0.01912568306010929,730,2
2024,currentOverall,FPstopBeforeLaterTouch,0.03561643835616438,0.021887077362397495,0.05191256830601093,730,2
2024,currentOverall,netD5,-0.007750101089335461,-0.016363602337098243,0.002183338399150147,730,2
2024,currentOverall,FPnetLower,-0.004917096133887859,-0.010324659237599705,0.0004678931223248367,730,2
2024,currentOverall,FPnetUpper,-0.0034787399695042982,-0.008836557288810934,0.0018922323460892065,730,2
2024,currentOverall,targetOnlyNet,-0.004905295685749709,-0.011724464849906625,0.0018118313909741802,730,2
2024,currentOverall,strictCoverage,0.9972677595628415,0.9918032786885246,1.0,732,2
2024,currentOverall,scoreAll3AtLeast70,1.0,1.0,1.0,244,2
2024,currentOverall,all3Touch,0.04132231404958678,0.020491803278688523,0.06198347107438017,242,2
2024,currentOverall,threePicksCoverage,1.0,1.0,1.0,244,2
2024,ATRbaseline,touch,0.02459016393442623,0.012295081967213115,0.045081967213114756,732,0
2024,ATRbaseline,L5,0.05737704918032787,0.030054644808743168,0.08743169398907104,732,0
2024,ATRbaseline,ANYnegativeD5,0.5450819672131147,0.476775956284153,0.5969945355191257,732,0
2024,ATRbaseline,D1bull,0.453551912568306,0.4180327868852459,0.5000341530054645,732,0
2024,ATRbaseline,FPtargetFirstLower,0.02459016393442623,0.012295081967213115,0.045081967213114756,732,0
2024,ATRbaseline,FPtargetFirstUpper,0.02459016393442623,0.012295081967213115,0.045081967213114756,732,0
2024,ATRbaseline,FPnegativeCertain,0.5519125683060109,0.48357240437158466,0.605191256830601,732,0
2024,ATRbaseline,FPnegativePossible,0.5519125683060109,0.48357240437158466,0.605191256830601,732,0
2024,ATRbaseline,FPloss5Certain,0.09972677595628415,0.05191256830601093,0.15167349726775953,732,0
2024,ATRbaseline,FPloss5Possible,0.09972677595628415,0.05191256830601093,0.15167349726775953,732,0
2024,ATRbaseline,FPambiguous,0.0,0.0,0.0,732,0
2024,ATRbaseline,FPstopBeforeLaterTouch,0.0,0.0,0.0,732,0
2024,ATRbaseline,netD5,-0.0013142477401500085,-0.005694860268561582,0.004548742977765385,732,0
2024,ATRbaseline,FPnetLower,-0.002038901526963609,-0.0059909878349566625,0.002936450422789641,732,0
2024,ATRbaseline,FPnetUpper,-0.002038901526963609,-0.0059909878349566625,0.002936450422789641,732,0
2024,ATRbaseline,targetOnlyNet,-0.0019027299545527232,-0.005919361786477513,0.003044423277491045,732,0
2024,ATRbaseline,strictCoverage,1.0,1.0,1.0,732,0
2024,ATRbaseline,scoreAll3AtLeast70,0.0,0.0,0.0,244,0
2024,ATRbaseline,all3Touch,0.0,0.0,0.0,244,0
2024,ATRbaseline,threePicksCoverage,1.0,1.0,1.0,244,0
2024,L0-winnerA,touch,0.4644808743169399,0.4207650273224044,0.5054986338797814,732,0
2024,L0-winnerA,L5,0.40710382513661203,0.3633879781420765,0.45901639344262296,732,0
2024,L0-winnerA,ANYnegativeD5,0.569672131147541,0.5286885245901639,0.6161543715846994,732,0
2024,L0-winnerA,D1bull,0.5068306010928961,0.4713114754098361,0.5355191256830601,732,0
2024,L0-winnerA,FPtargetFirstLower,0.3292349726775956,0.2896174863387978,0.36615437158469943,732,0
2024,L0-winnerA,FPtargetFirstUpper,0.3510928961748634,0.31420765027322406,0.3852800546448087,732,0
2024,L0-winnerA,FPnegativeCertain,0.6024590163934426,0.5710382513661202,0.6407445355191257,732,0
2024,L0-winnerA,FPnegativePossible,0.6243169398907104,0.5887978142076503,0.6653005464480874,732,0
2024,L0-winnerA,FPloss5Certain,0.5724043715846995,0.5368852459016393,0.6133879781420765,732,0
2024,L0-winnerA,FPloss5Possible,0.5942622950819673,0.5532445355191257,0.636646174863388,732,0
2024,L0-winnerA,FPambiguous,0.02185792349726776,0.01092896174863388,0.03551912568306011,732,0
2024,L0-winnerA,FPstopBeforeLaterTouch,0.13524590163934427,0.10925546448087431,0.16393442622950818,732,0
2024,L0-winnerA,netD5,-0.002852274264858923,-0.017648040593340523,0.011411530547240915,732,0
2024,L0-winnerA,FPnetLower,0.0004047016805101061,-0.00559091286208878,0.00610947078022746,732,0
2024,L0-winnerA,FPnetUpper,0.003683390205100283,-0.0019906110677772684,0.008797120830265362,732,0
2024,L0-winnerA,targetOnlyNet,-0.0008024950807473868,-0.012556010832107702,0.008744364686556453,732,0
2024,L0-winnerA,strictCoverage,1.0,1.0,1.0,732,0
2024,L0-winnerA,scoreAll3AtLeast70,0.004098360655737705,0.0,0.012295081967213115,244,0
2024,L0-winnerA,all3Touch,0.10245901639344263,0.06147540983606557,0.14344262295081966,244,0
2024,L0-winnerA,threePicksCoverage,1.0,1.0,1.0,244,0
2024,L0-winnerB,touch,0.4322845417236662,0.38934426229508196,0.4726775956284153,731,1
2024,L0-winnerB,L5,0.4432284541723666,0.3988729508196721,0.4911080711354309,731,1
2024,L0-winnerB,ANYnegativeD5,0.5978112175102599,0.567696069087185,0.6379781420765027,731,1
2024,L0-winnerB,D1bull,0.4637482900136799,0.4248582416348529,0.5027909319191199,731,1
2024,L0-winnerB,FPtargetFirstLower,0.3023255813953488,0.25681394565461485,0.3374432340606849,731,1
2024,L0-winnerB,FPtargetFirstUpper,0.32421340629274964,0.2773224043715847,0.3633879781420765,731,1
2024,L0-winnerB,FPnegativeCertain,0.6292749658002736,0.5915300546448088,0.6758343091334895,731,1
2024,L0-winnerB,FPnegativePossible,0.6511627906976745,0.6147540983606558,0.6953893442622952,731,1
2024,L0-winnerB,FPloss5Certain,0.6087551299589603,0.5718194254445964,0.6525649794801641,731,1
2024,L0-winnerB,FPloss5Possible,0.6306429548563611,0.5928822520239511,0.6744297242343372,731,1
2024,L0-winnerB,FPambiguous,0.02188782489740082,0.01231148101634859,0.03551912568306011,731,1
2024,L0-winnerB,FPstopBeforeLaterTouch,0.12995896032831739,0.11080711354309165,0.15595075239398085,731,1
2024,L0-winnerB,netD5,-0.01569514134409131,-0.030552727746156683,-0.0025797954982386857,731,1
2024,L0-winnerB,FPnetLower,-0.0036614686620237208,-0.010487535284055024,0.0016823140660641959,731,1
2024,L0-winnerB,FPnetUpper,-0.0003782949274136051,-0.007333067702921862,0.005227152965631797,731,1
2024,L0-winnerB,targetOnlyNet,-0.006453281927178991,-0.018305980543620905,0.002906044616309106,731,1
2024,L0-winnerB,strictCoverage,0.9986338797814208,0.9959016393442623,1.0,732,1
2024,L0-winnerB,scoreAll3AtLeast70,0.0,0.0,0.0,244,1
2024,L0-winnerB,all3Touch,0.11934156378600823,0.07915030991735537,0.1598360655737705,243,1
2024,L0-winnerB,threePicksCoverage,1.0,1.0,1.0,244,1
2024,FP-winnerFP,touch,0.26639344262295084,0.22540983606557377,0.30327868852459017,732,0
2024,FP-winnerFP,L5,0.3319672131147541,0.2895833333333333,0.38114754098360654,732,0
2024,FP-winnerFP,ANYnegativeD5,0.5956284153005464,0.5464139344262295,0.6516393442622951,732,0
2024,FP-winnerFP,D1bull,0.42213114754098363,0.39340846994535517,0.45901639344262296,732,0
2024,FP-winnerFP,FPtargetFirstLower,0.20901639344262296,0.17076502732240437,0.24316939890710382,732,0
2024,FP-winnerFP,FPtargetFirstUpper,0.2185792349726776,0.18032786885245902,0.25136612021857924,732,0
2024,FP-winnerFP,FPnegativeCertain,0.6461748633879781,0.6065573770491803,0.6912909836065574,732,0
2024,FP-winnerFP,FPnegativePossible,0.6557377049180327,0.6188524590163934,0.703551912568306,732,0
2024,FP-winnerFP,FPloss5Certain,0.5300546448087432,0.4808401639344262,0.5846994535519126,732,0
2024,FP-winnerFP,FPloss5Possible,0.5396174863387978,0.4890710382513661,0.5942622950819673,732,0
2024,FP-winnerFP,FPambiguous,0.009562841530054645,0.004098360655737705,0.017759562841530054,732,0
2024,FP-winnerFP,FPstopBeforeLaterTouch,0.05737704918032787,0.04371584699453552,0.0765368852459016,732,0
2024,FP-winnerFP,netD5,-0.005720477710175647,-0.0170935618188754,0.003154811685547405,732,0
2024,FP-winnerFP,FPnetLower,-0.00772917145864068,-0.013964961639895232,-0.0028654374825339154,732,0
2024,FP-winnerFP,FPnetUpper,-0.006294745229132483,-0.012114537808508467,-0.0013997085637373447,732,0
2024,FP-winnerFP,targetOnlyNet,-0.007378441490952615,-0.016343240568423956,0.0007914576615692851,732,0
2024,FP-winnerFP,strictCoverage,1.0,1.0,1.0,732,0
2024,FP-winnerFP,scoreAll3AtLeast70,0.004098360655737705,0.0,0.012295081967213115,244,0
2024,FP-winnerFP,all3Touch,0.036885245901639344,0.01639344262295082,0.06147540983606557,244,0
2024,FP-winnerFP,threePicksCoverage,1.0,1.0,1.0,244,0
2024Q1,L5-winnerA,touch,0.47802197802197804,0.4388282688766114,0.5792349726775956,182,1
2024Q1,L5-winnerA,L5,0.5,0.41208791208791207,0.5604395604395604,182,1
2024Q1,L5-winnerA,ANYnegativeD5,0.6373626373626373,0.5355191256830601,0.6940426591794221,182,1
2024Q1,L5-winnerA,D1bull,0.4945054945054945,0.4585635359116022,0.5848360655737703,182,1
2024Q1,L5-winnerA,FPtargetFirstLower,0.2967032967032967,0.27071823204419887,0.366120218579235,182,1
2024Q1,L5-winnerA,FPtargetFirstUpper,0.34065934065934067,0.3021978021978022,0.43169398907103823,182,1
2024Q1,L5-winnerA,FPnegativeCertain,0.6208791208791209,0.5328942232630757,0.6703296703296703,182,1
2024Q1,L5-winnerA,FPnegativePossible,0.6648351648351648,0.5956284153005464,0.6994535519125683,182,1
2024Q1,L5-winnerA,FPloss5Certain,0.6043956043956044,0.5109192037470726,0.6574585635359116,182,1
2024Q1,L5-winnerA,FPloss5Possible,0.6483516483516484,0.5768442622950819,0.6868131868131868,182,1
2024Q1,L5-winnerA,FPambiguous,0.04395604395604396,0.02185792349726776,0.07103825136612021,182,1
2024Q1,L5-winnerA,FPstopBeforeLaterTouch,0.1813186813186813,0.14835164835164835,0.2459016393442623,182,1
2024Q1,L5-winnerA,netD5,-0.013775727475216002,-0.03359773302153104,0.01809461444386918,182,1
2024Q1,L5-winnerA,FPnetLower,-0.004542000686410353,-0.009184876475367346,0.005778913148052103,182,1
2024Q1,L5-winnerA,FPnetUpper,0.002051405906996241,-0.004536955193544464,0.015616276798341792,182,1
2024Q1,L5-winnerA,targetOnlyNet,-0.0016542061638026102,-0.015788117331634696,0.021828348282713537,182,1
2024Q1,L5-winnerA,strictCoverage,0.994535519125683,0.9890710382513661,1.0,183,1
2024Q1,L5-winnerA,scoreAll3AtLeast70,0.0,0.0,0.0,61,1
2024Q1,L5-winnerA,all3Touch,0.13333333333333333,0.06522752967778409,0.26229508196721313,60,1
2024Q1,L5-winnerA,threePicksCoverage,1.0,1.0,1.0,61,1
2024Q1,L5-winnerB,touch,0.43169398907103823,0.3770491803278688,0.5191256830601093,183,0
2024Q1,L5-winnerB,L5,0.4972677595628415,0.41530054644808745,0.5792349726775956,183,0
2024Q1,L5-winnerB,ANYnegativeD5,0.6666666666666666,0.5737704918032787,0.7323770491803278,183,0
2024Q1,L5-winnerB,D1bull,0.453551912568306,0.366120218579235,0.5355191256830601,183,0
2024Q1,L5-winnerB,FPtargetFirstLower,0.32786885245901637,0.2786885245901639,0.4207650273224044,183,0
2024Q1,L5-winnerB,FPtargetFirstUpper,0.3551912568306011,0.30601092896174864,0.4427595628415299,183,0
2024Q1,L5-winnerB,FPnegativeCertain,0.6174863387978142,0.5244535519125684,0.6612021857923497,183,0
2024Q1,L5-winnerB,FPnegativePossible,0.644808743169399,0.5519125683060109,0.6939890710382514,183,0
2024Q1,L5-winnerB,FPloss5Certain,0.5956284153005464,0.4972677595628415,0.6502732240437158,183,0
2024Q1,L5-winnerB,FPloss5Possible,0.6229508196721312,0.5245901639344263,0.6775956284153005,183,0
2024Q1,L5-winnerB,FPambiguous,0.0273224043715847,0.01092896174863388,0.04371584699453552,183,0
2024Q1,L5-winnerB,FPstopBeforeLaterTouch,0.10382513661202186,0.07103825136612021,0.1366120218579235,183,0
2024Q1,L5-winnerB,netD5,-0.034709708350376456,-0.05635949990710811,-0.016390060520104267,183,0
2024Q1,L5-winnerB,FPnetLower,-0.0014154574759798557,-0.009330445119063545,0.012598584694629199,183,0
2024Q1,L5-winnerB,FPnetUpper,0.0026829031797578496,-0.00461909192290583,0.01683837534542825,183,0
2024Q1,L5-winnerB,targetOnlyNet,-0.008091894181131444,-0.02494004580483269,0.011630334366361619,183,0
2024Q1,L5-winnerB,strictCoverage,1.0,1.0,1.0,183,0
2024Q1,L5-winnerB,scoreAll3AtLeast70,0.0,0.0,0.0,61,0
2024Q1,L5-winnerB,all3Touch,0.09836065573770492,0.04918032786885246,0.18032786885245902,61,0
2024Q1,L5-winnerB,threePicksCoverage,1.0,1.0,1.0,61,0
2024Q1,currentOverall,touch,0.24043715846994534,0.20218579234972678,0.3333333333333333,183,0
2024Q1,currentOverall,L5,0.26229508196721313,0.17486338797814208,0.3770491803278688,183,0
2024Q1,currentOverall,ANYnegativeD5,0.546448087431694,0.43169398907103823,0.639344262295082,183,0
2024Q1,currentOverall,D1bull,0.43169398907103823,0.366120218579235,0.5519125683060109,183,0
2024Q1,currentOverall,FPtargetFirstLower,0.22404371584699453,0.18579234972677597,0.31693989071038253,183,0
2024Q1,currentOverall,FPtargetFirstUpper,0.22404371584699453,0.18579234972677597,0.31693989071038253,183,0
2024Q1,currentOverall,FPnegativeCertain,0.5737704918032787,0.4644808743169399,0.6502732240437158,183,0
2024Q1,currentOverall,FPnegativePossible,0.5737704918032787,0.4644808743169399,0.6502732240437158,183,0
2024Q1,currentOverall,FPloss5Certain,0.4207650273224044,0.3551912568306011,0.5028688524590162,183,0
2024Q1,currentOverall,FPloss5Possible,0.4207650273224044,0.3551912568306011,0.5028688524590162,183,0
2024Q1,currentOverall,FPambiguous,0.0,0.0,0.0,183,0
2024Q1,currentOverall,FPstopBeforeLaterTouch,0.01639344262295082,0.00546448087431694,0.03825136612021858,183,0
2024Q1,currentOverall,netD5,0.008512003682329145,-0.004092951071111795,0.027251203646013845,183,0
2024Q1,currentOverall,FPnetLower,0.0032407414908045065,-0.004440337203698318,0.014308372663725916,183,0
2024Q1,currentOverall,FPnetUpper,0.0032407414908045065,-0.004440337203698318,0.014308372663725916,183,0
2024Q1,currentOverall,targetOnlyNet,0.000620935931460303,-0.011958064022968864,0.01707244781667486,183,0
2024Q1,currentOverall,strictCoverage,1.0,1.0,1.0,183,0
2024Q1,currentOverall,scoreAll3AtLeast70,1.0,1.0,1.0,61,0
2024Q1,currentOverall,all3Touch,0.01639344262295082,0.0,0.04918032786885246,61,0
2024Q1,currentOverall,threePicksCoverage,1.0,1.0,1.0,61,0
2024Q1,ATRbaseline,touch,0.04918032786885246,0.01092896174863388,0.11475409836065574,183,0
2024Q1,ATRbaseline,L5,0.01092896174863388,0.0,0.02185792349726776,183,0
2024Q1,ATRbaseline,ANYnegativeD5,0.5737704918032787,0.40437158469945356,0.6721311475409836,183,0
2024Q1,ATRbaseline,D1bull,0.47540983606557374,0.3770491803278688,0.6174863387978142,183,0
2024Q1,ATRbaseline,FPtargetFirstLower,0.04918032786885246,0.01092896174863388,0.11475409836065574,183,0
2024Q1,ATRbaseline,FPtargetFirstUpper,0.04918032786885246,0.01092896174863388,0.11475409836065574,183,0
2024Q1,ATRbaseline,FPnegativeCertain,0.5737704918032787,0.40437158469945356,0.6721311475409836,183,0
2024Q1,ATRbaseline,FPnegativePossible,0.5737704918032787,0.40437158469945356,0.6721311475409836,183,0
2024Q1,ATRbaseline,FPloss5Certain,0.03278688524590164,0.01639344262295082,0.04918032786885246,183,0
2024Q1,ATRbaseline,FPloss5Possible,0.03278688524590164,0.01639344262295082,0.04918032786885246,183,0
2024Q1,ATRbaseline,FPambiguous,0.0,0.0,0.0,183,0
2024Q1,ATRbaseline,FPstopBeforeLaterTouch,0.0,0.0,0.0,183,0
2024Q1,ATRbaseline,netD5,0.00418559649817771,-0.005970900293587871,0.023304222580130745,183,0
2024Q1,ATRbaseline,FPnetLower,0.002021978052272944,-0.006340013278930264,0.01657914963412142,183,0
2024Q1,ATRbaseline,FPnetUpper,0.002021978052272944,-0.006340013278930264,0.01657914963412142,183,0
2024Q1,ATRbaseline,targetOnlyNet,0.002118754809141454,-0.0061500243050448085,0.017055047266928733,183,0
2024Q1,ATRbaseline,strictCoverage,1.0,1.0,1.0,183,0
2024Q1,ATRbaseline,scoreAll3AtLeast70,0.0,0.0,0.0,61,0
2024Q1,ATRbaseline,all3Touch,0.0,0.0,0.0,61,0
2024Q1,ATRbaseline,threePicksCoverage,1.0,1.0,1.0,61,0
2024Q1,L0-winnerA,touch,0.44808743169398907,0.3989071038251366,0.5300546448087432,183,0
2024Q1,L0-winnerA,L5,0.44808743169398907,0.32786885245901637,0.5573770491803278,183,0
2024Q1,L0-winnerA,ANYnegativeD5,0.6174863387978142,0.5573770491803278,0.6885245901639344,183,0
2024Q1,L0-winnerA,D1bull,0.4972677595628415,0.4424863387978142,0.5628415300546448,183,0
2024Q1,L0-winnerA,FPtargetFirstLower,0.3005464480874317,0.24043715846994534,0.3770491803278688,183,0
2024Q1,L0-winnerA,FPtargetFirstUpper,0.3333333333333333,0.2786885245901639,0.40437158469945356,183,0
2024Q1,L0-winnerA,FPnegativeCertain,0.6065573770491803,0.5519125683060109,0.6721311475409836,183,0
2024Q1,L0-winnerA,FPnegativePossible,0.639344262295082,0.5792349726775956,0.7213114754098361,183,0
2024Q1,L0-winnerA,FPloss5Certain,0.5628415300546448,0.4918032786885246,0.6229508196721312,183,0
2024Q1,L0-winnerA,FPloss5Possible,0.5956284153005464,0.5245901639344263,0.6612021857923497,183,0
2024Q1,L0-winnerA,FPambiguous,0.03278688524590164,0.01092896174863388,0.06557377049180328,183,0
2024Q1,L0-winnerA,FPstopBeforeLaterTouch,0.14754098360655737,0.11475409836065574,0.2185792349726776,183,0
2024Q1,L0-winnerA,netD5,-0.006126110559455718,-0.032566644046540465,0.024021371902284688,183,0
2024Q1,L0-winnerA,FPnetLower,-0.001720215223754339,-0.012307965234897432,0.008711468906436629,183,0
2024Q1,L0-winnerA,FPnetUpper,0.0031978175631309077,-0.005192495686626304,0.012771820094999366,183,0
2024Q1,L0-winnerA,targetOnlyNet,-0.0006774777357735496,-0.016589648931224443,0.022745189147106895,183,0
2024Q1,L0-winnerA,strictCoverage,1.0,1.0,1.0,183,0
2024Q1,L0-winnerA,scoreAll3AtLeast70,0.0,0.0,0.0,61,0
2024Q1,L0-winnerA,all3Touch,0.06557377049180328,0.01639344262295082,0.13114754098360656,61,0
2024Q1,L0-winnerA,threePicksCoverage,1.0,1.0,1.0,61,0
2024Q1,L0-winnerB,touch,0.43169398907103823,0.3770491803278688,0.5409836065573771,183,0
2024Q1,L0-winnerB,L5,0.4808743169398907,0.3442622950819672,0.5519125683060109,183,0
2024Q1,L0-winnerB,ANYnegativeD5,0.6174863387978142,0.5027322404371585,0.6830601092896175,183,0
2024Q1,L0-winnerB,D1bull,0.45901639344262296,0.4262295081967213,0.5519125683060109,183,0
2024Q1,L0-winnerB,FPtargetFirstLower,0.30601092896174864,0.25136612021857924,0.4098360655737705,183,0
2024Q1,L0-winnerB,FPtargetFirstUpper,0.3442622950819672,0.29508196721311475,0.44808743169398907,183,0
2024Q1,L0-winnerB,FPnegativeCertain,0.6065573770491803,0.5136612021857924,0.6612021857923497,183,0
2024Q1,L0-winnerB,FPnegativePossible,0.644808743169399,0.546448087431694,0.7049180327868853,183,0
2024Q1,L0-winnerB,FPloss5Certain,0.5956284153005464,0.4918032786885246,0.6502732240437158,183,0
2024Q1,L0-winnerB,FPloss5Possible,0.6338797814207651,0.5245901639344263,0.6941256830601091,183,0
2024Q1,L0-winnerB,FPambiguous,0.03825136612021858,0.02185792349726776,0.060109289617486336,183,0
2024Q1,L0-winnerB,FPstopBeforeLaterTouch,0.12568306010928962,0.09289617486338798,0.17486338797814208,183,0
2024Q1,L0-winnerB,netD5,-0.022337384976440854,-0.041465747584633,0.012953253005810125,183,0
2024Q1,L0-winnerB,FPnetLower,-0.002882070009472853,-0.01132027246218119,0.012427837708621126,183,0
2024Q1,L0-winnerB,FPnetUpper,0.0028556349085599327,-0.004191310059811306,0.01767812234325843,183,0
2024Q1,L0-winnerB,targetOnlyNet,-0.006846032852202912,-0.02054231977350192,0.019901733252271618,183,0
2024Q1,L0-winnerB,strictCoverage,1.0,1.0,1.0,183,0
2024Q1,L0-winnerB,scoreAll3AtLeast70,0.0,0.0,0.0,61,0
2024Q1,L0-winnerB,all3Touch,0.14754098360655737,0.08196721311475409,0.26229508196721313,61,0
2024Q1,L0-winnerB,threePicksCoverage,1.0,1.0,1.0,61,0
2024Q1,FP-winnerFP,touch,0.26229508196721313,0.19672131147540983,0.3333333333333333,183,0
2024Q1,FP-winnerFP,L5,0.2677595628415301,0.20765027322404372,0.34972677595628415,183,0
2024Q1,FP-winnerFP,ANYnegativeD5,0.5519125683060109,0.48633879781420764,0.6338797814207651,183,0
2024Q1,FP-winnerFP,D1bull,0.4262295081967213,0.3442622950819672,0.5081967213114754,183,0
2024Q1,FP-winnerFP,FPtargetFirstLower,0.1912568306010929,0.12568306010928962,0.2459016393442623,183,0
2024Q1,FP-winnerFP,FPtargetFirstUpper,0.20218579234972678,0.1366120218579235,0.26229508196721313,183,0
2024Q1,FP-winnerFP,FPnegativeCertain,0.6229508196721312,0.5737704918032787,0.6939890710382514,183,0
2024Q1,FP-winnerFP,FPnegativePossible,0.6338797814207651,0.5901639344262295,0.7049180327868853,183,0
2024Q1,FP-winnerFP,FPloss5Certain,0.47540983606557374,0.4098360655737705,0.5846994535519126,183,0
2024Q1,FP-winnerFP,FPloss5Possible,0.48633879781420764,0.41530054644808745,0.6010928961748634,183,0
2024Q1,FP-winnerFP,FPambiguous,0.01092896174863388,0.0,0.0273224043715847,183,0
2024Q1,FP-winnerFP,FPstopBeforeLaterTouch,0.07103825136612021,0.03825136612021858,0.12021857923497267,183,0
2024Q1,FP-winnerFP,netD5,0.005265172827222926,-0.011796930911073688,0.018175660097260675,183,0
2024Q1,FP-winnerFP,FPnetLower,-0.005151952389262428,-0.01583362297133875,0.0011199411417790312,183,0
2024Q1,FP-winnerFP,FPnetUpper,-0.00351260812696735,-0.013751184741197162,0.0030196329687513755,183,0
2024Q1,FP-winnerFP,targetOnlyNet,-0.0010548600696075145,-0.01356888724492357,0.011133369937934968,183,0
2024Q1,FP-winnerFP,strictCoverage,1.0,1.0,1.0,183,0
2024Q1,FP-winnerFP,scoreAll3AtLeast70,0.0,0.0,0.0,61,0
2024Q1,FP-winnerFP,all3Touch,0.01639344262295082,0.0,0.04918032786885246,61,0
2024Q1,FP-winnerFP,threePicksCoverage,1.0,1.0,1.0,61,0
2024Q2,L5-winnerA,touch,0.5280898876404494,0.47752808988764045,0.6034750633157997,178,2
2024Q2,L5-winnerA,L5,0.398876404494382,0.2752170582226762,0.46368715083798884,178,2
2024Q2,L5-winnerA,ANYnegativeD5,0.5168539325842697,0.4261151384535005,0.5587205152079453,178,2
2024Q2,L5-winnerA,D1bull,0.5056179775280899,0.4438202247191011,0.5666666666666667,178,2
2024Q2,L5-winnerA,FPtargetFirstLower,0.37640449438202245,0.2864768376122026,0.4632768361581921,178,2
2024Q2,L5-winnerA,FPtargetFirstUpper,0.398876404494382,0.33328651685393257,0.47458337278666796,178,2
2024Q2,L5-winnerA,FPnegativeCertain,0.5730337078651685,0.48863636363636365,0.6497245762711864,178,2
2024Q2,L5-winnerA,FPnegativePossible,0.5955056179775281,0.5,0.6928347247504865,178,2
2024Q2,L5-winnerA,FPloss5Certain,0.550561797752809,0.4627913961038961,0.6312849162011173,178,2
2024Q2,L5-winnerA,FPloss5Possible,0.5730337078651685,0.4715243002054443,0.6759776536312849,178,2
2024Q2,L5-winnerA,FPambiguous,0.02247191011235955,0.005649717514124294,0.05,178,2
2024Q2,L5-winnerA,FPstopBeforeLaterTouch,0.15168539325842698,0.10555555555555556,0.22033898305084745,178,2
2024Q2,L5-winnerA,netD5,0.007643696703203867,-0.00949130583330601,0.036052191986458836,178,2
2024Q2,L5-winnerA,FPnetLower,0.006175247419242823,-0.007698733463960509,0.02012617629200645,178,2
2024Q2,L5-winnerA,FPnetUpper,0.009546033936096758,-0.0010733766668190525,0.02185897441893239,178,2
2024Q2,L5-winnerA,targetOnlyNet,0.011873287457966846,0.00112945809354032,0.031648762724496675,178,2
2024Q2,L5-winnerA,strictCoverage,0.9888888888888889,0.9666666666666667,1.0,180,2
2024Q2,L5-winnerA,scoreAll3AtLeast70,0.0,0.0,0.0,60,2
2024Q2,L5-winnerA,all3Touch,0.2413793103448276,0.15789473684210525,0.31666666666666665,58,2
2024Q2,L5-winnerA,threePicksCoverage,1.0,1.0,1.0,60,2
2024Q2,L5-winnerB,touch,0.3407821229050279,0.2513617318435754,0.43895018621973925,179,1
2024Q2,L5-winnerB,L5,0.39664804469273746,0.31666666666666665,0.45,179,1
2024Q2,L5-winnerB,ANYnegativeD5,0.6033519553072626,0.5222222222222223,0.6888888888888889,179,1
2024Q2,L5-winnerB,D1bull,0.4748603351955307,0.4222222222222222,0.5168055555555555,179,1
2024Q2,L5-winnerB,FPtargetFirstLower,0.2905027932960894,0.2111111111111111,0.38333333333333336,179,1
2024Q2,L5-winnerB,FPtargetFirstUpper,0.3016759776536313,0.2222222222222222,0.3911460273122283,179,1
2024Q2,L5-winnerB,FPnegativeCertain,0.6256983240223464,0.55,0.7,179,1
2024Q2,L5-winnerB,FPnegativePossible,0.6368715083798883,0.5585816263190565,0.7151233705772811,179,1
2024Q2,L5-winnerB,FPloss5Certain,0.5921787709497207,0.5221554934823092,0.6611111111111111,179,1
2024Q2,L5-winnerB,FPloss5Possible,0.6033519553072626,0.5277777777777778,0.6722222222222223,179,1
2024Q2,L5-winnerB,FPambiguous,0.0111731843575419,0.0,0.027777777777777776,179,1
2024Q2,L5-winnerB,FPstopBeforeLaterTouch,0.05027932960893855,0.027932960893854747,0.07777777777777778,179,1
2024Q2,L5-winnerB,netD5,-0.0035722994832938027,-0.026058307829879314,0.019905307911873327,179,1
2024Q2,L5-winnerB,FPnetLower,-0.003361090173842659,-0.014965672643499227,0.008361836139585759,179,1
2024Q2,L5-winnerB,FPnetUpper,-0.0016851125202113737,-0.013073928411542713,0.009609426320003256,179,1
2024Q2,L5-winnerB,targetOnlyNet,-0.007052413190259111,-0.02387331212860032,0.009921177361435633,179,1
2024Q2,L5-winnerB,strictCoverage,0.9944444444444445,0.9944444444444445,1.0,180,1
2024Q2,L5-winnerB,scoreAll3AtLeast70,0.0,0.0,0.0,60,1
2024Q2,L5-winnerB,all3Touch,0.0847457627118644,0.03389830508474576,0.15,59,1
2024Q2,L5-winnerB,threePicksCoverage,1.0,1.0,1.0,60,1
2024Q2,currentOverall,touch,0.20555555555555555,0.15,0.2833333333333333,180,0
2024Q2,currentOverall,L5,0.28888888888888886,0.2,0.3277777777777778,180,0
2024Q2,currentOverall,ANYnegativeD5,0.6388888888888888,0.5388888888888889,0.7112499999999999,180,0
2024Q2,currentOverall,D1bull,0.3888888888888889,0.28888888888888886,0.4222222222222222,180,0
2024Q2,currentOverall,FPtargetFirstLower,0.18333333333333332,0.13333333333333333,0.24444444444444444,180,0
2024Q2,currentOverall,FPtargetFirstUpper,0.19444444444444445,0.14430555555555555,0.26666666666666666,180,0
2024Q2,currentOverall,FPnegativeCertain,0.6666666666666666,0.5888888888888889,0.7333333333333333,180,0
2024Q2,currentOverall,FPnegativePossible,0.6777777777777778,0.6054166666666666,0.7444444444444445,180,0
2024Q2,currentOverall,FPloss5Certain,0.5555555555555556,0.4722222222222222,0.6001388888888888,180,0
2024Q2,currentOverall,FPloss5Possible,0.5666666666666667,0.49444444444444446,0.6111111111111112,180,0
2024Q2,currentOverall,FPambiguous,0.011111111111111112,0.0,0.03333333333333333,180,0
2024Q2,currentOverall,FPstopBeforeLaterTouch,0.022222222222222223,0.005555555555555556,0.05,180,0
2024Q2,currentOverall,netD5,-0.006263758094996016,-0.02173920479844591,0.01678408522740334,180,0
2024Q2,currentOverall,FPnetLower,-0.010756626579875956,-0.019289329021547817,-0.0008185624990674132,180,0
2024Q2,currentOverall,FPnetUpper,-0.009089959913209291,-0.017903542641618125,0.002410096473407868,180,0
2024Q2,currentOverall,targetOnlyNet,-0.00798968358730847,-0.01887504245325169,0.004538678139316265,180,0
2024Q2,currentOverall,strictCoverage,1.0,1.0,1.0,180,0
2024Q2,currentOverall,scoreAll3AtLeast70,1.0,1.0,1.0,60,0
2024Q2,currentOverall,all3Touch,0.03333333333333333,0.0,0.08333333333333333,60,0
2024Q2,currentOverall,threePicksCoverage,1.0,1.0,1.0,60,0
2024Q2,ATRbaseline,touch,0.005555555555555556,0.0,0.011111111111111112,180,0
2024Q2,ATRbaseline,L5,0.03333333333333333,0.0,0.06666666666666667,180,0
2024Q2,ATRbaseline,ANYnegativeD5,0.5333333333333333,0.3333333333333333,0.6612499999999999,180,0
2024Q2,ATRbaseline,D1bull,0.4166666666666667,0.3665277777777778,0.49444444444444446,180,0
2024Q2,ATRbaseline,FPtargetFirstLower,0.005555555555555556,0.0,0.011111111111111112,180,0
2024Q2,ATRbaseline,FPtargetFirstUpper,0.005555555555555556,0.0,0.011111111111111112,180,0
2024Q2,ATRbaseline,FPnegativeCertain,0.5333333333333333,0.3333333333333333,0.6612499999999999,180,0
2024Q2,ATRbaseline,FPnegativePossible,0.5333333333333333,0.3333333333333333,0.6612499999999999,180,0
2024Q2,ATRbaseline,FPloss5Certain,0.044444444444444446,0.0,0.08888888888888889,180,0
2024Q2,ATRbaseline,FPloss5Possible,0.044444444444444446,0.0,0.08888888888888889,180,0
2024Q2,ATRbaseline,FPambiguous,0.0,0.0,0.0,180,0
2024Q2,ATRbaseline,FPstopBeforeLaterTouch,0.0,0.0,0.0,180,0
2024Q2,ATRbaseline,netD5,-0.002860008384334009,-0.00893825804365684,0.008456584755607056,180,0
2024Q2,ATRbaseline,FPnetLower,-0.002406276924062355,-0.008491269062347885,0.008470821810199902,180,0
2024Q2,ATRbaseline,FPnetUpper,-0.002406276924062355,-0.008491269062347885,0.008470821810199902,180,0
2024Q2,ATRbaseline,targetOnlyNet,-0.0028464604944075087,-0.008937580649160524,0.008456923452855213,180,0
2024Q2,ATRbaseline,strictCoverage,1.0,1.0,1.0,180,0
2024Q2,ATRbaseline,scoreAll3AtLeast70,0.0,0.0,0.0,60,0
2024Q2,ATRbaseline,all3Touch,0.0,0.0,0.0,60,0
2024Q2,ATRbaseline,threePicksCoverage,1.0,1.0,1.0,60,0
2024Q2,L0-winnerA,touch,0.5333333333333333,0.43333333333333335,0.6333333333333333,180,0
2024Q2,L0-winnerA,L5,0.35555555555555557,0.24986111111111112,0.4444444444444444,180,0
2024Q2,L0-winnerA,ANYnegativeD5,0.4888888888888889,0.40555555555555556,0.5722222222222222,180,0
2024Q2,L0-winnerA,D1bull,0.5,0.4111111111111111,0.5777777777777777,180,0
2024Q2,L0-winnerA,FPtargetFirstLower,0.3888888888888889,0.3054166666666667,0.49444444444444446,180,0
2024Q2,L0-winnerA,FPtargetFirstUpper,0.39444444444444443,0.3055555555555556,0.5,180,0
2024Q2,L0-winnerA,FPnegativeCertain,0.5611111111111111,0.4665277777777778,0.6388888888888888,180,0
2024Q2,L0-winnerA,FPnegativePossible,0.5666666666666667,0.4722222222222222,0.6444444444444445,180,0
2024Q2,L0-winnerA,FPloss5Certain,0.5444444444444444,0.43333333333333335,0.6222222222222222,180,0
2024Q2,L0-winnerA,FPloss5Possible,0.55,0.4388888888888889,0.6277777777777778,180,0
2024Q2,L0-winnerA,FPambiguous,0.005555555555555556,0.0,0.016666666666666666,180,0
2024Q2,L0-winnerA,FPstopBeforeLaterTouch,0.14444444444444443,0.08888888888888889,0.18333333333333332,180,0
2024Q2,L0-winnerA,netD5,0.018944280137524156,-0.00671974558763037,0.04802511350415924,180,0
2024Q2,L0-winnerA,FPnetLower,0.009379320769731579,-0.002467168100161847,0.02489833329223735,180,0
2024Q2,L0-winnerA,FPnetUpper,0.010212654103064912,-0.002058003761069654,0.02556288098988078,180,0
2024Q2,L0-winnerA,targetOnlyNet,0.01480328771129982,-0.005208038783066559,0.034668956203831786,180,0
2024Q2,L0-winnerA,strictCoverage,1.0,1.0,1.0,180,0
2024Q2,L0-winnerA,scoreAll3AtLeast70,0.0,0.0,0.0,60,0
2024Q2,L0-winnerA,all3Touch,0.18333333333333332,0.08333333333333333,0.3,60,0
2024Q2,L0-winnerA,threePicksCoverage,1.0,1.0,1.0,60,0
2024Q2,L0-winnerB,touch,0.45,0.39444444444444443,0.5277777777777778,180,0
2024Q2,L0-winnerB,L5,0.40555555555555556,0.32222222222222224,0.4556944444444443,180,0
2024Q2,L0-winnerB,ANYnegativeD5,0.5777777777777777,0.5277777777777778,0.61125,180,0
2024Q2,L0-winnerB,D1bull,0.42777777777777776,0.34444444444444444,0.5055555555555555,180,0
2024Q2,L0-winnerB,FPtargetFirstLower,0.29444444444444445,0.23319444444444445,0.37222222222222223,180,0
2024Q2,L0-winnerB,FPtargetFirstUpper,0.31666666666666665,0.2554166666666667,0.39444444444444443,180,0
2024Q2,L0-winnerB,FPnegativeCertain,0.6555555555555556,0.5833333333333334,0.7166666666666667,180,0
2024Q2,L0-winnerB,FPnegativePossible,0.6777777777777778,0.6,0.7333333333333333,180,0
2024Q2,L0-winnerB,FPloss5Certain,0.6388888888888888,0.5555555555555556,0.6944444444444444,180,0
2024Q2,L0-winnerB,FPloss5Possible,0.6611111111111111,0.5777777777777777,0.7168055555555555,180,0
2024Q2,L0-winnerB,FPambiguous,0.022222222222222223,0.005555555555555556,0.044444444444444446,180,0
2024Q2,L0-winnerB,FPstopBeforeLaterTouch,0.15555555555555556,0.12222222222222222,0.20555555555555555,180,0
2024Q2,L0-winnerB,netD5,-0.0033450764813289465,-0.025891746487286395,0.025585820449014668,180,0
2024Q2,L0-winnerB,FPnetLower,-0.006267675155783236,-0.015242578203198777,0.005454865227784487,180,0
2024Q2,L0-winnerB,FPnetUpper,-0.0029343418224499003,-0.012037480005535754,0.008226146444863011,180,0
2024Q2,L0-winnerB,targetOnlyNet,-0.0004096640150120077,-0.012771081708620992,0.020356831138927903,180,0
2024Q2,L0-winnerB,strictCoverage,1.0,1.0,1.0,180,0
2024Q2,L0-winnerB,scoreAll3AtLeast70,0.0,0.0,0.0,60,0
2024Q2,L0-winnerB,all3Touch,0.1,0.03333333333333333,0.15,60,0
2024Q2,L0-winnerB,threePicksCoverage,1.0,1.0,1.0,60,0
2024Q2,FP-winnerFP,touch,0.25555555555555554,0.2,0.3111111111111111,180,0
2024Q2,FP-winnerFP,L5,0.28888888888888886,0.18333333333333332,0.33347222222222206,180,0
2024Q2,FP-winnerFP,ANYnegativeD5,0.5833333333333334,0.47208333333333335,0.6444444444444445,180,0
2024Q2,FP-winnerFP,D1bull,0.38333333333333336,0.3055555555555556,0.43333333333333335,180,0
2024Q2,FP-winnerFP,FPtargetFirstLower,0.17777777777777778,0.12777777777777777,0.2222222222222222,180,0
2024Q2,FP-winnerFP,FPtargetFirstUpper,0.18888888888888888,0.15,0.22777777777777777,180,0
2024Q2,FP-winnerFP,FPnegativeCertain,0.65,0.5666666666666667,0.7,180,0
2024Q2,FP-winnerFP,FPnegativePossible,0.6611111111111111,0.5833333333333334,0.7111111111111111,180,0
2024Q2,FP-winnerFP,FPloss5Certain,0.5,0.3611111111111111,0.5611111111111111,180,0
2024Q2,FP-winnerFP,FPloss5Possible,0.5111111111111111,0.37222222222222223,0.5722222222222222,180,0
2024Q2,FP-winnerFP,FPambiguous,0.011111111111111112,0.0,0.03333333333333333,180,0
2024Q2,FP-winnerFP,FPstopBeforeLaterTouch,0.07777777777777778,0.03888888888888889,0.11680555555555543,180,0
2024Q2,FP-winnerFP,netD5,-0.004049896537705274,-0.01582715126258755,0.01023990224499259,180,0
2024Q2,FP-winnerFP,FPnetLower,-0.009713537347232147,-0.014698375571259576,-0.002308982785200168,180,0
2024Q2,FP-winnerFP,FPnetUpper,-0.00804687068056548,-0.0119807903752759,-0.000940994803736621,180,0
2024Q2,FP-winnerFP,targetOnlyNet,-0.0004007582709790949,-0.009703262170204733,0.013233659431859217,180,0
2024Q2,FP-winnerFP,strictCoverage,1.0,1.0,1.0,180,0
2024Q2,FP-winnerFP,scoreAll3AtLeast70,0.0,0.0,0.0,60,0
2024Q2,FP-winnerFP,all3Touch,0.016666666666666666,0.0,0.05,60,0
2024Q2,FP-winnerFP,threePicksCoverage,1.0,1.0,1.0,60,0
2024Q3,L5-winnerA,touch,0.4486486486486487,0.3387956107879429,0.5376344086021505,185,1
2024Q3,L5-winnerA,L5,0.43243243243243246,0.34395161290322585,0.554945054945055,185,1
2024Q3,L5-winnerA,ANYnegativeD5,0.5567567567567567,0.45161290322580644,0.7032967032967034,185,1
2024Q3,L5-winnerA,D1bull,0.4594594594594595,0.3625388198757764,0.5698924731182796,185,1
2024Q3,L5-winnerA,FPtargetFirstLower,0.35135135135135137,0.25540250420369925,0.42473118279569894,185,1
2024Q3,L5-winnerA,FPtargetFirstUpper,0.3675675675675676,0.26875438288920056,0.4486486486486487,185,1
2024Q3,L5-winnerA,FPnegativeCertain,0.5891891891891892,0.5081081081081081,0.7081251856251856,185,1
2024Q3,L5-winnerA,FPnegativePossible,0.6054054054054054,0.532194856146469,0.7228260869565217,185,1
2024Q3,L5-winnerA,FPloss5Certain,0.572972972972973,0.49455536181342635,0.6848333731485905,185,1
2024Q3,L5-winnerA,FPloss5Possible,0.5891891891891892,0.5160636442894507,0.7032967032967034,185,1
2024Q3,L5-winnerA,FPambiguous,0.016216216216216217,0.005405405405405406,0.032432432432432434,185,1
2024Q3,L5-winnerA,FPstopBeforeLaterTouch,0.0972972972972973,0.06989247311827956,0.1358695652173913,185,1
2024Q3,L5-winnerA,netD5,-0.002504620600621832,-0.041084483169396106,0.02877586280645046,185,1
2024Q3,L5-winnerA,FPnetLower,0.0032897470067673623,-0.01299030850490605,0.014725658773764817,185,1
2024Q3,L5-winnerA,FPnetUpper,0.005722179439199793,-0.010659804483613786,0.018199326792928027,185,1
2024Q3,L5-winnerA,targetOnlyNet,-0.011248850403873694,-0.04787596672212941,0.009961030792315287,185,1
2024Q3,L5-winnerA,strictCoverage,0.9946236559139785,0.9838709677419355,1.0,186,1
2024Q3,L5-winnerA,scoreAll3AtLeast70,0.03225806451612903,0.0,0.09717741935483834,62,1
2024Q3,L5-winnerA,all3Touch,0.11475409836065574,0.04838709677419355,0.1774193548387097,61,1
2024Q3,L5-winnerA,threePicksCoverage,1.0,1.0,1.0,62,1
2024Q3,L5-winnerB,touch,0.42702702702702705,0.372972972972973,0.4864864864864865,185,1
2024Q3,L5-winnerB,L5,0.41621621621621624,0.3621621621621622,0.5381059048178612,185,1
2024Q3,L5-winnerB,ANYnegativeD5,0.5945945945945946,0.5217332865825152,0.6810870210870211,185,1
2024Q3,L5-winnerB,D1bull,0.43783783783783786,0.40860215053763443,0.5136612021857924,185,1
2024Q3,L5-winnerB,FPtargetFirstLower,0.31351351351351353,0.2594594594594595,0.3804347826086957,185,1
2024Q3,L5-winnerB,FPtargetFirstUpper,0.31891891891891894,0.2702702702702703,0.3825136612021858,185,1
2024Q3,L5-winnerB,FPnegativeCertain,0.6054054054054054,0.5350809325809326,0.6827956989247311,185,1
2024Q3,L5-winnerB,FPnegativePossible,0.6108108108108108,0.5404885654885655,0.6918918918918919,185,1
2024Q3,L5-winnerB,FPloss5Certain,0.5621621621621622,0.5027027027027027,0.6432432432432432,185,1
2024Q3,L5-winnerB,FPloss5Possible,0.5675675675675675,0.5054347826086957,0.6505376344086021,185,1
2024Q3,L5-winnerB,FPambiguous,0.005405405405405406,0.0,0.016304347826086956,185,1
2024Q3,L5-winnerB,FPstopBeforeLaterTouch,0.11351351351351352,0.08108108108108109,0.15055797733217086,185,1
2024Q3,L5-winnerB,netD5,0.0008212328491769138,-0.037776129373376495,0.03402640508509697,185,1
2024Q3,L5-winnerB,FPnetLower,0.0015030355414453562,-0.008744697545319861,0.012360500693725665,185,1
2024Q3,L5-winnerB,FPnetUpper,0.0023138463522561666,-0.007312018511373579,0.013013763391778713,185,1
2024Q3,L5-winnerB,targetOnlyNet,-9.663179017579931e-05,-0.024000804446649395,0.014299088314066018,185,1
2024Q3,L5-winnerB,strictCoverage,0.9946236559139785,0.9838709677419355,1.0,186,1
2024Q3,L5-winnerB,scoreAll3AtLeast70,0.0,0.0,0.0,62,1
2024Q3,L5-winnerB,all3Touch,0.03278688524590164,0.0,0.08196721311475409,61,1
2024Q3,L5-winnerB,threePicksCoverage,1.0,1.0,1.0,62,1
2024Q3,currentOverall,touch,0.24456521739130435,0.17391304347826086,0.32608695652173914,184,2
2024Q3,currentOverall,L5,0.34782608695652173,0.2864864864864865,0.41850017531556805,184,2
2024Q3,currentOverall,ANYnegativeD5,0.5869565217391305,0.48876344086021506,0.6973379831444347,184,2
2024Q3,currentOverall,D1bull,0.46195652173913043,0.41754826254826255,0.5380434782608695,184,2
2024Q3,currentOverall,FPtargetFirstLower,0.21195652173913043,0.14516129032258066,0.2956989247311828,184,2
2024Q3,currentOverall,FPtargetFirstUpper,0.21739130434782608,0.15591397849462366,0.2967032967032967,184,2
2024Q3,currentOverall,FPnegativeCertain,0.6086956521739131,0.5055555555555555,0.7027426620168555,184,2
2024Q3,currentOverall,FPnegativePossible,0.6141304347826086,0.5081967213114754,0.7096774193548387,184,2
2024Q3,currentOverall,FPloss5Certain,0.4945652173913043,0.4021470377448638,0.6021505376344086,184,2
2024Q3,currentOverall,FPloss5Possible,0.5,0.4085773141654979,0.6075268817204301,184,2
2024Q3,currentOverall,FPambiguous,0.005434782608695652,0.0,0.01639344262295082,184,2
2024Q3,currentOverall,FPstopBeforeLaterTouch,0.03260869565217391,0.01092896174863388,0.053770706190061024,184,2
2024Q3,currentOverall,netD5,-0.015087124676516768,-0.03462995212436531,0.0029234499603600955,184,2
2024Q3,currentOverall,FPnetLower,-0.003300830192876292,-0.017338083929954996,0.010985227678739806,184,2
2024Q3,currentOverall,FPnetUpper,-0.0024856128015719446,-0.016085455771825578,0.011233660793787077,184,2
2024Q3,currentOverall,targetOnlyNet,-0.006919839473505657,-0.024173720934034592,0.009020996633428823,184,2
2024Q3,currentOverall,strictCoverage,0.989247311827957,0.967741935483871,1.0,186,2
2024Q3,currentOverall,scoreAll3AtLeast70,1.0,1.0,1.0,62,2
2024Q3,currentOverall,all3Touch,0.06666666666666667,0.03225806451612903,0.1206896551724138,60,2
2024Q3,currentOverall,threePicksCoverage,1.0,1.0,1.0,62,2
2024Q3,ATRbaseline,touch,0.016129032258064516,0.005376344086021506,0.026881720430107527,186,0
2024Q3,ATRbaseline,L5,0.06451612903225806,0.026881720430107527,0.13454301075268804,186,0
2024Q3,ATRbaseline,ANYnegativeD5,0.510752688172043,0.43010752688172044,0.6075268817204301,186,0
2024Q3,ATRbaseline,D1bull,0.4731182795698925,0.43010752688172044,0.5431451612903224,186,0
2024Q3,ATRbaseline,FPtargetFirstLower,0.016129032258064516,0.005376344086021506,0.026881720430107527,186,0
2024Q3,ATRbaseline,FPtargetFirstUpper,0.016129032258064516,0.005376344086021506,0.026881720430107527,186,0
2024Q3,ATRbaseline,FPnegativeCertain,0.510752688172043,0.43010752688172044,0.6075268817204301,186,0
2024Q3,ATRbaseline,FPnegativePossible,0.510752688172043,0.43010752688172044,0.6075268817204301,186,0
2024Q3,ATRbaseline,FPloss5Certain,0.11290322580645161,0.03225806451612903,0.27970430107526867,186,0
2024Q3,ATRbaseline,FPloss5Possible,0.11290322580645161,0.03225806451612903,0.27970430107526867,186,0
2024Q3,ATRbaseline,FPambiguous,0.0,0.0,0.0,186,0
2024Q3,ATRbaseline,FPstopBeforeLaterTouch,0.0,0.0,0.0,186,0
2024Q3,ATRbaseline,netD5,-0.0006602785086829179,-0.008194651988202468,0.005245844693356135,186,0
2024Q3,ATRbaseline,FPnetLower,-0.00102618233659302,-0.008785454974698991,0.00497161444235164,186,0
2024Q3,ATRbaseline,FPnetUpper,-0.00102618233659302,-0.008785454974698991,0.00497161444235164,186,0
2024Q3,ATRbaseline,targetOnlyNet,-0.0011160357255659678,-0.00852091083049138,0.004917138808501071,186,0
2024Q3,ATRbaseline,strictCoverage,1.0,1.0,1.0,186,0
2024Q3,ATRbaseline,scoreAll3AtLeast70,0.0,0.0,0.0,62,0
2024Q3,ATRbaseline,all3Touch,0.0,0.0,0.0,62,0
2024Q3,ATRbaseline,threePicksCoverage,1.0,1.0,1.0,62,0
2024Q3,L0-winnerA,touch,0.40860215053763443,0.3279569892473118,0.489247311827957,186,0
2024Q3,L0-winnerA,L5,0.3817204301075269,0.3170698924731183,0.510752688172043,186,0
2024Q3,L0-winnerA,ANYnegativeD5,0.5698924731182796,0.4731182795698925,0.6612903225806451,186,0
2024Q3,L0-winnerA,D1bull,0.5161290322580645,0.478494623655914,0.5806451612903226,186,0
2024Q3,L0-winnerA,FPtargetFirstLower,0.3225806451612903,0.26881720430107525,0.3817204301075269,186,0
2024Q3,L0-winnerA,FPtargetFirstUpper,0.3279569892473118,0.27419354838709675,0.3924731182795699,186,0
2024Q3,L0-winnerA,FPnegativeCertain,0.6182795698924731,0.5483870967741935,0.6935483870967742,186,0
2024Q3,L0-winnerA,FPnegativePossible,0.6236559139784946,0.559005376344086,0.6935483870967742,186,0
2024Q3,L0-winnerA,FPloss5Certain,0.5698924731182796,0.5053763440860215,0.6666666666666666,186,0
2024Q3,L0-winnerA,FPloss5Possible,0.5752688172043011,0.510752688172043,0.6720430107526881,186,0
2024Q3,L0-winnerA,FPambiguous,0.005376344086021506,0.0,0.016129032258064516,186,0
2024Q3,L0-winnerA,FPstopBeforeLaterTouch,0.08602150537634409,0.03225806451612903,0.13978494623655913,186,0
2024Q3,L0-winnerA,netD5,-0.0005257613637586824,-0.036266375141135836,0.031128159020285987,186,0
2024Q3,L0-winnerA,FPnetLower,0.0003263483516325827,-0.009997107705651622,0.009906991249760178,186,0
2024Q3,L0-winnerA,FPnetUpper,0.0011327999645358079,-0.009315094668529922,0.011091209204438044,186,0
2024Q3,L0-winnerA,targetOnlyNet,-0.006889071096648844,-0.037535255854285174,0.012850069981542096,186,0
2024Q3,L0-winnerA,strictCoverage,1.0,1.0,1.0,186,0
2024Q3,L0-winnerA,scoreAll3AtLeast70,0.016129032258064516,0.0,0.04838709677419355,62,0
2024Q3,L0-winnerA,all3Touch,0.06451612903225806,0.0,0.14516129032258066,62,0
2024Q3,L0-winnerA,threePicksCoverage,1.0,1.0,1.0,62,0
2024Q3,L0-winnerB,touch,0.41935483870967744,0.3064516129032258,0.5053763440860215,186,0
2024Q3,L0-winnerB,L5,0.43010752688172044,0.34408602150537637,0.5645161290322581,186,0
2024Q3,L0-winnerB,ANYnegativeD5,0.5967741935483871,0.5161290322580645,0.6936827956989247,186,0
2024Q3,L0-winnerB,D1bull,0.43010752688172044,0.3548387096774194,0.5053763440860215,186,0
2024Q3,L0-winnerB,FPtargetFirstLower,0.3172043010752688,0.20430107526881722,0.40860215053763443,186,0
2024Q3,L0-winnerB,FPtargetFirstUpper,0.3172043010752688,0.20430107526881722,0.40860215053763443,186,0
2024Q3,L0-winnerB,FPnegativeCertain,0.6129032258064516,0.515994623655914,0.7311827956989247,186,0
2024Q3,L0-winnerB,FPnegativePossible,0.6129032258064516,0.515994623655914,0.7311827956989247,186,0
2024Q3,L0-winnerB,FPloss5Certain,0.5806451612903226,0.489247311827957,0.6881720430107527,186,0
2024Q3,L0-winnerB,FPloss5Possible,0.5806451612903226,0.489247311827957,0.6881720430107527,186,0
2024Q3,L0-winnerB,FPambiguous,0.0,0.0,0.0,186,0
2024Q3,L0-winnerB,FPstopBeforeLaterTouch,0.10215053763440861,0.06451612903225806,0.13440860215053763,186,0
2024Q3,L0-winnerB,netD5,-0.012291207656030213,-0.052476442786914546,0.019150709743166593,186,0
2024Q3,L0-winnerB,FPnetLower,5.2535880903422246e-05,-0.01661330311411585,0.014148373248034,186,0
2024Q3,L0-winnerB,FPnetUpper,5.2535880903422246e-05,-0.01661330311411585,0.014148373248034,186,0
2024Q3,L0-winnerB,targetOnlyNet,-0.009475974959549743,-0.04122456363368016,0.008940309341721502,186,0
2024Q3,L0-winnerB,strictCoverage,1.0,1.0,1.0,186,0
2024Q3,L0-winnerB,scoreAll3AtLeast70,0.0,0.0,0.0,62,0
2024Q3,L0-winnerB,all3Touch,0.11290322580645161,0.04838709677419355,0.1774193548387097,62,0
2024Q3,L0-winnerB,threePicksCoverage,1.0,1.0,1.0,62,0
2024Q3,FP-winnerFP,touch,0.2956989247311828,0.1774193548387097,0.3870967741935484,186,0
2024Q3,FP-winnerFP,L5,0.3817204301075269,0.3010752688172043,0.4838709677419355,186,0
2024Q3,FP-winnerFP,ANYnegativeD5,0.6075268817204301,0.4838709677419355,0.7313172043010752,186,0
2024Q3,FP-winnerFP,D1bull,0.45161290322580644,0.3978494623655914,0.5216397849462364,186,0
2024Q3,FP-winnerFP,FPtargetFirstLower,0.25806451612903225,0.15591397849462366,0.34408602150537637,186,0
2024Q3,FP-winnerFP,FPtargetFirstUpper,0.25806451612903225,0.15591397849462366,0.34408602150537637,186,0
2024Q3,FP-winnerFP,FPnegativeCertain,0.6451612903225806,0.5428763440860215,0.7580645161290323,186,0
2024Q3,FP-winnerFP,FPnegativePossible,0.6451612903225806,0.5428763440860215,0.7580645161290323,186,0
2024Q3,FP-winnerFP,FPloss5Certain,0.5645161290322581,0.478494623655914,0.6774193548387096,186,0
2024Q3,FP-winnerFP,FPloss5Possible,0.5645161290322581,0.478494623655914,0.6774193548387096,186,0
2024Q3,FP-winnerFP,FPambiguous,0.0,0.0,0.0,186,0
2024Q3,FP-winnerFP,FPstopBeforeLaterTouch,0.03763440860215054,0.016129032258064516,0.053763440860215055,186,0
2024Q3,FP-winnerFP,netD5,-0.0053019479039640134,-0.03382319665512166,0.01729729431827215,186,0
2024Q3,FP-winnerFP,FPnetLower,-0.00531084953258169,-0.021051701769384357,0.008322769107821064,186,0
2024Q3,FP-winnerFP,FPnetUpper,-0.00531084953258169,-0.021051701769384357,0.008322769107821064,186,0
2024Q3,FP-winnerFP,targetOnlyNet,-0.00992621380202799,-0.032518814396014034,0.007349113700490625,186,0
2024Q3,FP-winnerFP,strictCoverage,1.0,1.0,1.0,186,0
2024Q3,FP-winnerFP,scoreAll3AtLeast70,0.016129032258064516,0.0,0.04838709677419355,62,0
2024Q3,FP-winnerFP,all3Touch,0.0967741935483871,0.03225806451612903,0.16129032258064516,62,0
2024Q3,FP-winnerFP,threePicksCoverage,1.0,1.0,1.0,62,0
2024Q4,L5-winnerA,touch,0.5164835164835165,0.4175824175824176,0.6010928961748634,182,1
2024Q4,L5-winnerA,L5,0.46703296703296704,0.38461538461538464,0.5629188434516302,182,1
2024Q4,L5-winnerA,ANYnegativeD5,0.6098901098901099,0.5139626223031575,0.7252747252747253,182,1
2024Q4,L5-winnerA,D1bull,0.4725274725274725,0.42857142857142855,0.511174863387978,182,1
2024Q4,L5-winnerA,FPtargetFirstLower,0.31868131868131866,0.23626373626373626,0.38124792440298283,182,1
2024Q4,L5-winnerA,FPtargetFirstUpper,0.35714285714285715,0.2677322404371585,0.41530054644808745,182,1
2024Q4,L5-winnerA,FPnegativeCertain,0.6263736263736264,0.574585635359116,0.6995086495788424,182,1
2024Q4,L5-winnerA,FPnegativePossible,0.6648351648351648,0.6043409629044988,0.7362637362637363,182,1
2024Q4,L5-winnerA,FPloss5Certain,0.6263736263736264,0.574585635359116,0.6995086495788424,182,1
2024Q4,L5-winnerA,FPloss5Possible,0.6648351648351648,0.6043409629044988,0.7362637362637363,182,1
2024Q4,L5-winnerA,FPambiguous,0.038461538461538464,0.005494505494505495,0.08241758241758242,182,1
2024Q4,L5-winnerA,FPstopBeforeLaterTouch,0.1978021978021978,0.14285714285714285,0.2582774269928966,182,1
2024Q4,L5-winnerA,netD5,-0.02008940964487834,-0.0507772031118856,0.010018818279575166,182,1
2024Q4,L5-winnerA,FPnetLower,-0.004754674614169046,-0.01611345988608623,0.004371086521581986,182,1
2024Q4,L5-winnerA,FPnetUpper,0.0010145561550617243,-0.010570742621916042,0.008916275015377005,182,1
2024Q4,L5-winnerA,targetOnlyNet,-0.0022218456693462825,-0.02820772664529035,0.021106752975584425,182,1
2024Q4,L5-winnerA,strictCoverage,0.994535519125683,0.9836065573770492,1.0,183,1
2024Q4,L5-winnerA,scoreAll3AtLeast70,0.01639344262295082,0.0,0.04918032786885246,61,1
2024Q4,L5-winnerA,all3Touch,0.15,0.0677683615819209,0.2459016393442623,60,1
2024Q4,L5-winnerA,threePicksCoverage,1.0,1.0,1.0,61,1
2024Q4,L5-winnerB,touch,0.4230769230769231,0.34801848703782406,0.47259273875295965,182,1
2024Q4,L5-winnerB,L5,0.4725274725274725,0.4098360655737705,0.5635958654605063,182,1
2024Q4,L5-winnerB,ANYnegativeD5,0.6373626373626373,0.5954918032786886,0.7268386015759442,182,1
2024Q4,L5-winnerB,D1bull,0.44505494505494503,0.3811631048509502,0.5081989855991306,182,1
2024Q4,L5-winnerB,FPtargetFirstLower,0.2692307692307692,0.2130646630236794,0.3114754098360656,182,1
2024Q4,L5-winnerB,FPtargetFirstUpper,0.2857142857142857,0.21666666666666667,0.34065934065934067,182,1
2024Q4,L5-winnerB,FPnegativeCertain,0.6703296703296703,0.6065573770491803,0.7348066298342542,182,1
2024Q4,L5-winnerB,FPnegativePossible,0.6868131868131868,0.6284153005464481,0.7486338797814208,182,1
2024Q4,L5-winnerB,FPloss5Certain,0.6483516483516484,0.5823599052880821,0.7197802197802198,182,1
2024Q4,L5-winnerB,FPloss5Possible,0.6648351648351648,0.6043409629044988,0.7348066298342542,182,1
2024Q4,L5-winnerB,FPambiguous,0.016483516483516484,0.0,0.04371584699453552,182,1
2024Q4,L5-winnerB,FPstopBeforeLaterTouch,0.15384615384615385,0.09390975047052395,0.19674833363357952,182,1
2024Q4,L5-winnerB,netD5,-0.033002856195738596,-0.055682503614097524,-0.022342498071821707,182,1
2024Q4,L5-winnerB,FPnetLower,-0.00975145463575215,-0.01847999038252423,-0.0022056927724723816,182,1
2024Q4,L5-winnerB,FPnetUpper,-0.007278927163224679,-0.016320370476149624,0.0017048309085995878,182,1
2024Q4,L5-winnerB,targetOnlyNet,-0.013794367732108457,-0.036338212352565215,0.005575606401034682,182,1
2024Q4,L5-winnerB,strictCoverage,0.994535519125683,0.9836065573770492,1.0,183,1
2024Q4,L5-winnerB,scoreAll3AtLeast70,0.09836065573770492,0.01639344262295082,0.21311475409836064,61,1
2024Q4,L5-winnerB,all3Touch,0.08333333333333333,0.03278688524590164,0.16393442622950818,60,1
2024Q4,L5-winnerB,threePicksCoverage,1.0,1.0,1.0,61,1
2024Q4,currentOverall,touch,0.2677595628415301,0.1912568306010929,0.3224043715846995,183,0
2024Q4,currentOverall,L5,0.30601092896174864,0.273224043715847,0.3770491803278688,183,0
2024Q4,currentOverall,ANYnegativeD5,0.6502732240437158,0.6174863387978142,0.7049180327868853,183,0
2024Q4,currentOverall,D1bull,0.41530054644808745,0.3551912568306011,0.45901639344262296,183,0
2024Q4,currentOverall,FPtargetFirstLower,0.19672131147540983,0.1366120218579235,0.22404371584699453,183,0
2024Q4,currentOverall,FPtargetFirstUpper,0.2185792349726776,0.15300546448087432,0.26229508196721313,183,0
2024Q4,currentOverall,FPnegativeCertain,0.644808743169399,0.6010928961748634,0.7214480874316939,183,0
2024Q4,currentOverall,FPnegativePossible,0.6666666666666666,0.6284153005464481,0.7486338797814208,183,0
2024Q4,currentOverall,FPloss5Certain,0.5245901639344263,0.47540983606557374,0.6120218579234973,183,0
2024Q4,currentOverall,FPloss5Possible,0.546448087431694,0.5027322404371585,0.639344262295082,183,0
2024Q4,currentOverall,FPambiguous,0.02185792349726776,0.00546448087431694,0.04918032786885246,183,0
2024Q4,currentOverall,FPstopBeforeLaterTouch,0.07103825136612021,0.03825136612021858,0.11489071038251354,183,0
2024Q4,currentOverall,netD5,-0.01809706596449592,-0.03281314786419328,-0.012172495492482269,183,0
2024Q4,currentOverall,FPnetLower,-0.008956231315237458,-0.019556940981467166,-0.004811444782654917,183,0
2024Q4,currentOverall,FPnetUpper,-0.005677542790647291,-0.016263021430243312,0.000659965691789867,183,0
2024Q4,currentOverall,targetOnlyNet,-0.005372150913737472,-0.019517644332444864,0.0033431831712947193,183,0
2024Q4,currentOverall,strictCoverage,1.0,1.0,1.0,183,0
2024Q4,currentOverall,scoreAll3AtLeast70,1.0,1.0,1.0,61,0
2024Q4,currentOverall,all3Touch,0.04918032786885246,0.0,0.08196721311475409,61,0
2024Q4,currentOverall,threePicksCoverage,1.0,1.0,1.0,61,0
2024Q4,ATRbaseline,touch,0.0273224043715847,0.01092896174863388,0.0546448087431694,183,0
2024Q4,ATRbaseline,L5,0.12021857923497267,0.060109289617486336,0.19672131147540983,183,0
2024Q4,ATRbaseline,ANYnegativeD5,0.5628415300546448,0.458879781420765,0.6229508196721312,183,0
2024Q4,ATRbaseline,D1bull,0.44808743169398907,0.39344262295081966,0.5245901639344263,183,0
2024Q4,ATRbaseline,FPtargetFirstLower,0.0273224043715847,0.01092896174863388,0.0546448087431694,183,0
2024Q4,ATRbaseline,FPtargetFirstUpper,0.0273224043715847,0.01092896174863388,0.0546448087431694,183,0
2024Q4,ATRbaseline,FPnegativeCertain,0.5901639344262295,0.4808743169398907,0.6557377049180327,183,0
2024Q4,ATRbaseline,FPnegativePossible,0.5901639344262295,0.4808743169398907,0.6557377049180327,183,0
2024Q4,ATRbaseline,FPloss5Certain,0.20765027322404372,0.12568306010928962,0.3334699453551911,183,0
2024Q4,ATRbaseline,FPloss5Possible,0.20765027322404372,0.12568306010928962,0.3334699453551911,183,0
2024Q4,ATRbaseline,FPambiguous,0.0,0.0,0.0,183,0
2024Q4,ATRbaseline,FPstopBeforeLaterTouch,0.0,0.0,0.0,183,0
2024Q4,ATRbaseline,netD5,-0.005958361711263294,-0.013176674474192568,0.0010092258446569129,183,0
2024Q4,ATRbaseline,FPnetLower,-0.006767749400905927,-0.013592405698876143,-0.0006103182852192031,183,0
2024Q4,ATRbaseline,FPnetUpper,-0.006767749400905927,-0.013592405698876143,-0.0006103182852192031,183,0
2024Q4,ATRbaseline,targetOnlyNet,-0.005795546026540202,-0.012899135898110998,0.0011976018558882812,183,0
2024Q4,ATRbaseline,strictCoverage,1.0,1.0,1.0,183,0
2024Q4,ATRbaseline,scoreAll3AtLeast70,0.0,0.0,0.0,61,0
2024Q4,ATRbaseline,all3Touch,0.0,0.0,0.0,61,0
2024Q4,ATRbaseline,threePicksCoverage,1.0,1.0,1.0,61,0
2024Q4,L0-winnerA,touch,0.46994535519125685,0.37158469945355194,0.524726775956284,183,0
2024Q4,L0-winnerA,L5,0.4426229508196721,0.3989071038251366,0.5136612021857924,183,0
2024Q4,L0-winnerA,ANYnegativeD5,0.6010928961748634,0.5683060109289617,0.6939890710382514,183,0
2024Q4,L0-winnerA,D1bull,0.5136612021857924,0.45901639344262296,0.5683060109289617,183,0
2024Q4,L0-winnerA,FPtargetFirstLower,0.30601092896174864,0.23497267759562843,0.33879781420765026,183,0
2024Q4,L0-winnerA,FPtargetFirstUpper,0.34972677595628415,0.273224043715847,0.3825136612021858,183,0
2024Q4,L0-winnerA,FPnegativeCertain,0.6229508196721312,0.6010928961748634,0.6885245901639344,183,0
2024Q4,L0-winnerA,FPnegativePossible,0.6666666666666666,0.639344262295082,0.73224043715847,183,0
2024Q4,L0-winnerA,FPloss5Certain,0.6120218579234973,0.5901639344262295,0.6721311475409836,183,0
2024Q4,L0-winnerA,FPloss5Possible,0.6557377049180327,0.6338797814207651,0.7213114754098361,183,0
2024Q4,L0-winnerA,FPambiguous,0.04371584699453552,0.02185792349726776,0.07650273224043716,183,0
2024Q4,L0-winnerA,FPstopBeforeLaterTouch,0.16393442622950818,0.10382513661202186,0.22418032786885234,183,0
2024Q4,L0-winnerA,netD5,-0.02338232426552771,-0.04483181385720215,-0.005376528748833441,183,0
2024Q4,L0-winnerA,FPnetLower,-0.006218237791666147,-0.01651434494747412,-0.0015281510050805449,183,0
2024Q4,L0-winnerA,FPnetUpper,0.00033913925751418166,-0.00897509922149274,0.003697714719256658,183,0
2024Q4,L0-winnerA,targetOnlyNet,-0.01009110676239241,-0.02620562549396393,-2.1318099489115597e-05,183,0
2024Q4,L0-winnerA,strictCoverage,1.0,1.0,1.0,183,0
2024Q4,L0-winnerA,scoreAll3AtLeast70,0.0,0.0,0.0,61,0
2024Q4,L0-winnerA,all3Touch,0.09836065573770492,0.01639344262295082,0.14754098360655737,61,0
2024Q4,L0-winnerA,threePicksCoverage,1.0,1.0,1.0,61,0
2024Q4,L0-winnerB,touch,0.42857142857142855,0.3444398907103825,0.5081967213114754,182,1
2024Q4,L0-winnerB,L5,0.45604395604395603,0.4010989010989011,0.5384615384615384,182,1
2024Q4,L0-winnerB,ANYnegativeD5,0.5989010989010989,0.5603788476716653,0.6813186813186813,182,1
2024Q4,L0-winnerB,D1bull,0.5384615384615384,0.45246485358217203,0.5989010989010989,182,1
2024Q4,L0-winnerB,FPtargetFirstLower,0.29120879120879123,0.21978021978021978,0.34258445792953535,182,1
2024Q4,L0-winnerB,FPtargetFirstUpper,0.31868131868131866,0.23626373626373626,0.3879781420765027,182,1
2024Q4,L0-winnerB,FPnegativeCertain,0.6428571428571429,0.5792349726775956,0.7222605893186004,182,1
2024Q4,L0-winnerB,FPnegativePossible,0.6703296703296703,0.6174863387978142,0.7472527472527473,182,1
2024Q4,L0-winnerB,FPloss5Certain,0.6208791208791209,0.5737704918032787,0.7032967032967034,182,1
2024Q4,L0-winnerB,FPloss5Possible,0.6483516483516484,0.6120218579234973,0.7252747252747253,182,1
2024Q4,L0-winnerB,FPambiguous,0.027472527472527472,0.0,0.07142857142857142,182,1
2024Q4,L0-winnerB,FPstopBeforeLaterTouch,0.13736263736263737,0.1,0.1978021978021978,182,1
2024Q4,L0-winnerB,netD5,-0.024709497149347455,-0.04646987064780658,-0.011409082590366446,182,1
2024Q4,L0-winnerB,FPnetLower,-0.005663213879191581,-0.01675506212154488,0.0010847226713662976,182,1
2024Q4,L0-winnerB,FPnetUpper,-0.001542334758312461,-0.013563657568749329,0.007507899881532181,182,1
2024Q4,L0-winnerB,targetOnlyNet,-0.00894645171228734,-0.03190562236154883,0.007309623688467155,182,1
2024Q4,L0-winnerB,strictCoverage,0.994535519125683,0.9836065573770492,1.0,183,1
2024Q4,L0-winnerB,scoreAll3AtLeast70,0.0,0.0,0.0,61,1
2024Q4,L0-winnerB,all3Touch,0.11666666666666667,0.03333333333333333,0.21311475409836064,60,1
2024Q4,L0-winnerB,threePicksCoverage,1.0,1.0,1.0,61,1
2024Q4,FP-winnerFP,touch,0.25136612021857924,0.1912568306010929,0.2896174863387978,183,0
2024Q4,FP-winnerFP,L5,0.3879781420765027,0.3333333333333333,0.4808743169398907,183,0
2024Q4,FP-winnerFP,ANYnegativeD5,0.639344262295082,0.5573770491803278,0.7487704918032786,183,0
2024Q4,FP-winnerFP,D1bull,0.4262295081967213,0.3825136612021858,0.4918032786885246,183,0
2024Q4,FP-winnerFP,FPtargetFirstLower,0.20765027322404372,0.14754098360655737,0.22950819672131148,183,0
2024Q4,FP-winnerFP,FPtargetFirstUpper,0.22404371584699453,0.16939890710382513,0.2459016393442623,183,0
2024Q4,FP-winnerFP,FPnegativeCertain,0.6666666666666666,0.6065573770491803,0.7650273224043715,183,0
2024Q4,FP-winnerFP,FPnegativePossible,0.6830601092896175,0.6229508196721312,0.7814207650273224,183,0
2024Q4,FP-winnerFP,FPloss5Certain,0.5792349726775956,0.5355191256830601,0.6939890710382514,183,0
2024Q4,FP-winnerFP,FPloss5Possible,0.5956284153005464,0.5572404371584699,0.7103825136612022,183,0
2024Q4,FP-winnerFP,FPambiguous,0.01639344262295082,0.00546448087431694,0.03278688524590164,183,0
2024Q4,FP-winnerFP,FPstopBeforeLaterTouch,0.04371584699453552,0.0273224043715847,0.07650273224043716,183,0
2024Q4,FP-winnerFP,netD5,-0.01877471379402249,-0.038605553862594275,-0.003962748283186736,183,0
2024Q4,FP-winnerFP,FPnetLower,-0.010812521775562717,-0.02276007848178108,-0.006022989568522317,183,0
2024Q4,FP-winnerFP,FPnetUpper,-0.008353505382120097,-0.019810418576231014,-0.003113409358846864,183,0
2024Q4,FP-winnerFP,targetOnlyNet,-0.01797577881249016,-0.03574074972959296,-0.007324193998704475,183,0
2024Q4,FP-winnerFP,strictCoverage,1.0,1.0,1.0,183,0
2024Q4,FP-winnerFP,scoreAll3AtLeast70,0.0,0.0,0.0,61,0
2024Q4,FP-winnerFP,all3Touch,0.01639344262295082,0.0,0.03278688524590164,61,0
2024Q4,FP-winnerFP,threePicksCoverage,1.0,1.0,1.0,61,0
