scope,comparison,metric,point,lower95,upper95
whole2023_2024,L5-winnerA minus currentOverall,touch,0.2435641987252314,0.21279302463628078,0.27811742202516215
whole2023_2024,L5-winnerA minus currentOverall,L5,0.1531994537375176,0.11931261300017562,0.1869912459192572
whole2023_2024,L5-winnerA minus currentOverall,ANYnegativeD5,0.018979107568265263,-0.021023806980838312,0.06004007022738451
whole2023_2024,L5-winnerA minus currentOverall,D1bull,0.05510832722340775,0.01869174539481618,0.08999599970659686
whole2023_2024,L5-winnerA minus currentOverall,FPtargetFirstLower,0.13763893736486915,0.10928278745481582,0.16736350813458822
whole2023_2024,L5-winnerA minus currentOverall,FPtargetFirstUpper,0.14799028346150514,0.11962615118659949,0.17820947767458054
whole2023_2024,L5-winnerA minus currentOverall,FPnegativeCertain,-0.003445295279233318,-0.04044523578211945,0.03080080677810503
whole2023_2024,L5-winnerA minus currentOverall,FPnegativePossible,0.006906050817402587,-0.031128273247119,0.040053770140732685
whole2023_2024,L5-winnerA minus currentOverall,FPloss5Certain,0.10016654915308232,0.06229916310813343,0.13893439273151534
whole2023_2024,L5-winnerA minus currentOverall,FPloss5Possible,0.11051789524971833,0.07119135716892643,0.14848350559386514
whole2023_2024,L5-winnerA minus currentOverall,FPambiguous,0.010351346096635988,0.0014601711631954326,0.01926445018115131
whole2023_2024,L5-winnerA minus currentOverall,FPstopBeforeLaterTouch,0.10592526136036223,0.08666959305042908,0.12529097109987758
whole2023_2024,L5-winnerA minus currentOverall,netD5,-6.605883516915467e-05,-0.011150175374425985,0.012056944264643366
whole2023_2024,L5-winnerA minus currentOverall,FPnetLower,0.004605883237749296,7.168201173128452e-05,0.009758573090772223
whole2023_2024,L5-winnerA minus currentOverall,FPnetUpper,0.006158585152244697,0.0015010703340357597,0.011131460881601215
whole2023_2024,L5-winnerA minus currentOverall,targetOnlyNet,0.0020492480269819215,-0.005226084264679965,0.008959815642664596
whole2023_2024,L5-winnerA minus currentOverall,strictCoverage,-0.005453306066802943,-0.010224948875255602,-0.0006816632583503957
whole2023_2024,L5-winnerA minus currentOverall,scoreAll3AtLeast70,-0.9897750511247444,-0.9979550102249489,-0.9775051124744376
whole2023_2024,L5-winnerA minus currentOverall,all3Touch,0.12567249531664615,0.0971030009102055,0.15998960525531025
whole2023_2024,L5-winnerA minus currentOverall,threePicksCoverage,0.0,0.0,0.0
whole2023_2024,L5-winnerA minus ATRbaseline,touch,0.44898575758670406,0.41944102479050693,0.48094658972759824
whole2023_2024,L5-winnerA minus ATRbaseline,L5,0.3838536567287064,0.34765568126842866,0.4220992048923518
whole2023_2024,L5-winnerA minus ATRbaseline,ANYnegativeD5,0.07081564896830583,0.017834751460184525,0.12820293343256897
whole2023_2024,L5-winnerA minus ATRbaseline,D1bull,0.004648171248611943,-0.031416251036821954,0.041175414071513615
whole2023_2024,L5-winnerA minus ATRbaseline,FPtargetFirstLower,0.3014222709703691,0.2735360410774832,0.33221720452704634
whole2023_2024,L5-winnerA minus ATRbaseline,FPtargetFirstUpper,0.32201252491683446,0.29387863510156165,0.35175564137535265
whole2023_2024,L5-winnerA minus ATRbaseline,FPnegativeCertain,0.08251160752695996,0.02619310942857284,0.13390073174840114
whole2023_2024,L5-winnerA minus ATRbaseline,FPnegativePossible,0.10310186147342526,0.04828140894106525,0.15384374071669515
whole2023_2024,L5-winnerA minus ATRbaseline,FPloss5Certain,0.5055078577456933,0.46495101056648114,0.544135606136544
whole2023_2024,L5-winnerA minus ATRbaseline,FPloss5Possible,0.5260981116921586,0.4848285421988462,0.5652423345041565
whole2023_2024,L5-winnerA minus ATRbaseline,FPambiguous,0.02059025394646534,0.013031326772664066,0.028807078641212708
whole2023_2024,L5-winnerA minus ATRbaseline,FPstopBeforeLaterTouch,0.14756348661633492,0.12962740842281623,0.16712328767123288
whole2023_2024,L5-winnerA minus ATRbaseline,netD5,-0.002839599640515034,-0.014439352862224343,0.010637177360733403
whole2023_2024,L5-winnerA minus ATRbaseline,FPnetLower,0.00016359119512462494,-0.004494120005112073,0.005543437561246959
whole2023_2024,L5-winnerA minus ATRbaseline,FPnetUpper,0.0032521292870944306,-0.0015929975471583263,0.008555400626182012
whole2023_2024,L5-winnerA minus ATRbaseline,targetOnlyNet,0.0006980011762719258,-0.007182591689813758,0.008690700103177896
whole2023_2024,L5-winnerA minus ATRbaseline,strictCoverage,-0.004089979550102263,-0.008861622358554921,-0.0006816632583503928
whole2023_2024,L5-winnerA minus ATRbaseline,scoreAll3AtLeast70,0.010224948875255624,0.002044989775051125,0.022494887525562373
whole2023_2024,L5-winnerA minus ATRbaseline,all3Touch,0.15031315240083507,0.12127182072580286,0.18335251046025103
whole2023_2024,L5-winnerA minus ATRbaseline,threePicksCoverage,0.0,0.0,0.0
whole2023_2024,L5-winnerB minus currentOverall,touch,0.17602119879960862,0.14352961696635957,0.20963734174862678
whole2023_2024,L5-winnerB minus currentOverall,L5,0.1405590902493949,0.1055376277175726,0.17995358992584026
whole2023_2024,L5-winnerB minus currentOverall,ANYnegativeD5,0.030227016297045384,0.0014101996680780753,0.07059910004553409
whole2023_2024,L5-winnerB minus currentOverall,D1bull,0.0431284147249259,0.007235778272411698,0.08267723831452242
whole2023_2024,L5-winnerB minus currentOverall,FPtargetFirstLower,0.1010613444945388,0.07295215552704415,0.1333306116344617
whole2023_2024,L5-winnerB minus currentOverall,FPtargetFirstUpper,0.11002682621946938,0.08018340494764267,0.14254105511470375
whole2023_2024,L5-winnerB minus currentOverall,FPnegativeCertain,0.016020356091143606,-0.019410553671387575,0.04915119614565409
whole2023_2024,L5-winnerB minus currentOverall,FPnegativePossible,0.02498583781607422,-0.010144623935203413,0.0579957202668764
whole2023_2024,L5-winnerB minus currentOverall,FPloss5Certain,0.10661853864988735,0.06682949508595133,0.14356829351715777
whole2023_2024,L5-winnerB minus currentOverall,FPloss5Possible,0.11558402037481808,0.07240380736628522,0.15136472518823527
whole2023_2024,L5-winnerB minus currentOverall,FPambiguous,0.008965481724930596,4.393484114061152e-05,0.01664869891707207
whole2023_2024,L5-winnerB minus currentOverall,FPstopBeforeLaterTouch,0.07495985430506982,0.05426522439598616,0.08988663961288142
whole2023_2024,L5-winnerB minus currentOverall,netD5,-0.008114668523056685,-0.0194728644174087,0.0019814450442066645
whole2023_2024,L5-winnerB minus currentOverall,FPnetLower,0.0009705337662223208,-0.0035216642070772324,0.006019231176938943
whole2023_2024,L5-winnerB minus currentOverall,FPnetUpper,0.002315356024961918,-0.002382602033175509,0.007352524928541529
whole2023_2024,L5-winnerB minus currentOverall,targetOnlyNet,-0.0014457885746109221,-0.008840693124890858,0.005268510957596232
whole2023_2024,L5-winnerB minus currentOverall,strictCoverage,-0.0047716428084525475,-0.010906612133605997,1.7041581458741617e-05
whole2023_2024,L5-winnerB minus currentOverall,scoreAll3AtLeast70,-0.983640081799591,-0.9979550102249489,-0.9631901840490797
whole2023_2024,L5-winnerB minus currentOverall,all3Touch,0.05851942607589425,0.029451501588884533,0.08910132189458334
whole2023_2024,L5-winnerB minus currentOverall,threePicksCoverage,0.0,0.0,0.0
whole2023_2024,L5-winnerB minus ATRbaseline,touch,0.38144275766108127,0.3496869801777444,0.4118940566748678
whole2023_2024,L5-winnerB minus ATRbaseline,L5,0.3712132932405837,0.3386169715901315,0.4080272919235458
whole2023_2024,L5-winnerB minus ATRbaseline,ANYnegativeD5,0.08206355769708595,0.03567934082736813,0.13509442497120494
whole2023_2024,L5-winnerB minus ATRbaseline,D1bull,-0.007331741249869905,-0.03565009553176011,0.022724528774275547
whole2023_2024,L5-winnerB minus ATRbaseline,FPtargetFirstLower,0.26484467810003876,0.2352402035721884,0.2950011266278692
whole2023_2024,L5-winnerB minus ATRbaseline,FPtargetFirstUpper,0.2840490676747987,0.2543217207423674,0.3136061497831681
whole2023_2024,L5-winnerB minus ATRbaseline,FPnegativeCertain,0.10197725889733689,0.05182821118567763,0.15218471862955307
whole2023_2024,L5-winnerB minus ATRbaseline,FPnegativePossible,0.12118164847209689,0.07192303098959633,0.1684868747288167
whole2023_2024,L5-winnerB minus ATRbaseline,FPloss5Certain,0.5119598472424983,0.47293698933687556,0.5510631380179126
whole2023_2024,L5-winnerB minus ATRbaseline,FPloss5Possible,0.5311642368172583,0.49154647506868726,0.5709779262246322
whole2023_2024,L5-winnerB minus ATRbaseline,FPambiguous,0.019204389574759947,0.012362425237768409,0.025378537185524585
whole2023_2024,L5-winnerB minus ATRbaseline,FPstopBeforeLaterTouch,0.11659807956104253,0.0986943604308315,0.1310013717421125
whole2023_2024,L5-winnerB minus ATRbaseline,netD5,-0.010888209328402565,-0.022780193598736523,-0.00039073780376311915
whole2023_2024,L5-winnerB minus ATRbaseline,FPnetLower,-0.0034717582764023504,-0.007733160779937543,0.0015818323157034216
whole2023_2024,L5-winnerB minus ATRbaseline,FPnetUpper,-0.000591099840188349,-0.005043765990825578,0.004360311874835582
whole2023_2024,L5-winnerB minus ATRbaseline,targetOnlyNet,-0.002797035425320918,-0.01018301226601039,0.0038043468838049057
whole2023_2024,L5-winnerB minus ATRbaseline,strictCoverage,-0.0034083162917518672,-0.010224948875255602,0.0013633265167007913
whole2023_2024,L5-winnerB minus ATRbaseline,scoreAll3AtLeast70,0.016359918200409,0.002044989775051125,0.03680981595092025
whole2023_2024,L5-winnerB minus ATRbaseline,all3Touch,0.08316008316008316,0.05624707640332641,0.11111694677871148
whole2023_2024,L5-winnerB minus ATRbaseline,threePicksCoverage,0.0,0.0,0.0
whole2023_2024,L0-winnerA minus currentOverall,touch,0.20187304501802264,0.16503618096664752,0.2356772184370734
whole2023_2024,L0-winnerA minus currentOverall,L5,0.11985338949197916,0.0835799832653189,0.15938153942096867
whole2023_2024,L0-winnerA minus currentOverall,ANYnegativeD5,0.0009077890920473619,-0.033660910094470704,0.042298594765566695
whole2023_2024,L0-winnerA minus currentOverall,D1bull,0.07710226993994018,0.03865624361410526,0.11038613231184839
whole2023_2024,L0-winnerA minus currentOverall,FPtargetFirstLower,0.12167691024661681,0.09176143084361817,0.15287948944877622
whole2023_2024,L0-winnerA minus currentOverall,FPtargetFirstUpper,0.13060295790671214,0.09850458225272811,0.16304878626219463
whole2023_2024,L0-winnerA minus currentOverall,FPnegativeCertain,-0.003086856680986627,-0.03884470363162997,0.03637161106130031
whole2023_2024,L0-winnerA minus currentOverall,FPnegativePossible,0.005839190979108677,-0.03081274364556731,0.04596220060915608
whole2023_2024,L0-winnerA minus currentOverall,FPloss5Certain,0.086907139670103,0.04857572027008988,0.13088417680564493
whole2023_2024,L0-winnerA minus currentOverall,FPloss5Possible,0.09583318733019841,0.055610547244293276,0.13751662915445145
whole2023_2024,L0-winnerA minus currentOverall,FPambiguous,0.008926047660095356,5.354018996073093e-05,0.016461887015645733
whole2023_2024,L0-winnerA minus currentOverall,FPstopBeforeLaterTouch,0.0801961347714058,0.058981852159451315,0.09844496564205929
whole2023_2024,L0-winnerA minus currentOverall,netD5,0.0015444530486766613,-0.009276105090541428,0.011079735868510425
whole2023_2024,L0-winnerA minus currentOverall,FPnetLower,0.0035544061161600867,-0.0015324151948422845,0.008602419521168154
whole2023_2024,L0-winnerA minus currentOverall,FPnetUpper,0.004893313265174381,-0.0004219059444192584,0.009998017526404876
whole2023_2024,L0-winnerA minus currentOverall,targetOnlyNet,-0.001052206654449809,-0.009420206769686254,0.005990740127856606
whole2023_2024,L0-winnerA minus currentOverall,strictCoverage,-0.0027266530334014716,-0.0068166325835037345,0.0013633265167007913
whole2023_2024,L0-winnerA minus currentOverall,scoreAll3AtLeast70,-0.9979550102249489,-1.0,-0.9938650306748467
whole2023_2024,L0-winnerA minus currentOverall,all3Touch,0.08073124374225736,0.05213328291060559,0.1088073871270312
whole2023_2024,L0-winnerA minus currentOverall,threePicksCoverage,0.0,0.0,0.0
whole2023_2024,L0-winnerA minus ATRbaseline,touch,0.4072946038794953,0.3742022448420854,0.43768892579631735
whole2023_2024,L0-winnerA minus ATRbaseline,L5,0.350507592483168,0.3130831287596275,0.38975382263980957
whole2023_2024,L0-winnerA minus ATRbaseline,ANYnegativeD5,0.05274433049208793,0.0038621106912980247,0.10311164315874652
whole2023_2024,L0-winnerA minus ATRbaseline,D1bull,0.026642113965144376,-0.00929474760249952,0.05917034638635349
whole2023_2024,L0-winnerA minus ATRbaseline,FPtargetFirstLower,0.28546024385211677,0.25541201150195747,0.3139916207944674
whole2023_2024,L0-winnerA minus ATRbaseline,FPtargetFirstUpper,0.30462519936204147,0.27440099208546676,0.33269493578066195
whole2023_2024,L0-winnerA minus ATRbaseline,FPnegativeCertain,0.08287004612520665,0.0344261860232193,0.13271996091772073
whole2023_2024,L0-winnerA minus ATRbaseline,FPnegativePossible,0.10203500163513135,0.050965533113861185,0.1491497723755915
whole2023_2024,L0-winnerA minus ATRbaseline,FPloss5Certain,0.4922484482627139,0.4546176881241851,0.528907735133017
whole2023_2024,L0-winnerA minus ATRbaseline,FPloss5Possible,0.5114134037726387,0.4724897582630403,0.546283362877981
whole2023_2024,L0-winnerA minus ATRbaseline,FPambiguous,0.019164955509924708,0.011627708277035083,0.026762840770235524
whole2023_2024,L0-winnerA minus ATRbaseline,FPstopBeforeLaterTouch,0.1218343600273785,0.10143934201507881,0.14041604329328158
whole2023_2024,L0-winnerA minus ATRbaseline,netD5,-0.0012290877566692182,-0.012895858091939109,0.009558908995346673
whole2023_2024,L0-winnerA minus ATRbaseline,FPnetLower,-0.0008878859264645843,-0.005581529719385814,0.0040290055017638835
whole2023_2024,L0-winnerA minus ATRbaseline,FPnetUpper,0.0019868574000241144,-0.002797477829525069,0.006595406827425838
whole2023_2024,L0-winnerA minus ATRbaseline,targetOnlyNet,-0.0024034535051598045,-0.010457159986854696,0.005113313195092798
whole2023_2024,L0-winnerA minus ATRbaseline,strictCoverage,-0.0013633265167007913,-0.004089979550102263,0.0006816632583503957
whole2023_2024,L0-winnerA minus ATRbaseline,scoreAll3AtLeast70,0.002044989775051125,0.0,0.006134969325153374
whole2023_2024,L0-winnerA minus ATRbaseline,all3Touch,0.10537190082644628,0.07834648508760765,0.13196557893839994
whole2023_2024,L0-winnerA minus ATRbaseline,threePicksCoverage,0.0,0.0,0.0
whole2023_2024,L0-winnerB minus currentOverall,touch,0.18213824975096757,0.1492805211144053,0.21218371034201441
whole2023_2024,L0-winnerB minus currentOverall,L5,0.15417149762398552,0.12041432629849316,0.19375748854882577
whole2023_2024,L0-winnerB minus currentOverall,ANYnegativeD5,0.0151491045329738,-0.013384765881209149,0.05166265323007887
whole2023_2024,L0-winnerB minus currentOverall,D1bull,0.04499193998026402,0.006439701640544977,0.07645641451213239
whole2023_2024,L0-winnerB minus currentOverall,FPtargetFirstLower,0.10552630412519043,0.07440237947533623,0.13559285354504214
whole2023_2024,L0-winnerB minus currentOverall,FPtargetFirstUpper,0.11579320625485526,0.08449274246715044,0.1447868177831748
whole2023_2024,L0-winnerB minus currentOverall,FPnegativeCertain,0.013154512094695314,-0.019875399939472283,0.048839625369018126
whole2023_2024,L0-winnerB minus currentOverall,FPnegativePossible,0.02342141422436017,-0.010962381407355252,0.058535675723891234
whole2023_2024,L0-winnerB minus currentOverall,FPloss5Certain,0.11345568388859206,0.07581353128477009,0.15593993295173258
whole2023_2024,L0-winnerB minus currentOverall,FPloss5Possible,0.12372258601825703,0.08596969290717385,0.16410011534308944
whole2023_2024,L0-winnerB minus currentOverall,FPambiguous,0.01026690212966484,0.001404430742542067,0.017287635349002378
whole2023_2024,L0-winnerB minus currentOverall,FPstopBeforeLaterTouch,0.07661194562577714,0.05824228087052217,0.09382276475530528
whole2023_2024,L0-winnerB minus currentOverall,netD5,-0.008320099460222014,-0.018908821766119768,2.4032548572260452e-05
whole2023_2024,L0-winnerB minus currentOverall,FPnetLower,0.000758264428875906,-0.004372333149626832,0.005443835197583741
whole2023_2024,L0-winnerB minus currentOverall,FPnetUpper,0.0022982997483256364,-0.002856585685316282,0.006625543600667118
whole2023_2024,L0-winnerB minus currentOverall,targetOnlyNet,-0.005621460169361733,-0.012982486681902399,0.00041880155598032125
whole2023_2024,L0-winnerB minus currentOverall,strictCoverage,-0.0013633265167006803,-0.0068166325835037345,0.002726653033401474
whole2023_2024,L0-winnerB minus currentOverall,scoreAll3AtLeast70,-1.0,-1.0,-1.0
whole2023_2024,L0-winnerB minus currentOverall,all3Touch,0.0658943223396794,0.04302592598893734,0.09128058876365244
whole2023_2024,L0-winnerB minus currentOverall,threePicksCoverage,0.0,0.0,0.0
whole2023_2024,L0-winnerB minus ATRbaseline,touch,0.3875598086124402,0.35585240827887454,0.4158175097241679
whole2023_2024,L0-winnerB minus ATRbaseline,L5,0.38482570061517435,0.3517717636787754,0.42559513480133326
whole2023_2024,L0-winnerB minus ATRbaseline,ANYnegativeD5,0.06698564593301437,0.020828459150643495,0.1157824772654514
whole2023_2024,L0-winnerB minus ATRbaseline,D1bull,-0.005468215994531789,-0.04529419013422251,0.025295645773062102
whole2023_2024,L0-winnerB minus ATRbaseline,FPtargetFirstLower,0.2693096377306904,0.23725505307136432,0.2970997834990345
whole2023_2024,L0-winnerB minus ATRbaseline,FPtargetFirstUpper,0.2898154477101846,0.2581641488739939,0.317832806832472
whole2023_2024,L0-winnerB minus ATRbaseline,FPnegativeCertain,0.0991114149008886,0.05015034111127727,0.1482128902551195
whole2023_2024,L0-winnerB minus ATRbaseline,FPnegativePossible,0.11961722488038284,0.07008364099786023,0.16828550995860098
whole2023_2024,L0-winnerB minus ATRbaseline,FPloss5Certain,0.518796992481203,0.47502374302981026,0.5580780949849866
whole2023_2024,L0-winnerB minus ATRbaseline,FPloss5Possible,0.5393028024606973,0.4956806918359928,0.5780607406094737
whole2023_2024,L0-winnerB minus ATRbaseline,FPambiguous,0.02050580997949419,0.013004791238877482,0.027484419125523407
whole2023_2024,L0-winnerB minus ATRbaseline,FPstopBeforeLaterTouch,0.11825017088174983,0.10176406935514638,0.13583849708125853
whole2023_2024,L0-winnerB minus ATRbaseline,netD5,-0.011093640265567894,-0.022488635452543478,-0.0005959346061448423
whole2023_2024,L0-winnerB minus ATRbaseline,FPnetLower,-0.0036840276137487652,-0.008396959624074721,0.0012131801766706257
whole2023_2024,L0-winnerB minus ATRbaseline,FPnetUpper,-0.0006081561168246305,-0.005470341831509371,0.004049635926505775
whole2023_2024,L0-winnerB minus ATRbaseline,targetOnlyNet,-0.006972707020071729,-0.014607598907887518,0.0004539109971830028
whole2023_2024,L0-winnerB minus ATRbaseline,strictCoverage,0.0,-0.006134969325153339,0.004089979550102263
whole2023_2024,L0-winnerB minus ATRbaseline,scoreAll3AtLeast70,0.0,0.0,0.0
whole2023_2024,L0-winnerB minus ATRbaseline,all3Touch,0.09053497942386832,0.0640462852517679,0.11705205360333018
whole2023_2024,L0-winnerB minus ATRbaseline,threePicksCoverage,0.0,0.0,0.0
whole2023_2024,FP-winnerFP minus currentOverall,touch,0.047676052721271095,0.010899437424527257,0.08232241958245753
whole2023_2024,FP-winnerFP minus currentOverall,L5,0.04229093812300694,0.007999330076042798,0.07664402163150949
whole2023_2024,FP-winnerFP minus currentOverall,ANYnegativeD5,-0.0015426060891854387,-0.035636344676278645,0.04062995979927397
whole2023_2024,FP-winnerFP minus currentOverall,D1bull,0.013156506352044739,-0.020148474525126057,0.04474169903031697
whole2023_2024,FP-winnerFP minus currentOverall,FPtargetFirstLower,0.03322672667765417,-0.0028785223410606746,0.0688202873816199
whole2023_2024,FP-winnerFP minus currentOverall,FPtargetFirstUpper,0.030511758636306313,-0.005669001321442588,0.06483595534770448
whole2023_2024,FP-winnerFP minus currentOverall,FPnegativeCertain,0.0033293958904302423,-0.035820287830176045,0.04745149193187904
whole2023_2024,FP-winnerFP minus currentOverall,FPnegativePossible,0.0006144278490822774,-0.03921710483538661,0.04470940545900092
whole2023_2024,FP-winnerFP minus currentOverall,FPloss5Certain,0.03110704397641262,-0.006152204092552819,0.07200768650149156
whole2023_2024,FP-winnerFP minus currentOverall,FPloss5Possible,0.028392075935064875,-0.007830890860274076,0.06772488800204626
whole2023_2024,FP-winnerFP minus currentOverall,FPambiguous,-0.002714968041347819,-0.009519241829607053,0.002738774616933643
whole2023_2024,FP-winnerFP minus currentOverall,FPstopBeforeLaterTouch,0.014449326043616907,-0.0012423926549174696,0.030671497868906113
whole2023_2024,FP-winnerFP minus currentOverall,netD5,0.0010772850416489728,-0.007231410677042143,0.00824039078156375
whole2023_2024,FP-winnerFP minus currentOverall,FPnetLower,0.00039176509049657516,-0.005194805980163184,0.005204237683514329
whole2023_2024,FP-winnerFP minus currentOverall,FPnetUpper,-1.5480115705600924e-05,-0.005929568779784407,0.004676409812742536
whole2023_2024,FP-winnerFP minus currentOverall,targetOnlyNet,-0.002848555892744272,-0.01006625227430325,0.003571515202643443
whole2023_2024,FP-winnerFP minus currentOverall,strictCoverage,-0.002044989775051076,-0.0068166325835037345,0.0020449897750510785
whole2023_2024,FP-winnerFP minus currentOverall,scoreAll3AtLeast70,-0.9979550102249489,-1.0,-0.9938650306748467
whole2023_2024,FP-winnerFP minus currentOverall,all3Touch,0.01453460064776985,-0.00611992432779876,0.03704872498024773
whole2023_2024,FP-winnerFP minus currentOverall,threePicksCoverage,0.0,0.0,0.0
whole2023_2024,FP-winnerFP minus ATRbaseline,touch,0.25309761158274374,0.2229795488829033,0.28027022758762393
whole2023_2024,FP-winnerFP minus ATRbaseline,L5,0.27294514111419577,0.24296538790188046,0.3044133427199378
whole2023_2024,FP-winnerFP minus ATRbaseline,ANYnegativeD5,0.05029393531085513,0.007194368920421224,0.10109314230398807
whole2023_2024,FP-winnerFP minus ATRbaseline,D1bull,-0.03730364962275107,-0.06938436045334953,-0.006816949497870586
whole2023_2024,FP-winnerFP minus ATRbaseline,FPtargetFirstLower,0.1970100602831541,0.16859728359306977,0.22202789350578112
whole2023_2024,FP-winnerFP minus ATRbaseline,FPtargetFirstUpper,0.2045340000916356,0.1760008298939186,0.2276051547482939
whole2023_2024,FP-winnerFP minus ATRbaseline,FPnegativeCertain,0.08928629869662352,0.047018884919189714,0.1397271283623181
whole2023_2024,FP-winnerFP minus ATRbaseline,FPnegativePossible,0.09681023850510495,0.05379854208155867,0.14638941589765983
whole2023_2024,FP-winnerFP minus ATRbaseline,FPloss5Certain,0.43644835256902353,0.40346131249339084,0.4732023716364409
whole2023_2024,FP-winnerFP minus ATRbaseline,FPloss5Possible,0.4439722923775051,0.41029747077092127,0.4802514480160001
whole2023_2024,FP-winnerFP minus ATRbaseline,FPambiguous,0.007523939808481532,0.003419972640218878,0.011643835616438357
whole2023_2024,FP-winnerFP minus ATRbaseline,FPstopBeforeLaterTouch,0.0560875512995896,0.04445964432284542,0.06844626967830253
whole2023_2024,FP-winnerFP minus ATRbaseline,netD5,-0.0016962557636969067,-0.009498312668531099,0.00558857821956377
whole2023_2024,FP-winnerFP minus ATRbaseline,FPnetLower,-0.004050526952128096,-0.009013040530567402,-0.0003488353266668527
whole2023_2024,FP-winnerFP minus ATRbaseline,FPnetUpper,-0.002921935980855868,-0.007757432945977725,0.000760337778795941
whole2023_2024,FP-winnerFP minus ATRbaseline,targetOnlyNet,-0.004199802743454268,-0.011191051454248431,0.0012396190695323542
whole2023_2024,FP-winnerFP minus ATRbaseline,strictCoverage,-0.0006816632583503957,-0.004089979550102263,0.002044989775051076
whole2023_2024,FP-winnerFP minus ATRbaseline,scoreAll3AtLeast70,0.002044989775051125,0.0,0.006134969325153374
whole2023_2024,FP-winnerFP minus ATRbaseline,all3Touch,0.03917525773195876,0.018518518518518517,0.05992045668429068
whole2023_2024,FP-winnerFP minus ATRbaseline,threePicksCoverage,0.0,0.0,0.0
2023,L5-winnerA minus currentOverall,touch,0.2344422700587084,0.18525504379834126,0.2816226117968175
2023,L5-winnerA minus currentOverall,L5,0.15788836082378155,0.11782749743733112,0.20775193798449612
2023,L5-winnerA minus currentOverall,ANYnegativeD5,0.06272481595377877,0.009917872649669547,0.11006998684247365
2023,L5-winnerA minus currentOverall,D1bull,0.05204547572453638,0.00010297269592770146,0.09653708284660666
2023,L5-winnerA minus currentOverall,FPtargetFirstLower,0.1437051532941944,0.10196159122085048,0.18701057167052865
2023,L5-winnerA minus currentOverall,FPtargetFirstUpper,0.14377970366228685,0.09954688986506949,0.18788030620735108
2023,L5-winnerA minus currentOverall,FPnegativeCertain,0.01384773087317126,-0.0281645735217164,0.05747553816046969
2023,L5-winnerA minus currentOverall,FPnegativePossible,0.013922281241263601,-0.028841962711010354,0.056618503958960655
2023,L5-winnerA minus currentOverall,FPloss5Certain,0.11018544404062997,0.061328165881737395,0.16271045043531818
2023,L5-winnerA minus currentOverall,FPloss5Possible,0.11025999440872247,0.06339324302790311,0.15719715793294065
2023,L5-winnerA minus currentOverall,FPambiguous,7.45503680924433e-05,-0.009494075744346799,0.00959826045741648
2023,L5-winnerA minus currentOverall,FPstopBeforeLaterTouch,0.09073711676451401,0.06766649101501065,0.11651804908009716
2023,L5-winnerA minus currentOverall,netD5,-0.0006240166093311665,-0.015849967395987454,0.020047784718875222
2023,L5-winnerA minus currentOverall,FPnetLower,0.004273107893161625,-0.0018028620961892036,0.010520254720647675
2023,L5-winnerA minus currentOverall,FPnetUpper,0.004284290448375487,-0.001963276063525966,0.010172574399872849
2023,L5-winnerA minus currentOverall,targetOnlyNet,0.0001350405441672294,-0.00930152976224973,0.007971673257264014
2023,L5-winnerA minus currentOverall,strictCoverage,-0.006802721088435382,-0.013605442176870763,-0.0027210884353741083
2023,L5-winnerA minus currentOverall,scoreAll3AtLeast70,-0.9918367346938776,-1.0,-0.9795918367346939
2023,L5-winnerA minus currentOverall,all3Touch,0.13350340136054423,0.09465110432120118,0.1726546982429335
2023,L5-winnerA minus currentOverall,threePicksCoverage,0.0,0.0,0.0
2023,L5-winnerA minus ATRbaseline,touch,0.43018196128403574,0.3920908175312176,0.47132096257751427
2023,L5-winnerA minus ATRbaseline,L5,0.3753893146937016,0.3312943899664189,0.42555855757550937
2023,L5-winnerA minus ATRbaseline,ANYnegativeD5,0.10618406011656012,0.024932521896114897,0.18708223487775497
2023,L5-winnerA minus ATRbaseline,D1bull,-0.019903303787268345,-0.06382391904842441,0.0245901639344262
2023,L5-winnerA minus ATRbaseline,FPtargetFirstLower,0.2918257969004741,0.24927564554618936,0.3317914304131712
2023,L5-winnerA minus ATRbaseline,FPtargetFirstUpper,0.30278470101006316,0.26278121472441895,0.3408346960324431
2023,L5-winnerA minus ATRbaseline,FPnegativeCertain,0.11441260798680741,0.035501625795962645,0.19196225414009613
2023,L5-winnerA minus ATRbaseline,FPnegativePossible,0.1253715120963964,0.04583124631120869,0.20301894025956002
2023,L5-winnerA minus ATRbaseline,FPloss5Certain,0.5220208758877874,0.4794933861840581,0.5705329999942474
2023,L5-winnerA minus ATRbaseline,FPloss5Possible,0.5329797799973766,0.489129600484424,0.5849463474432596
2023,L5-winnerA minus ATRbaseline,FPambiguous,0.010958904109589041,0.005416515185019997,0.01783264746227709
2023,L5-winnerA minus ATRbaseline,FPstopBeforeLaterTouch,0.13835616438356163,0.11675423770331178,0.16214754955022206
2023,L5-winnerA minus ATRbaseline,netD5,0.00023316152682519318,-0.015211064621950883,0.019936829056323817
2023,L5-winnerA minus ATRbaseline,FPnetLower,-0.0017317976310043568,-0.00886849445452852,0.005291705807539382
2023,L5-winnerA minus ATRbaseline,FPnetUpper,-8.796201456600343e-05,-0.006849045156721834,0.006876146980817885
2023,L5-winnerA minus ATRbaseline,targetOnlyNet,0.0004126780791508777,-0.010509815417529399,0.010508312028418112
2023,L5-winnerA minus ATRbaseline,strictCoverage,-0.0013605442176870541,-0.008163265306122436,0.004081632653061165
2023,L5-winnerA minus ATRbaseline,scoreAll3AtLeast70,0.00816326530612245,0.0,0.02040816326530612
2023,L5-winnerA minus ATRbaseline,all3Touch,0.14166666666666666,0.10082978798213847,0.18181818181818182
2023,L5-winnerA minus ATRbaseline,threePicksCoverage,0.0,0.0,0.0
2023,L5-winnerB minus currentOverall,touch,0.1856946893983931,0.1244476795138582,0.24263475943046084
2023,L5-winnerB minus currentOverall,L5,0.1365023375605386,0.08540397688629676,0.19703586571614948
2023,L5-winnerB minus currentOverall,ANYnegativeD5,0.04025643179082339,-0.0120431691242602,0.09925797483972472
2023,L5-winnerB minus currentOverall,D1bull,0.058150667674477186,-0.0034629312522808167,0.1134500111520018
2023,L5-winnerB minus currentOverall,FPtargetFirstLower,0.10574172055653538,0.05375805913290485,0.16330565329580107
2023,L5-winnerB minus currentOverall,FPtargetFirstUpper,0.11817698272724728,0.062212796689160875,0.1713753167107955
2023,L5-winnerB minus currentOverall,FPnegativeCertain,0.025693569608913558,-0.028775618626321248,0.08436715204499266
2023,L5-winnerB minus currentOverall,FPnegativePossible,0.03812883177962545,-0.015048000954903513,0.09474283470066738
2023,L5-winnerB minus currentOverall,FPloss5Certain,0.11237647322303407,0.05351291957112069,0.17837588609608931
2023,L5-winnerB minus currentOverall,FPloss5Possible,0.12481173539374601,0.06176640991776965,0.18710206761911025
2023,L5-winnerB minus currentOverall,FPambiguous,0.012435262170711907,-0.0024779949114924478,0.023404631083202513
2023,L5-winnerB minus currentOverall,FPstopBeforeLaterTouch,0.07995296884185774,0.05084432404227137,0.10336290186473669
2023,L5-winnerB minus currentOverall,netD5,-0.00632768722259873,-0.023543951752314284,0.011231666714042434
2023,L5-winnerB minus currentOverall,FPnetLower,0.00025465409125948954,-0.00793325974293472,0.008379918237723624
2023,L5-winnerB minus currentOverall,FPnetUpper,0.0021199434168662676,-0.006350279477985695,0.010169584608057352
2023,L5-winnerB minus currentOverall,targetOnlyNet,-0.0005449688216578009,-0.011868060217329538,0.010526141430137031
2023,L5-winnerB minus currentOverall,strictCoverage,-0.008163265306122436,-0.017687074829931926,-0.0013605442176870541
2023,L5-winnerB minus currentOverall,scoreAll3AtLeast70,-0.9918367346938776,-1.0,-0.9714285714285714
2023,L5-winnerB minus currentOverall,all3Touch,0.08350340136054421,0.0412530444276476,0.1334183673469388
2023,L5-winnerB minus currentOverall,threePicksCoverage,0.0,0.0,0.0
2023,L5-winnerB minus ATRbaseline,touch,0.3814343806237204,0.3337806507424484,0.436507261510869
2023,L5-winnerB minus ATRbaseline,L5,0.35400329143045867,0.30700959213355794,0.41171537394824126
2023,L5-winnerB minus ATRbaseline,ANYnegativeD5,0.08371567595360474,0.011915045140580312,0.1664719831800118
2023,L5-winnerB minus ATRbaseline,D1bull,-0.013798111837327542,-0.055063477262074834,0.03484659617333353
2023,L5-winnerB minus ATRbaseline,FPtargetFirstLower,0.2538623641628151,0.20935637862582201,0.3014922469855667
2023,L5-winnerB minus ATRbaseline,FPtargetFirstUpper,0.2771819800750236,0.2310733640504502,0.32261658094188006
2023,L5-winnerB minus ATRbaseline,FPnegativeCertain,0.1262584467225497,0.05703877172555894,0.19702050995835863
2023,L5-winnerB minus ATRbaseline,FPnegativePossible,0.14957806263475826,0.07898967281822257,0.22057594548985215
2023,L5-winnerB minus ATRbaseline,FPloss5Certain,0.5242119050701916,0.47457244931844567,0.5836841581672313
2023,L5-winnerB minus ATRbaseline,FPloss5Possible,0.5475315209824001,0.4955748203704551,0.6060083758407923
2023,L5-winnerB minus ATRbaseline,FPambiguous,0.023319615912208505,0.0136986301369863,0.03034903630015782
2023,L5-winnerB minus ATRbaseline,FPstopBeforeLaterTouch,0.12757201646090535,0.10178118920795573,0.15205479452054796
2023,L5-winnerB minus ATRbaseline,netD5,-0.00547050908644237,-0.02383443394784995,0.01174370059120544
2023,L5-winnerB minus ATRbaseline,FPnetLower,-0.005750251432906492,-0.012909817157668039,0.0013180448618801996
2023,L5-winnerB minus ATRbaseline,FPnetUpper,-0.0022523090460752236,-0.009270908649238137,0.004614005589801882
2023,L5-winnerB minus ATRbaseline,targetOnlyNet,-0.0002673312866741526,-0.012160318677704628,0.009942030677404188
2023,L5-winnerB minus ATRbaseline,strictCoverage,-0.0027210884353741083,-0.014965986394557818,0.006802721088435382
2023,L5-winnerB minus ATRbaseline,scoreAll3AtLeast70,0.00816326530612245,0.0,0.02857142857142857
2023,L5-winnerB minus ATRbaseline,all3Touch,0.09166666666666666,0.053497942386831275,0.1393564184495693
2023,L5-winnerB minus ATRbaseline,threePicksCoverage,0.0,0.0,0.0
2023,L0-winnerA minus currentOverall,touch,0.17883597883597882,0.12184706440715821,0.22785128129061666
2023,L0-winnerA minus currentOverall,L5,0.1337588533355729,0.07562659764579409,0.19061222284731016
2023,L0-winnerA minus currentOverall,ANYnegativeD5,0.03751294756585766,-0.016471204920324327,0.08969081075052976
2023,L0-winnerA minus currentOverall,D1bull,0.07186808879930573,0.009302139460435352,0.1128484424380271
2023,L0-winnerA minus currentOverall,FPtargetFirstLower,0.11808739956888106,0.06756842851133044,0.163655787896554
2023,L0-winnerA minus currentOverall,FPtargetFirstUpper,0.12366395117717868,0.06741411833625797,0.1738530722897633
2023,L0-winnerA minus currentOverall,FPnegativeCertain,0.014719632709050745,-0.03758328065985615,0.07133850794954658
2023,L0-winnerA minus currentOverall,FPnegativePossible,0.020296184317348254,-0.029425475169604032,0.07552791461412141
2023,L0-winnerA minus currentOverall,FPloss5Certain,0.10003079421068845,0.035455606865145615,0.16340962128184167
2023,L0-winnerA minus currentOverall,FPloss5Possible,0.10560734581898601,0.04062676290818497,0.16675666539314032
2023,L0-winnerA minus currentOverall,FPambiguous,0.005576551608297642,-0.006679672072889965,0.015189186059568255
2023,L0-winnerA minus currentOverall,FPstopBeforeLaterTouch,0.060748579267097785,0.037130450540872086,0.08595890099694957
2023,L0-winnerA minus currentOverall,netD5,-0.0017738097856489702,-0.017271190219902775,0.013258603623223958
2023,L0-winnerA minus currentOverall,FPnetLower,0.0017748992084478162,-0.00594509419595245,0.008822516516201874
2023,L0-winnerA minus currentOverall,FPnetUpper,0.002611381949692456,-0.006080774536064742,0.010077479551980892
2023,L0-winnerA minus currentOverall,targetOnlyNet,-0.006195431767280709,-0.018286992418633293,0.0038199170888763368
2023,L0-winnerA minus currentOverall,strictCoverage,-0.008163265306122436,-0.014965986394557818,-0.0027210884353741083
2023,L0-winnerA minus currentOverall,scoreAll3AtLeast70,-1.0,-1.0,-1.0
2023,L0-winnerA minus currentOverall,all3Touch,0.10017006802721089,0.0641734515089022,0.1370649504615124
2023,L0-winnerA minus currentOverall,threePicksCoverage,0.0,0.0,0.0
2023,L0-winnerA minus ATRbaseline,touch,0.37457567006130615,0.33285596304898923,0.414302804802997
2023,L0-winnerA minus ATRbaseline,L5,0.351259807205493,0.3014909664377772,0.4049987134461783
2023,L0-winnerA minus ATRbaseline,ANYnegativeD5,0.08097219172863901,0.010480507794408192,0.15217354530656665
2023,L0-winnerA minus ATRbaseline,D1bull,-8.069071249899862e-05,-0.05416388660712606,0.047207785206699535
2023,L0-winnerA minus ATRbaseline,FPtargetFirstLower,0.2662080431751608,0.22639078552422173,0.3036008811845887
2023,L0-winnerA minus ATRbaseline,FPtargetFirstUpper,0.282668948524955,0.24013307399713643,0.3197621392838135
2023,L0-winnerA minus ATRbaseline,FPnegativeCertain,0.1152845098226869,0.05012496467537362,0.1887882328635912
2023,L0-winnerA minus ATRbaseline,FPnegativePossible,0.13174541517248106,0.065495611068862,0.20580065909537174
2023,L0-winnerA minus ATRbaseline,FPloss5Certain,0.5118662260578459,0.469721145906227,0.5560864403736748
2023,L0-winnerA minus ATRbaseline,FPloss5Possible,0.5283271314076401,0.4843625161945231,0.571395892208115
2023,L0-winnerA minus ATRbaseline,FPambiguous,0.01646090534979424,0.00819672131147541,0.024657534246575342
2023,L0-winnerA minus ATRbaseline,FPstopBeforeLaterTouch,0.1083676268861454,0.0852761314985575,0.133989221214257
2023,L0-winnerA minus ATRbaseline,netD5,-0.0009166316494926105,-0.015878304907648987,0.013564023076612142
2023,L0-winnerA minus ATRbaseline,FPnetLower,-0.004230006315718166,-0.010782878346286464,0.0022518171344443044
2023,L0-winnerA minus ATRbaseline,FPnetUpper,-0.0017608705132490352,-0.008700536230501113,0.004769661941795186
2023,L0-winnerA minus ATRbaseline,targetOnlyNet,-0.005917794232297061,-0.017648490111152333,0.004420384802981654
2023,L0-winnerA minus ATRbaseline,strictCoverage,-0.0027210884353741083,-0.008163265306122436,0.0013605442176871652
2023,L0-winnerA minus ATRbaseline,scoreAll3AtLeast70,0.0,0.0,0.0
2023,L0-winnerA minus ATRbaseline,all3Touch,0.10833333333333334,0.07468879668049792,0.1446280991735537
2023,L0-winnerA minus ATRbaseline,threePicksCoverage,0.0,0.0,0.0
2023,L0-winnerB minus currentOverall,touch,0.17170179547228728,0.1197278911564626,0.21468685186408118
2023,L0-winnerB minus currentOverall,L5,0.16633210661313708,0.11971580367684265,0.21407779370265276
2023,L0-winnerB minus currentOverall,ANYnegativeD5,0.03780528604884581,-0.007516469285370875,0.08289784766365554
2023,L0-winnerB minus currentOverall,D1bull,0.05081409613025539,-0.006836734693877502,0.09513494074300936
2023,L0-winnerB minus currentOverall,FPtargetFirstLower,0.11276346604215456,0.061578713229160864,0.1631728839076614
2023,L0-winnerB minus currentOverall,FPtargetFirstUpper,0.12100479536076728,0.06382694881231181,0.16934056473829198
2023,L0-winnerB minus currentOverall,FPnegativeCertain,0.020307795249247307,-0.029087592301878008,0.07210884353741498
2023,L0-winnerB minus currentOverall,FPnegativePossible,0.02854912456785985,-0.021205377611842508,0.07633506900702659
2023,L0-winnerB minus currentOverall,FPloss5Certain,0.1167503066800491,0.051700680272108945,0.18095238095238092
2023,L0-winnerB minus currentOverall,FPloss5Possible,0.12499163599866181,0.05785798269925258,0.18368409573925065
2023,L0-winnerB minus currentOverall,FPambiguous,0.008241329318612692,-0.0027210884353741516,0.016326530612244896
2023,L0-winnerB minus currentOverall,FPstopBeforeLaterTouch,0.058938329430132705,0.035920216351885775,0.07892271662763467
2023,L0-winnerB minus currentOverall,netD5,-0.008670291100064507,-0.02177847177188695,0.005520261692841669
2023,L0-winnerB minus currentOverall,FPnetLower,0.000259169769408092,-0.006788312706793775,0.008157162270882758
2023,L0-winnerB minus currentOverall,FPnetUpper,0.0014953691671999868,-0.005970282283296397,0.009181300127623915
2023,L0-winnerB minus currentOverall,targetOnlyNet,-0.009672938773167767,-0.019184454545606078,-0.001224167734892811
2023,L0-winnerB minus currentOverall,strictCoverage,-0.004081632653061273,-0.01224489795918371,0.0
2023,L0-winnerB minus currentOverall,scoreAll3AtLeast70,-1.0,-1.0,-1.0
2023,L0-winnerB minus currentOverall,all3Touch,0.05356512975560594,0.028571428571428574,0.08388694389889848
2023,L0-winnerB minus currentOverall,threePicksCoverage,0.0,0.0,0.0
2023,L0-winnerB minus ATRbaseline,touch,0.3674414866976146,0.335845948590087,0.40067670115671733
2023,L0-winnerB minus ATRbaseline,L5,0.38383306048305715,0.3346030765775882,0.43262270686232857
2023,L0-winnerB minus ATRbaseline,ANYnegativeD5,0.08126453021162716,0.006426474872717566,0.15515464093609221
2023,L0-winnerB minus ATRbaseline,D1bull,-0.021134683381549335,-0.06730246730008203,0.02511392707839142
2023,L0-winnerB minus ATRbaseline,FPtargetFirstLower,0.2608841096484343,0.22414697111495235,0.30177117199460063
2023,L0-winnerB minus ATRbaseline,FPtargetFirstUpper,0.2800097927085436,0.2433974052831197,0.3169470777678552
2023,L0-winnerB minus ATRbaseline,FPnegativeCertain,0.12087267236288346,0.04884852787916974,0.19325869745836294
2023,L0-winnerB minus ATRbaseline,FPnegativePossible,0.13999835542299266,0.06929248489230787,0.21204448446790874
2023,L0-winnerB minus ATRbaseline,FPloss5Certain,0.5285857385272066,0.47885861681437136,0.5765074448907905
2023,L0-winnerB minus ATRbaseline,FPloss5Possible,0.5477114215873159,0.49710660010984686,0.594441435505725
2023,L0-winnerB minus ATRbaseline,FPambiguous,0.01912568306010929,0.009523809523809525,0.0273224043715847
2023,L0-winnerB minus ATRbaseline,FPstopBeforeLaterTouch,0.10655737704918032,0.08571428571428572,0.12789115646258503
2023,L0-winnerB minus ATRbaseline,netD5,-0.007813112963908147,-0.021469319581161894,0.0072016732276848315
2023,L0-winnerB minus ATRbaseline,FPnetLower,-0.00574573575475789,-0.011984033877516074,0.0015465167086321256
2023,L0-winnerB minus ATRbaseline,FPnetUpper,-0.0028768832957415044,-0.009223242960224164,0.004125008671961112
2023,L0-winnerB minus ATRbaseline,targetOnlyNet,-0.009395301238184118,-0.019493570709055122,0.00035909762899624946
2023,L0-winnerB minus ATRbaseline,strictCoverage,0.0013605442176870541,-0.009523809523809601,0.010884353741496544
2023,L0-winnerB minus ATRbaseline,scoreAll3AtLeast70,0.0,0.0,0.0
2023,L0-winnerB minus ATRbaseline,all3Touch,0.06172839506172839,0.04081632653061224,0.09130540460771887
2023,L0-winnerB minus ATRbaseline,threePicksCoverage,0.0,0.0,0.0
2023,FP-winnerFP minus currentOverall,touch,0.06868884540117418,0.0154967495885482,0.11888502797927446
2023,FP-winnerFP minus currentOverall,L5,0.0537787717826857,0.008925647068335993,0.10725990883727615
2023,FP-winnerFP minus currentOverall,ANYnegativeD5,0.006560432392134996,-0.04416257466803975,0.06224168527549694
2023,FP-winnerFP minus currentOverall,D1bull,0.02875780449165971,-0.030019731247448573,0.06638058309313205
2023,FP-winnerFP minus currentOverall,FPtargetFirstLower,0.06151337247227659,0.007517006802721094,0.1133359930997328
2023,FP-winnerFP minus currentOverall,FPtargetFirstUpper,0.056108470785574516,0.0021301020408163065,0.10829903978052126
2023,FP-winnerFP minus currentOverall,FPnegativeCertain,-0.0162892554281987,-0.07981328823924627,0.047305086643710983
2023,FP-winnerFP minus currentOverall,FPnegativePossible,-0.021694157114900747,-0.08222390680229331,0.040316829857474396
2023,FP-winnerFP minus currentOverall,FPloss5Certain,0.03073338924610941,-0.029121703475910907,0.09128388618790302
2023,FP-winnerFP minus currentOverall,FPloss5Possible,0.02532848755940731,-0.036006245760489615,0.08532056107436667
2023,FP-winnerFP minus currentOverall,FPambiguous,-0.005404901686702077,-0.01630789302022179,0.002765880014557263
2023,FP-winnerFP minus currentOverall,FPstopBeforeLaterTouch,0.007175472928897586,-0.014585457386066212,0.026151722984275677
2023,FP-winnerFP minus currentOverall,netD5,0.0001650863480864241,-0.012367726864121105,0.012481080421718898
2023,FP-winnerFP minus currentOverall,FPnetLower,0.003600151177747943,-0.004834538267779916,0.011103826744985067
2023,FP-winnerFP minus currentOverall,FPnetUpper,0.002789415924742628,-0.0058256115841118054,0.010767853759602708
2023,FP-winnerFP minus currentOverall,targetOnlyNet,-0.003196155363238043,-0.013623439475804133,0.005577189649729125
2023,FP-winnerFP minus currentOverall,strictCoverage,-0.006802721088435382,-0.014965986394557818,-0.0013605442176870541
2023,FP-winnerFP minus currentOverall,scoreAll3AtLeast70,-1.0,-1.0,-1.0
2023,FP-winnerFP minus currentOverall,all3Touch,0.03333051062748751,0.004181587803401673,0.070362356698106
2023,FP-winnerFP minus currentOverall,threePicksCoverage,0.0,0.0,0.0
2023,FP-winnerFP minus ATRbaseline,touch,0.2644285366265015,0.2273502141377942,0.3091993032403442
2023,FP-winnerFP minus ATRbaseline,L5,0.2712797256526058,0.2340214510417404,0.3183278127105322
2023,FP-winnerFP minus ATRbaseline,ANYnegativeD5,0.05001967655491635,-0.012969143101237559,0.11126471555655809
2023,FP-winnerFP minus ATRbaseline,D1bull,-0.04319097502014502,-0.10015125641629362,0.002636448450380906
2023,FP-winnerFP minus ATRbaseline,FPtargetFirstLower,0.2096340160785563,0.17449846629825375,0.25146299563734903
2023,FP-winnerFP minus ATRbaseline,FPtargetFirstUpper,0.21511346813335083,0.17899892666378156,0.25597787395439847
2023,FP-winnerFP minus ATRbaseline,FPnegativeCertain,0.08427562168543745,0.01794608609129911,0.1470020808640622
2023,FP-winnerFP minus ATRbaseline,FPnegativePossible,0.08975507374023206,0.02321657050797948,0.15114629929023232
2023,FP-winnerFP minus ATRbaseline,FPloss5Certain,0.44256882109326684,0.4023002316373683,0.48901644611919665
2023,FP-winnerFP minus ATRbaseline,FPloss5Possible,0.44804827314806134,0.40641003180580915,0.49474867508380843
2023,FP-winnerFP minus ATRbaseline,FPambiguous,0.005479452054794521,0.0,0.009615715268225584
2023,FP-winnerFP minus ATRbaseline,FPstopBeforeLaterTouch,0.0547945205479452,0.039670327719345456,0.0725059029664749
2023,FP-winnerFP minus ATRbaseline,netD5,0.0010222644842427838,-0.011048127650225375,0.014075718467932081
2023,FP-winnerFP minus ATRbaseline,FPnetLower,-0.0024047543464180395,-0.00881569677157271,0.0044703945395849634
2023,FP-winnerFP minus ATRbaseline,FPnetUpper,-0.001582836538198863,-0.008207203180330414,0.005337079153231228
2023,FP-winnerFP minus ATRbaseline,targetOnlyNet,-0.0029185178282543946,-0.013191050499643753,0.00653299734178341
2023,FP-winnerFP minus ATRbaseline,strictCoverage,-0.0013605442176870541,-0.008163265306122436,0.004081632653061273
2023,FP-winnerFP minus ATRbaseline,scoreAll3AtLeast70,0.0,0.0,0.0
2023,FP-winnerFP minus ATRbaseline,all3Touch,0.04149377593360996,0.012345679012345678,0.0794979079497908
2023,FP-winnerFP minus ATRbaseline,threePicksCoverage,0.0,0.0,0.0
2023Q1,L5-winnerA minus currentOverall,touch,0.2714908456843941,0.19069819819819825,0.38855700170216295
2023Q1,L5-winnerA minus currentOverall,L5,0.1632083696599826,0.08411858900666006,0.2762903225806452
2023Q1,L5-winnerA minus currentOverall,ANYnegativeD5,0.024382446963092108,-0.062049692474071085,0.14847718686428368
2023Q1,L5-winnerA minus currentOverall,D1bull,0.07242080790467892,-0.08064516129032256,0.17486268526591103
2023Q1,L5-winnerA minus currentOverall,FPtargetFirstLower,0.1902063353676257,0.12225338943431507,0.31971762616923904
2023Q1,L5-winnerA minus currentOverall,FPtargetFirstUpper,0.19564080209241502,0.12019616390584133,0.32219495091164085
2023Q1,L5-winnerA minus currentOverall,FPnegativeCertain,-0.007643126997965766,-0.11020052310374895,0.11072507991862833
2023Q1,L5-winnerA minus currentOverall,FPnegativePossible,-0.002208660273176455,-0.10479584423132808,0.10555017499968408
2023Q1,L5-winnerA minus currentOverall,FPloss5Certain,0.09436210403952344,-0.027055167881421507,0.23435774484161576
2023Q1,L5-winnerA minus currentOverall,FPloss5Possible,0.09979657076431275,-0.021564868676185418,0.2311827956989247
2023Q1,L5-winnerA minus currentOverall,FPambiguous,0.005434466724789306,-0.010752688172043012,0.021505376344086023
2023Q1,L5-winnerA minus currentOverall,FPstopBeforeLaterTouch,0.0812845103167684,0.043475733798314445,0.10752688172043012
2023Q1,L5-winnerA minus currentOverall,netD5,0.010793072402502187,-0.027237106534922725,0.05061900934577303
2023Q1,L5-winnerA minus currentOverall,FPnetLower,0.0087307712706902,-0.004035545154312012,0.02697509327757055
2023Q1,L5-winnerA minus currentOverall,FPnetUpper,0.009545941279408596,-0.004512748022294686,0.02802531145602363
2023Q1,L5-winnerA minus currentOverall,targetOnlyNet,0.0061207129485892015,-0.014171883148962094,0.028460921400616974
2023Q1,L5-winnerA minus currentOverall,strictCoverage,-0.005376344086021501,-0.016129032258064502,0.0
2023Q1,L5-winnerA minus currentOverall,scoreAll3AtLeast70,-1.0,-1.0,-1.0
2023Q1,L5-winnerA minus currentOverall,all3Touch,0.11475409836065574,0.05,0.20967741935483872
2023Q1,L5-winnerA minus currentOverall,threePicksCoverage,0.0,0.0,0.0
2023Q1,L5-winnerA minus ATRbaseline,touch,0.4702702702702703,0.41621621621621624,0.5730899447834932
2023Q1,L5-winnerA minus ATRbaseline,L5,0.32432432432432434,0.2633081760283264,0.3893896175277662
2023Q1,L5-winnerA minus ATRbaseline,ANYnegativeD5,-0.04864864864864871,-0.2069456553327521,0.027227636998850144
2023Q1,L5-winnerA minus ATRbaseline,D1bull,0.016216216216216217,-0.07533638477186863,0.10000220341970736
2023Q1,L5-winnerA minus ATRbaseline,FPtargetFirstLower,0.35135135135135137,0.3081081081081081,0.446236559139785
2023Q1,L5-winnerA minus ATRbaseline,FPtargetFirstUpper,0.3621621621621622,0.3189085807118594,0.45705245568148795
2023Q1,L5-winnerA minus ATRbaseline,FPnegativeCertain,-0.005405405405405461,-0.1715199859747546,0.037837837837837784
2023Q1,L5-winnerA minus ATRbaseline,FPnegativePossible,0.00540540540540535,-0.16620061944834041,0.05640802092414998
2023Q1,L5-winnerA minus ATRbaseline,FPloss5Certain,0.4972972972972973,0.4217080194949048,0.53737358326068
2023Q1,L5-winnerA minus ATRbaseline,FPloss5Possible,0.5081081081081081,0.43016450444132776,0.5459459459459459
2023Q1,L5-winnerA minus ATRbaseline,FPambiguous,0.010810810810810811,0.0,0.021621621621621623
2023Q1,L5-winnerA minus ATRbaseline,FPstopBeforeLaterTouch,0.11891891891891893,0.08648648648648649,0.14132365169874075
2023Q1,L5-winnerA minus ATRbaseline,netD5,0.025233653318096988,0.001173561296862572,0.06115878156919775
2023Q1,L5-winnerA minus ATRbaseline,FPnetLower,0.0075981124126725435,0.0031091834912877637,0.02248963020500263
2023Q1,L5-winnerA minus ATRbaseline,FPnetUpper,0.009219734034294163,0.005483456144662406,0.02320682552271916
2023Q1,L5-winnerA minus ATRbaseline,targetOnlyNet,0.014323330996823938,0.005270697710574447,0.033866004874547835
2023Q1,L5-winnerA minus ATRbaseline,strictCoverage,0.0,-0.016129032258064502,0.010752688172043001
2023Q1,L5-winnerA minus ATRbaseline,scoreAll3AtLeast70,0.0,0.0,0.0
2023Q1,L5-winnerA minus ATRbaseline,all3Touch,0.11475409836065574,0.05,0.20967741935483872
2023Q1,L5-winnerA minus ATRbaseline,threePicksCoverage,0.0,0.0,0.0
2023Q1,L5-winnerB minus currentOverall,touch,0.27689625108979943,0.1160107111720015,0.4281022958442314
2023Q1,L5-winnerB minus currentOverall,L5,0.10374891020052313,-0.02031531531531531,0.27956989247311825
2023Q1,L5-winnerB minus currentOverall,ANYnegativeD5,-0.04588782330717811,-0.16813785647498827,0.12368805516596543
2023Q1,L5-winnerB minus currentOverall,D1bull,0.09944783493170595,-0.04353962131837307,0.19657149084568443
2023Q1,L5-winnerB minus currentOverall,FPtargetFirstLower,0.1685847137460041,0.03517414679756893,0.3142008137169427
2023Q1,L5-winnerB minus currentOverall,FPtargetFirstUpper,0.19023539668700962,0.0498572757540149,0.3279569892473118
2023Q1,L5-winnerB minus currentOverall,FPnegativeCertain,-0.018453937808776577,-0.13447690816146665,0.14343286835222321
2023Q1,L5-winnerB minus currentOverall,FPnegativePossible,0.0031967451322290064,-0.11587111304853241,0.15943475733798312
2023Q1,L5-winnerB minus currentOverall,FPloss5Certain,0.08355129322871263,-0.06751342299464984,0.26519693782141185
2023Q1,L5-winnerB minus currentOverall,FPloss5Possible,0.1052019761697181,-0.05376344086021506,0.27219049694856146
2023Q1,L5-winnerB minus currentOverall,FPambiguous,0.02165068294100552,-0.005376344086021504,0.032969987002245064
2023Q1,L5-winnerB minus currentOverall,FPstopBeforeLaterTouch,0.10831153734379542,0.04288869514675966,0.14171487844787284
2023Q1,L5-winnerB minus currentOverall,netD5,0.0214379605598563,-0.027880061576730994,0.06447242101370758
2023Q1,L5-winnerB minus currentOverall,FPnetLower,0.0073291292579592705,-0.012847269937478556,0.028146892447757883
2023Q1,L5-winnerB minus currentOverall,FPnetUpper,0.010576731699110102,-0.011770668913156033,0.03062033259643495
2023Q1,L5-winnerB minus currentOverall,targetOnlyNet,0.013981188382151528,-0.01725168048675182,0.0408033763549211
2023Q1,L5-winnerB minus currentOverall,strictCoverage,-0.005376344086021501,-0.016129032258064502,0.0
2023Q1,L5-winnerB minus currentOverall,scoreAll3AtLeast70,-1.0,-1.0,-1.0
2023Q1,L5-winnerB minus currentOverall,all3Touch,0.14754098360655737,0.03225806451612903,0.27423526140155724
2023Q1,L5-winnerB minus currentOverall,threePicksCoverage,0.0,0.0,0.0
2023Q1,L5-winnerB minus ATRbaseline,touch,0.47567567567567565,0.3588527649318322,0.6045389629260597
2023Q1,L5-winnerB minus ATRbaseline,L5,0.2648648648648649,0.1703843240384753,0.3806542745410207
2023Q1,L5-winnerB minus ATRbaseline,ANYnegativeD5,-0.11891891891891893,-0.25629686137750657,-0.035483231302831514
2023Q1,L5-winnerB minus ATRbaseline,D1bull,0.043243243243243246,-0.0547913496176148,0.13731618715489688
2023Q1,L5-winnerB minus ATRbaseline,FPtargetFirstLower,0.32972972972972975,0.2367011029689507,0.4512710378681627
2023Q1,L5-winnerB minus ATRbaseline,FPtargetFirstUpper,0.3567567567567568,0.2610157168037603,0.4678102295844231
2023Q1,L5-winnerB minus ATRbaseline,FPnegativeCertain,-0.016216216216216273,-0.12369877942458588,0.037837837837837784
2023Q1,L5-winnerB minus ATRbaseline,FPnegativePossible,0.010810810810810811,-0.10218831734960775,0.06526659811985891
2023Q1,L5-winnerB minus ATRbaseline,FPloss5Certain,0.4864864864864865,0.3893352223190933,0.5717824293150208
2023Q1,L5-winnerB minus ATRbaseline,FPloss5Possible,0.5135135135135135,0.405597102919948,0.5995968099246788
2023Q1,L5-winnerB minus ATRbaseline,FPambiguous,0.02702702702702703,0.010752688172043012,0.03804347826086957
2023Q1,L5-winnerB minus ATRbaseline,FPstopBeforeLaterTouch,0.14594594594594595,0.08064516129032258,0.19128310214375785
2023Q1,L5-winnerB minus ATRbaseline,netD5,0.0358785414754511,0.002441324015101293,0.07370331926901286
2023Q1,L5-winnerB minus ATRbaseline,FPnetLower,0.0061964703999416145,-0.003431805300787307,0.022380200905404154
2023Q1,L5-winnerB minus ATRbaseline,FPnetUpper,0.01025052445399567,0.0006588436048093535,0.025332818465917707
2023Q1,L5-winnerB minus ATRbaseline,targetOnlyNet,0.022183806430386265,0.004808031327150737,0.04516374779490589
2023Q1,L5-winnerB minus ATRbaseline,strictCoverage,0.0,-0.016129032258064502,0.010752688172043001
2023Q1,L5-winnerB minus ATRbaseline,scoreAll3AtLeast70,0.0,0.0,0.0
2023Q1,L5-winnerB minus ATRbaseline,all3Touch,0.14754098360655737,0.03225806451612903,0.27423526140155724
2023Q1,L5-winnerB minus ATRbaseline,threePicksCoverage,0.0,0.0,0.0
2023Q1,L0-winnerA minus currentOverall,touch,0.21984572230014024,0.10421171171171176,0.3118279569892473
2023Q1,L0-winnerA minus currentOverall,L5,0.11079943899018235,-0.0030372937862738567,0.2903777971519907
2023Q1,L0-winnerA minus currentOverall,ANYnegativeD5,-0.005317905563347325,-0.09608821177760707,0.13608389244784755
2023Q1,L0-winnerA minus currentOverall,D1bull,0.1293244506778869,-0.01607205469845718,0.1982201846879617
2023Q1,L0-winnerA minus currentOverall,FPtargetFirstLower,0.15421926133707342,0.042949392239364156,0.2580799400669839
2023Q1,L0-winnerA minus currentOverall,FPtargetFirstUpper,0.16514726507713884,0.04301075268817206,0.27250069250333653
2023Q1,L0-winnerA minus currentOverall,FPnegativeCertain,-0.004499766245909309,-0.11290322580645162,0.14874395221169415
2023Q1,L0-winnerA minus currentOverall,FPnegativePossible,0.006428237494156108,-0.09559848753397136,0.14516129032258063
2023Q1,L0-winnerA minus currentOverall,FPloss5Certain,0.08648901355773725,-0.035437599153886806,0.24202412089508857
2023Q1,L0-winnerA minus currentOverall,FPloss5Possible,0.09741701729780278,-0.01923974675362833,0.24493170589944782
2023Q1,L0-winnerA minus currentOverall,FPambiguous,0.01092800374006545,-0.005376344086021506,0.02185792349726776
2023Q1,L0-winnerA minus currentOverall,FPstopBeforeLaterTouch,0.06562646096306685,0.021505376344086016,0.08850584898971996
2023Q1,L0-winnerA minus currentOverall,netD5,0.016132635060620758,-0.02381279031352339,0.044293549599477545
2023Q1,L0-winnerA minus currentOverall,FPnetLower,0.006421162142077867,-0.010819717131710259,0.022221182890031776
2023Q1,L0-winnerA minus currentOverall,FPnetUpper,0.008060362703087687,-0.011122107770635962,0.024586204928754064
2023Q1,L0-winnerA minus currentOverall,targetOnlyNet,0.003642739115681433,-0.02549698685703401,0.0222057852327198
2023Q1,L0-winnerA minus currentOverall,strictCoverage,-0.010752688172043001,-0.021505376344086002,0.0
2023Q1,L0-winnerA minus currentOverall,scoreAll3AtLeast70,-1.0,-1.0,-1.0
2023Q1,L0-winnerA minus currentOverall,all3Touch,0.11666666666666667,0.03507259528130671,0.2
2023Q1,L0-winnerA minus currentOverall,threePicksCoverage,0.0,0.0,0.0
2023Q1,L0-winnerA minus ATRbaseline,touch,0.41862514688601643,0.34946236559139787,0.4809661578553699
2023Q1,L0-winnerA minus ATRbaseline,L5,0.2719153936545241,0.17538932639672988,0.3948509580758879
2023Q1,L0-winnerA minus ATRbaseline,ANYnegativeD5,-0.07834900117508814,-0.19113629758791045,-0.021736192714453574
2023Q1,L0-winnerA minus ATRbaseline,D1bull,0.07311985898942419,-0.019158282926547365,0.12968530855539975
2023Q1,L0-winnerA minus ATRbaseline,FPtargetFirstLower,0.3153642773207991,0.24882229003196746,0.3859864422627396
2023Q1,L0-winnerA minus ATRbaseline,FPtargetFirstUpper,0.331668625146886,0.2541332461493752,0.4100922815994206
2023Q1,L0-winnerA minus ATRbaseline,FPnegativeCertain,-0.0022620446533490046,-0.09388551031200423,0.028239551026436254
2023Q1,L0-winnerA minus ATRbaseline,FPnegativePossible,0.014042303172737913,-0.08146360665266009,0.04130069975535045
2023Q1,L0-winnerA minus ATRbaseline,FPloss5Certain,0.48942420681551113,0.40565440374271683,0.5721077094174919
2023Q1,L0-winnerA minus ATRbaseline,FPloss5Possible,0.5057285546415982,0.42958495223835336,0.5787285672769543
2023Q1,L0-winnerA minus ATRbaseline,FPambiguous,0.016304347826086956,0.0,0.02717391304347826
2023Q1,L0-winnerA minus ATRbaseline,FPstopBeforeLaterTouch,0.10326086956521739,0.07027027027027027,0.12637362637362637
2023Q1,L0-winnerA minus ATRbaseline,netD5,0.030573215976215557,0.004863459912210781,0.05264399551361053
2023Q1,L0-winnerA minus ATRbaseline,FPnetLower,0.005288503284060211,-0.002215989937359394,0.016595681402372806
2023Q1,L0-winnerA minus ATRbaseline,FPnetUpper,0.007734155457973255,-0.001453262750257658,0.019890957674808796
2023Q1,L0-winnerA minus ATRbaseline,targetOnlyNet,0.01184535716391617,-0.005660004626527468,0.027857662591524553
2023Q1,L0-winnerA minus ATRbaseline,strictCoverage,-0.005376344086021501,-0.021505376344086002,0.0
2023Q1,L0-winnerA minus ATRbaseline,scoreAll3AtLeast70,0.0,0.0,0.0
2023Q1,L0-winnerA minus ATRbaseline,all3Touch,0.11666666666666667,0.03507259528130671,0.2
2023Q1,L0-winnerA minus ATRbaseline,threePicksCoverage,0.0,0.0,0.0
2023Q1,L0-winnerB minus currentOverall,touch,0.19354838709677422,0.09139784946236562,0.28494623655913975
2023Q1,L0-winnerB minus currentOverall,L5,0.1881720430107527,0.08064516129032259,0.3387096774193548
2023Q1,L0-winnerB minus currentOverall,ANYnegativeD5,0.06451612903225812,0.010618279569892475,0.16666666666666669
2023Q1,L0-winnerB minus currentOverall,D1bull,0.08602150537634412,-0.02688172043010756,0.14516129032258063
2023Q1,L0-winnerB minus currentOverall,FPtargetFirstLower,0.15053763440860213,0.04838709677419356,0.26881720430107525
2023Q1,L0-winnerB minus currentOverall,FPtargetFirstUpper,0.15591397849462368,0.04838709677419356,0.26881720430107525
2023Q1,L0-winnerB minus currentOverall,FPnegativeCertain,0.026881720430107503,-0.048387096774193505,0.13978494623655913
2023Q1,L0-winnerB minus currentOverall,FPnegativePossible,0.032258064516129004,-0.043010752688172005,0.13440860215053763
2023Q1,L0-winnerB minus currentOverall,FPloss5Certain,0.11827956989247318,0.021370967741935473,0.24744623655913972
2023Q1,L0-winnerB minus currentOverall,FPloss5Possible,0.12365591397849468,0.02688172043010756,0.2419354838709677
2023Q1,L0-winnerB minus currentOverall,FPambiguous,0.005376344086021506,-0.010752688172043012,0.016129032258064516
2023Q1,L0-winnerB minus currentOverall,FPstopBeforeLaterTouch,0.04301075268817204,-0.00013440860215052988,0.08602150537634408
2023Q1,L0-winnerB minus currentOverall,netD5,0.0027191593269894343,-0.03158702982218919,0.0365832050783229
2023Q1,L0-winnerB minus currentOverall,FPnetLower,0.0033719084941884717,-0.010037677579079822,0.017821130745766176
2023Q1,L0-winnerB minus currentOverall,FPnetUpper,0.004178360107091698,-0.010805868383121722,0.018385246161462327
2023Q1,L0-winnerB minus currentOverall,targetOnlyNet,-0.003238606768093977,-0.02428260257328452,0.014885796196021565
2023Q1,L0-winnerB minus currentOverall,strictCoverage,0.0,0.0,0.0
2023Q1,L0-winnerB minus currentOverall,scoreAll3AtLeast70,-1.0,-1.0,-1.0
2023Q1,L0-winnerB minus currentOverall,all3Touch,0.04838709677419355,0.016129032258064516,0.0967741935483871
2023Q1,L0-winnerB minus currentOverall,threePicksCoverage,0.0,0.0,0.0
2023Q1,L0-winnerB minus ATRbaseline,touch,0.3923278116826504,0.33280731477862335,0.478494623655914
2023Q1,L0-winnerB minus ATRbaseline,L5,0.34928799767509444,0.2634408602150538,0.45698924731182794
2023Q1,L0-winnerB minus ATRbaseline,ANYnegativeD5,-0.008514966579482697,-0.12903225806451613,0.040273081637036634
2023Q1,L0-winnerB minus ATRbaseline,D1bull,0.02981691368788142,-0.03225806451612906,0.07002688172043003
2023Q1,L0-winnerB minus ATRbaseline,FPtargetFirstLower,0.3116826503923278,0.24719118399605775,0.39247311827956993
2023Q1,L0-winnerB minus ATRbaseline,FPtargetFirstUpper,0.32243533856437084,0.24719118399605775,0.40322580645161293
2023Q1,L0-winnerB minus ATRbaseline,FPnegativeCertain,0.029119442022667807,-0.09139784946236551,0.06698474518939884
2023Q1,L0-winnerB minus ATRbaseline,FPnegativePossible,0.03987213019471081,-0.08602150537634412,0.0753261061166931
2023Q1,L0-winnerB minus ATRbaseline,FPloss5Certain,0.5212147631502471,0.44576758999532495,0.5913978494623655
2023Q1,L0-winnerB minus ATRbaseline,FPloss5Possible,0.5319674513222901,0.45698924731182794,0.5915228131357162
2023Q1,L0-winnerB minus ATRbaseline,FPambiguous,0.010752688172043012,0.0,0.016129032258064516
2023Q1,L0-winnerB minus ATRbaseline,FPstopBeforeLaterTouch,0.08064516129032258,0.043010752688172046,0.11827956989247312
2023Q1,L0-winnerB minus ATRbaseline,netD5,0.017159740242584237,-0.0032315503248194835,0.04586068819697634
2023Q1,L0-winnerB minus ATRbaseline,FPnetLower,0.0022392496361708153,-0.003283593652150811,0.014419947136184741
2023Q1,L0-winnerB minus ATRbaseline,FPnetUpper,0.0038521528619772667,-0.0027199690543040387,0.016636155360552442
2023Q1,L0-winnerB minus ATRbaseline,targetOnlyNet,0.00496401128014076,-0.0050214400536704425,0.021883194088221997
2023Q1,L0-winnerB minus ATRbaseline,strictCoverage,0.005376344086021501,0.0,0.010752688172043001
2023Q1,L0-winnerB minus ATRbaseline,scoreAll3AtLeast70,0.0,0.0,0.0
2023Q1,L0-winnerB minus ATRbaseline,all3Touch,0.04838709677419355,0.016129032258064516,0.0967741935483871
2023Q1,L0-winnerB minus ATRbaseline,threePicksCoverage,0.0,0.0,0.0
2023Q1,FP-winnerFP minus currentOverall,touch,0.13635571054925896,0.008378409966769015,0.236617262423714
2023Q1,FP-winnerFP minus currentOverall,L5,0.0821272885789015,-0.0015280715670721115,0.1935483870967742
2023Q1,FP-winnerFP minus currentOverall,ANYnegativeD5,-0.002644580063934865,-0.06552692387280713,0.08393054344667249
2023Q1,FP-winnerFP minus currentOverall,D1bull,0.06160999709386811,-0.10887535063113606,0.13440860215053763
2023Q1,FP-winnerFP minus currentOverall,FPtargetFirstLower,0.10371984888113922,-0.008307035998129991,0.22434548854604958
2023Q1,FP-winnerFP minus currentOverall,FPtargetFirstUpper,0.10374891020052313,-0.013676075268817225,0.2206967213114754
2023Q1,FP-winnerFP minus currentOverall,FPnegativeCertain,-0.03467015402499274,-0.13731691368788143,0.12702048823016562
2023Q1,FP-winnerFP minus currentOverall,FPnegativePossible,-0.03464109270560889,-0.13717389908175862,0.11448544880785415
2023Q1,FP-winnerFP minus currentOverall,FPloss5Certain,0.03490264458006398,-0.07817953463775787,0.2043010752688172
2023Q1,FP-winnerFP minus currentOverall,FPloss5Possible,0.034931705899447885,-0.07390849293756081,0.18824469630921237
2023Q1,FP-winnerFP minus currentOverall,FPambiguous,2.90613193838999e-05,-0.016129032258064516,0.010839872130194711
2023Q1,FP-winnerFP minus currentOverall,FPstopBeforeLaterTouch,0.032635861668119735,-0.025939383197447704,0.07526881720430108
2023Q1,FP-winnerFP minus currentOverall,netD5,0.0037304157393266892,-0.018841336048408087,0.03346068629912031
2023Q1,FP-winnerFP minus currentOverall,FPnetLower,0.009190999171210258,-0.010658565993010346,0.0262329156423957
2023Q1,FP-winnerFP minus currentOverall,FPnetUpper,0.009195358369117841,-0.012160671367239147,0.02624113130876324
2023Q1,FP-winnerFP minus currentOverall,targetOnlyNet,0.0031528614234525793,-0.018803799018973635,0.016967187550950582
2023Q1,FP-winnerFP minus currentOverall,strictCoverage,-0.005376344086021501,-0.016129032258064502,0.0
2023Q1,FP-winnerFP minus currentOverall,scoreAll3AtLeast70,-1.0,-1.0,-1.0
2023Q1,FP-winnerFP minus currentOverall,all3Touch,0.04918032786885246,0.0,0.15517241379310345
2023Q1,FP-winnerFP minus currentOverall,threePicksCoverage,0.0,0.0,0.0
2023Q1,FP-winnerFP minus ATRbaseline,touch,0.33513513513513515,0.24057948941457497,0.41647551741783856
2023Q1,FP-winnerFP minus ATRbaseline,L5,0.24324324324324326,0.1851038626284068,0.2973016564952049
2023Q1,FP-winnerFP minus ATRbaseline,ANYnegativeD5,-0.07567567567567568,-0.22342632955536176,0.008061720556461097
2023Q1,FP-winnerFP minus ATRbaseline,D1bull,0.005405405405405406,-0.12177944900214864,0.08065605928509152
2023Q1,FP-winnerFP minus ATRbaseline,FPtargetFirstLower,0.2648648648648649,0.17817818695273113,0.3460919790758501
2023Q1,FP-winnerFP minus ATRbaseline,FPtargetFirstUpper,0.2702702702702703,0.18763442439634584,0.3461912929760054
2023Q1,FP-winnerFP minus ATRbaseline,FPnegativeCertain,-0.032432432432432434,-0.1827956989247312,0.059269810659186475
2023Q1,FP-winnerFP minus ATRbaseline,FPnegativePossible,-0.027027027027027084,-0.1827956989247312,0.06716090652363448
2023Q1,FP-winnerFP minus ATRbaseline,FPloss5Certain,0.43783783783783786,0.37003824564396093,0.5057945664809269
2023Q1,FP-winnerFP minus ATRbaseline,FPloss5Possible,0.44324324324324327,0.37014086842803534,0.5119798971482
2023Q1,FP-winnerFP minus ATRbaseline,FPambiguous,0.005405405405405406,0.0,0.01092896174863388
2023Q1,FP-winnerFP minus ATRbaseline,FPstopBeforeLaterTouch,0.07027027027027027,0.03783783783783784,0.10270270270270271
2023Q1,FP-winnerFP minus ATRbaseline,netD5,0.01817099665492149,-0.0024265537447047485,0.04830105923029554
2023Q1,FP-winnerFP minus ATRbaseline,FPnetLower,0.008058340313192601,-0.005136266172828836,0.02180885608030746
2023Q1,FP-winnerFP minus ATRbaseline,FPnetUpper,0.00886915112400341,-0.0036385041403762474,0.021927501592822637
2023Q1,FP-winnerFP minus ATRbaseline,targetOnlyNet,0.011355479471687316,-0.007048022516049416,0.028311327541556186
2023Q1,FP-winnerFP minus ATRbaseline,strictCoverage,0.0,-0.016129032258064502,0.010752688172043001
2023Q1,FP-winnerFP minus ATRbaseline,scoreAll3AtLeast70,0.0,0.0,0.0
2023Q1,FP-winnerFP minus ATRbaseline,all3Touch,0.04918032786885246,0.0,0.15517241379310345
2023Q1,FP-winnerFP minus ATRbaseline,threePicksCoverage,0.0,0.0,0.0
2023Q2,L5-winnerA minus currentOverall,touch,0.22577413479052824,0.16203559544524834,0.2945113667240286
2023Q2,L5-winnerA minus currentOverall,L5,0.15473588342440803,0.0921382541153112,0.25820359007235083
2023Q2,L5-winnerA minus currentOverall,ANYnegativeD5,0.059562841530054644,-0.012913589143097329,0.15929691117903125
2023Q2,L5-winnerA minus currentOverall,D1bull,0.04462659380692169,-0.05281405752717229,0.08615365329531013
2023Q2,L5-winnerA minus currentOverall,FPtargetFirstLower,0.11948998178506373,0.0722985347985348,0.1866968078628945
2023Q2,L5-winnerA minus currentOverall,FPtargetFirstUpper,0.1307832422586521,0.0849228632672161,0.19099499089253186
2023Q2,L5-winnerA minus currentOverall,FPnegativeCertain,0.005464480874316946,-0.06699146215595735,0.07553188377039001
2023Q2,L5-winnerA minus currentOverall,FPnegativePossible,0.01675774134790531,-0.06191228483333996,0.09005826766899139
2023Q2,L5-winnerA minus currentOverall,FPloss5Certain,0.06466302367941712,-0.01895208767321798,0.14122766623687602
2023Q2,L5-winnerA minus currentOverall,FPloss5Possible,0.07595628415300548,-0.017961228207129865,0.15830373406193077
2023Q2,L5-winnerA minus currentOverall,FPambiguous,0.011293260473588343,-0.005591934548340808,0.027932960893854747
2023Q2,L5-winnerA minus currentOverall,FPstopBeforeLaterTouch,0.10628415300546448,0.040389334400778215,0.1440690758687317
2023Q2,L5-winnerA minus currentOverall,netD5,0.0004618106340446185,-0.02365632009892601,0.020290974073746616
2023Q2,L5-winnerA minus currentOverall,FPnetLower,0.003114974153344772,-0.00454704832269537,0.01268879112785729
2023Q2,L5-winnerA minus currentOverall,FPnetUpper,0.0048089632243830255,-0.0030264008983454703,0.01365444990415064
2023Q2,L5-winnerA minus currentOverall,targetOnlyNet,-0.000876225206548697,-0.017104432233930243,0.013318398199374179
2023Q2,L5-winnerA minus currentOverall,strictCoverage,-0.016393442622950838,-0.02732240437158473,-0.005327868852459146
2023Q2,L5-winnerA minus currentOverall,scoreAll3AtLeast70,-1.0,-1.0,-1.0
2023Q2,L5-winnerA minus currentOverall,all3Touch,0.13793103448275862,0.06896551724137931,0.1864406779661017
2023Q2,L5-winnerA minus currentOverall,threePicksCoverage,0.0,0.0,0.0
2023Q2,L5-winnerA minus ATRbaseline,touch,0.4057397176181706,0.3285861156148041,0.4437971074292727
2023Q2,L5-winnerA minus ATRbaseline,L5,0.3946899938612646,0.31285294082081794,0.5502732240437158
2023Q2,L5-winnerA minus ATRbaseline,ANYnegativeD5,0.03112338858195207,-0.08931666824480004,0.2006552873356152
2023Q2,L5-winnerA minus ATRbaseline,D1bull,-0.07519950890116633,-0.205863372882891,-0.015538188899795156
2023Q2,L5-winnerA minus ATRbaseline,FPtargetFirstLower,0.2557397176181706,0.1890684468999386,0.30195512820512826
2023Q2,L5-winnerA minus ATRbaseline,FPtargetFirstUpper,0.27796193984039286,0.21452516063171803,0.3186866904045675
2023Q2,L5-winnerA minus ATRbaseline,FPnegativeCertain,0.0644567219152854,-0.043127716738888405,0.20218579234972678
2023Q2,L5-winnerA minus ATRbaseline,FPnegativePossible,0.08667894413750765,-0.025911923721925596,0.22816262827138362
2023Q2,L5-winnerA minus ATRbaseline,FPloss5Certain,0.5558624923265808,0.4911271539214975,0.6568230492271401
2023Q2,L5-winnerA minus ATRbaseline,FPloss5Possible,0.578084714548803,0.5027541700216277,0.6877644472937082
2023Q2,L5-winnerA minus ATRbaseline,FPambiguous,0.022222222222222223,0.00558659217877095,0.038461538461538464
2023Q2,L5-winnerA minus ATRbaseline,FPstopBeforeLaterTouch,0.15,0.09497206703910614,0.18681318681318682
2023Q2,L5-winnerA minus ATRbaseline,netD5,0.003436561153790536,-0.02850095140337705,0.023161415744828762
2023Q2,L5-winnerA minus ATRbaseline,FPnetLower,-0.004974892490624643,-0.021461542868327292,0.005603411223491948
2023Q2,L5-winnerA minus ATRbaseline,FPnetUpper,-0.0016415591572913131,-0.017271644258559305,0.007685150257803455
2023Q2,L5-winnerA minus ATRbaseline,targetOnlyNet,-0.0007641273453114781,-0.029248242327335115,0.01657160288125679
2023Q2,L5-winnerA minus ATRbaseline,strictCoverage,-0.005464480874316946,-0.021857923497267784,0.016393442622950838
2023Q2,L5-winnerA minus ATRbaseline,scoreAll3AtLeast70,0.0,0.0,0.0
2023Q2,L5-winnerA minus ATRbaseline,all3Touch,0.13793103448275862,0.06896551724137931,0.1864406779661017
2023Q2,L5-winnerA minus ATRbaseline,threePicksCoverage,0.0,0.0,0.0
2023Q2,L5-winnerB minus currentOverall,touch,0.10382513661202189,0.0655737704918033,0.16939890710382513
2023Q2,L5-winnerB minus currentOverall,L5,0.185792349726776,0.12021857923497264,0.2896174863387978
2023Q2,L5-winnerB minus currentOverall,ANYnegativeD5,0.14207650273224048,0.0710382513661203,0.180327868852459
2023Q2,L5-winnerB minus currentOverall,D1bull,0.08196721311475408,-0.03278688524590162,0.1584699453551912
2023Q2,L5-winnerB minus currentOverall,FPtargetFirstLower,0.06010928961748635,0.010928961748633892,0.10928961748633881
2023Q2,L5-winnerB minus currentOverall,FPtargetFirstUpper,0.06557377049180327,0.010928961748633892,0.12568306010928962
2023Q2,L5-winnerB minus currentOverall,FPnegativeCertain,0.05464480874316946,-0.02732240437158473,0.13114754098360648
2023Q2,L5-winnerB minus currentOverall,FPnegativePossible,0.060109289617486406,-0.021857923497267784,0.14207650273224048
2023Q2,L5-winnerB minus currentOverall,FPloss5Certain,0.10382513661202175,0.05464480874316946,0.19672131147540983
2023Q2,L5-winnerB minus currentOverall,FPloss5Possible,0.10928961748633881,0.0491803278688524,0.21311475409836067
2023Q2,L5-winnerB minus currentOverall,FPambiguous,0.005464480874316941,-0.021857923497267763,0.03278688524590164
2023Q2,L5-winnerB minus currentOverall,FPstopBeforeLaterTouch,0.04371584699453552,0.016393442622950817,0.09289617486338797
2023Q2,L5-winnerB minus currentOverall,netD5,-0.03597817585736428,-0.048476963640453986,-0.019640988444277474
2023Q2,L5-winnerB minus currentOverall,FPnetLower,-0.0034604082314763137,-0.014965019401747465,0.007442605156501143
2023Q2,L5-winnerB minus currentOverall,FPnetUpper,-0.0026407361003287708,-0.01348421258366142,0.009457837746155868
2023Q2,L5-winnerB minus currentOverall,targetOnlyNet,-0.016034621340084477,-0.026368314439619348,-0.0034343948215837293
2023Q2,L5-winnerB minus currentOverall,strictCoverage,0.0,0.0,0.0
2023Q2,L5-winnerB minus currentOverall,scoreAll3AtLeast70,-0.9672131147540983,-1.0,-0.8852459016393442
2023Q2,L5-winnerB minus currentOverall,all3Touch,0.03278688524590164,0.0,0.11475409836065574
2023Q2,L5-winnerB minus currentOverall,threePicksCoverage,0.0,0.0,0.0
2023Q2,L5-winnerB minus ATRbaseline,touch,0.2837907194396643,0.2179652483575858,0.34426229508196726
2023Q2,L5-winnerB minus ATRbaseline,L5,0.42574646016363255,0.37127202536272036,0.5462692211480817
2023Q2,L5-winnerB minus ATRbaseline,ANYnegativeD5,0.11363704978413791,0.0021878799042181333,0.22404371584699445
2023Q2,L5-winnerB minus ATRbaseline,D1bull,-0.037858889593333944,-0.14769344564200101,0.007789200703899224
2023Q2,L5-winnerB minus ATRbaseline,FPtargetFirstLower,0.19635902545059325,0.11366741182314952,0.26229508196721313
2023Q2,L5-winnerB minus ATRbaseline,FPtargetFirstUpper,0.21275246807354406,0.12526009289068568,0.28937747184735685
2023Q2,L5-winnerB minus ATRbaseline,FPnegativeCertain,0.11363704978413791,0.029428824373416318,0.22957199903921208
2023Q2,L5-winnerB minus ATRbaseline,FPnegativePossible,0.13003049240708875,0.057145775171821935,0.24590163934426224
2023Q2,L5-winnerB minus ATRbaseline,FPloss5Certain,0.5950246052591854,0.5081831355855447,0.7364874708999499
2023Q2,L5-winnerB minus ATRbaseline,FPloss5Possible,0.6114180478821363,0.524582657779379,0.7487378912071534
2023Q2,L5-winnerB minus ATRbaseline,FPambiguous,0.01639344262295082,0.00546448087431694,0.03825136612021858
2023Q2,L5-winnerB minus ATRbaseline,FPstopBeforeLaterTouch,0.08743169398907104,0.0546448087431694,0.14207650273224043
2023Q2,L5-winnerB minus ATRbaseline,netD5,-0.03300342533761836,-0.0557107249390508,-0.016929756149585775
2023Q2,L5-winnerB minus ATRbaseline,FPnetLower,-0.011550274875445729,-0.025826727376432126,-0.0019477906658815875
2023Q2,L5-winnerB minus ATRbaseline,FPnetUpper,-0.009091258482003109,-0.023213170949931524,0.0015882627719066202
2023Q2,L5-winnerB minus ATRbaseline,targetOnlyNet,-0.015922523478847258,-0.03330868988083228,-0.002992101116286577
2023Q2,L5-winnerB minus ATRbaseline,strictCoverage,0.010928961748633892,0.0,0.03825136612021862
2023Q2,L5-winnerB minus ATRbaseline,scoreAll3AtLeast70,0.03278688524590164,0.0,0.11475409836065574
2023Q2,L5-winnerB minus ATRbaseline,all3Touch,0.03278688524590164,0.0,0.11475409836065574
2023Q2,L5-winnerB minus ATRbaseline,threePicksCoverage,0.0,0.0,0.0
2023Q2,L0-winnerA minus currentOverall,touch,0.15705099175799295,0.09650024280327509,0.22955450588126328
2023Q2,L0-winnerA minus currentOverall,L5,0.11363704978413791,0.054644808743169404,0.21050637126079402
2023Q2,L0-winnerA minus currentOverall,ANYnegativeD5,0.08921293361108595,0.03393487908703925,0.16597316780750943
2023Q2,L0-winnerA minus currentOverall,D1bull,0.07010234580201069,-0.02095489487820689,0.1038251366120218
2023Q2,L0-winnerA minus currentOverall,FPtargetFirstLower,0.134468496211092,0.09289617486338797,0.21499221540434102
2023Q2,L0-winnerA minus currentOverall,FPtargetFirstUpper,0.14011412009781724,0.09591371554508953,0.22404371584699453
2023Q2,L0-winnerA minus currentOverall,FPnegativeCertain,-0.014793346013344144,-0.10939981281888718,0.0539284784776239
2023Q2,L0-winnerA minus currentOverall,FPnegativePossible,-0.009147722126618962,-0.1092896174863387,0.06380796252927387
2023Q2,L0-winnerA minus currentOverall,FPloss5Certain,0.028137547927421958,-0.08196721311475419,0.10928961748633875
2023Q2,L0-winnerA minus currentOverall,FPloss5Possible,0.03378317181414736,-0.09114435625869582,0.12570796727349576
2023Q2,L0-winnerA minus currentOverall,FPambiguous,0.0056456238867252356,-0.01639344262295082,0.03314917127071823
2023Q2,L0-winnerA minus currentOverall,FPstopBeforeLaterTouch,0.022582495546900942,-0.032786885245901634,0.050086042930893936
2023Q2,L0-winnerA minus currentOverall,netD5,-0.006984028150062757,-0.025299430780073982,0.005817942246011659
2023Q2,L0-winnerA minus currentOverall,FPnetLower,0.004281642975716238,-0.003451257337587878,0.01734567601162662
2023Q2,L0-winnerA minus currentOverall,FPnetUpper,0.005128486558725026,-0.003799215755980561,0.020261743146809303
2023Q2,L0-winnerA minus currentOverall,targetOnlyNet,-0.010427974030086048,-0.027828929231679275,0.004013603826156245
2023Q2,L0-winnerA minus currentOverall,strictCoverage,-0.010928961748633892,-0.032786885245901676,0.0
2023Q2,L0-winnerA minus currentOverall,scoreAll3AtLeast70,-1.0,-1.0,-1.0
2023Q2,L0-winnerA minus currentOverall,all3Touch,0.1,0.04918032786885246,0.13114754098360656
2023Q2,L0-winnerA minus currentOverall,threePicksCoverage,0.0,0.0,0.0
2023Q2,L0-winnerA minus ATRbaseline,touch,0.3370165745856354,0.2541436464088398,0.40428376268540206
2023Q2,L0-winnerA minus ATRbaseline,L5,0.35359116022099446,0.30407458563535916,0.4808743169398907
2023Q2,L0-winnerA minus ATRbaseline,ANYnegativeD5,0.06077348066298338,-0.024157904393482695,0.20765027322404372
2023Q2,L0-winnerA minus ATRbaseline,D1bull,-0.04972375690607733,-0.17130048573531947,0.005591436044821897
2023Q2,L0-winnerA minus ATRbaseline,FPtargetFirstLower,0.27071823204419887,0.20438243281206106,0.340720921473856
2023Q2,L0-winnerA minus ATRbaseline,FPtargetFirstUpper,0.28729281767955805,0.22114246250986586,0.3605679156908665
2023Q2,L0-winnerA minus ATRbaseline,FPnegativeCertain,0.04419889502762431,-0.06462673343605549,0.16393442622950816
2023Q2,L0-winnerA minus ATRbaseline,FPnegativePossible,0.06077348066298338,-0.05649717514124297,0.18545577954032802
2023Q2,L0-winnerA minus ATRbaseline,FPloss5Certain,0.5193370165745856,0.458095837851841,0.5966911541497177
2023Q2,L0-winnerA minus ATRbaseline,FPloss5Possible,0.5359116022099448,0.4699294171220401,0.6229508196721311
2023Q2,L0-winnerA minus ATRbaseline,FPambiguous,0.016574585635359115,0.0,0.04371584699453552
2023Q2,L0-winnerA minus ATRbaseline,FPstopBeforeLaterTouch,0.06629834254143646,0.022099447513812154,0.08839779005524862
2023Q2,L0-winnerA minus ATRbaseline,netD5,-0.004009277630316839,-0.030919658355146342,0.008888477641109489
2023Q2,L0-winnerA minus ATRbaseline,FPnetLower,-0.0038082236682531775,-0.020141596098247633,0.008740357202470517
2023Q2,L0-winnerA minus ATRbaseline,FPnetUpper,-0.0013220358229493125,-0.016662472035860448,0.011385802579472264
2023Q2,L0-winnerA minus ATRbaseline,targetOnlyNet,-0.010315876168848829,-0.03951981435057195,0.0059903085941821555
2023Q2,L0-winnerA minus ATRbaseline,strictCoverage,0.0,-0.016393442622950838,0.016393442622950838
2023Q2,L0-winnerA minus ATRbaseline,scoreAll3AtLeast70,0.0,0.0,0.0
2023Q2,L0-winnerA minus ATRbaseline,all3Touch,0.1,0.04918032786885246,0.13114754098360656
2023Q2,L0-winnerA minus ATRbaseline,threePicksCoverage,0.0,0.0,0.0
2023Q2,L0-winnerB minus currentOverall,touch,0.17486338797814208,0.10928961748633878,0.23497267759562843
2023Q2,L0-winnerB minus currentOverall,L5,0.1202185792349727,0.06557377049180327,0.23497267759562834
2023Q2,L0-winnerB minus currentOverall,ANYnegativeD5,0.010928961748633892,-0.0655737704918033,0.09836065573770492
2023Q2,L0-winnerB minus currentOverall,D1bull,0.07103825136612024,-0.016393442622950782,0.11475409836065575
2023Q2,L0-winnerB minus currentOverall,FPtargetFirstLower,0.092896174863388,0.038114754098360654,0.1530054644808743
2023Q2,L0-winnerB minus currentOverall,FPtargetFirstUpper,0.10382513661202183,0.038251366120218566,0.16939890710382516
2023Q2,L0-winnerB minus currentOverall,FPnegativeCertain,-0.005464480874316946,-0.08743169398907102,0.09836065573770492
2023Q2,L0-winnerB minus currentOverall,FPnegativePossible,0.005464480874316946,-0.07103825136612019,0.09849726775956272
2023Q2,L0-winnerB minus currentOverall,FPloss5Certain,0.06557377049180324,-0.04385245901639348,0.21311475409836067
2023Q2,L0-winnerB minus currentOverall,FPloss5Possible,0.07650273224043724,-0.032786885245901676,0.21871584699453542
2023Q2,L0-winnerB minus currentOverall,FPambiguous,0.01092896174863388,-0.005464480874316939,0.0273224043715847
2023Q2,L0-winnerB minus currentOverall,FPstopBeforeLaterTouch,0.0819672131147541,0.049180327868852465,0.10928961748633881
2023Q2,L0-winnerB minus currentOverall,netD5,-0.006138432280724709,-0.04204203418258926,0.02461096366675723
2023Q2,L0-winnerB minus currentOverall,FPnetLower,0.001744754115243819,-0.009458551398688292,0.01013077009526467
2023Q2,L0-winnerB minus currentOverall,FPnetUpper,0.0033840983775389024,-0.008297553778143882,0.012554658477185916
2023Q2,L0-winnerB minus currentOverall,targetOnlyNet,-0.008967139130013199,-0.03409767742422393,0.007604477527949864
2023Q2,L0-winnerB minus currentOverall,strictCoverage,0.0,0.0,0.0
2023Q2,L0-winnerB minus currentOverall,scoreAll3AtLeast70,-1.0,-1.0,-1.0
2023Q2,L0-winnerB minus currentOverall,all3Touch,0.04918032786885246,0.01639344262295082,0.09836065573770492
2023Q2,L0-winnerB minus currentOverall,threePicksCoverage,0.0,0.0,0.0
2023Q2,L0-winnerB minus ATRbaseline,touch,0.35482897080578446,0.2729161005947529,0.3873270807866843
2023Q2,L0-winnerB minus ATRbaseline,L5,0.36017268967182925,0.26156241414048903,0.5300546448087431
2023Q2,L0-winnerB minus ATRbaseline,ANYnegativeD5,-0.01751049119946868,-0.1751608813545288,0.18579234972677594
2023Q2,L0-winnerB minus ATRbaseline,D1bull,-0.04878785134196778,-0.18579234972677594,0.040148002716976515
2023Q2,L0-winnerB minus ATRbaseline,FPtargetFirstLower,0.2291459106964949,0.1529979583258272,0.2673891930460716
2023Q2,L0-winnerB minus ATRbaseline,FPtargetFirstUpper,0.2510038341937626,0.1743146756030553,0.2937899416504584
2023Q2,L0-winnerB minus ATRbaseline,FPnegativeCertain,0.053527760166651506,-0.10129858169091918,0.24590163934426224
2023Q2,L0-winnerB minus ATRbaseline,FPnegativePossible,0.07538568366391929,-0.07383956529747653,0.2569672131147539
2023Q2,L0-winnerB minus ATRbaseline,FPloss5Certain,0.5567732391389669,0.49049382141082964,0.677723183286538
2023Q2,L0-winnerB minus ATRbaseline,FPloss5Possible,0.5786311626362347,0.5176262907174792,0.7045587989886514
2023Q2,L0-winnerB minus ATRbaseline,FPambiguous,0.02185792349726776,0.00546448087431694,0.04371584699453552
2023Q2,L0-winnerB minus ATRbaseline,FPstopBeforeLaterTouch,0.12568306010928962,0.10382513661202186,0.14767759562841518
2023Q2,L0-winnerB minus ATRbaseline,netD5,-0.0031636817609787915,-0.050126838905393024,0.031879224073201415
2023Q2,L0-winnerB minus ATRbaseline,FPnetLower,-0.006345112528725596,-0.024738434741687167,0.004420364224652799
2023Q2,L0-winnerB minus ATRbaseline,FPnetUpper,-0.0030664240041354362,-0.021834043509640685,0.008500381567415505
2023Q2,L0-winnerB minus ATRbaseline,targetOnlyNet,-0.00885504126877598,-0.04771571674495089,0.014891192632467172
2023Q2,L0-winnerB minus ATRbaseline,strictCoverage,0.010928961748633892,0.0,0.03825136612021862
2023Q2,L0-winnerB minus ATRbaseline,scoreAll3AtLeast70,0.0,0.0,0.0
2023Q2,L0-winnerB minus ATRbaseline,all3Touch,0.04918032786885246,0.01639344262295082,0.09836065573770492
2023Q2,L0-winnerB minus ATRbaseline,threePicksCoverage,0.0,0.0,0.0
2023Q2,FP-winnerFP minus currentOverall,touch,0.041028892310479154,-0.0066581188753549,0.09836065573770492
2023Q2,FP-winnerFP minus currentOverall,L5,0.0362889834857954,-0.05694607976330646,0.1849410890569126
2023Q2,FP-winnerFP minus currentOverall,ANYnegativeD5,0.08921293361108595,0.0,0.17286109345026368
2023Q2,FP-winnerFP minus currentOverall,D1bull,0.025903450774386383,-0.03829589711076894,0.07425283145587203
2023Q2,FP-winnerFP minus currentOverall,FPtargetFirstLower,0.029496120520484254,0.00338949104042036,0.0874890559430003
2023Q2,FP-winnerFP minus currentOverall,FPtargetFirstUpper,0.024092020650303414,-0.0018041945233079988,0.0819672131147541
2023Q2,FP-winnerFP minus currentOverall,FPnegativeCertain,0.04045527277118621,-0.0491803278688524,0.10925839188134262
2023Q2,FP-winnerFP minus currentOverall,FPnegativePossible,0.035051172901005345,-0.049180327868852514,0.10270979376272898
2023Q2,FP-winnerFP minus currentOverall,FPloss5Certain,0.011562962292062884,-0.06557377049180335,0.07757298553874951
2023Q2,FP-winnerFP minus currentOverall,FPloss5Possible,0.0061588624218821275,-0.08743169398907102,0.07901058022014182
2023Q2,FP-winnerFP minus currentOverall,FPambiguous,-0.005404099870180841,-0.03278688524590164,0.01639344262295082
2023Q2,FP-winnerFP minus currentOverall,FPstopBeforeLaterTouch,0.011532771789994865,-0.03788513340407018,0.02908446790775207
2023Q2,FP-winnerFP minus currentOverall,netD5,-0.013595879497295044,-0.03806170617368162,0.005021009918575232
2023Q2,FP-winnerFP minus currentOverall,FPnetLower,-0.004566201759105298,-0.01203714374645031,0.006046751276313488
2023Q2,FP-winnerFP minus currentOverall,FPnetUpper,-0.005376816739632417,-0.01502783139212711,0.006917191046761061
2023Q2,FP-winnerFP minus currentOverall,targetOnlyNet,-0.0144832720913327,-0.03550949112023546,0.005199304654709966
2023Q2,FP-winnerFP minus currentOverall,strictCoverage,-0.010928961748633892,-0.032786885245901676,0.0
2023Q2,FP-winnerFP minus currentOverall,scoreAll3AtLeast70,-1.0,-1.0,-1.0
2023Q2,FP-winnerFP minus currentOverall,all3Touch,0.016666666666666666,0.0,0.04918032786885246
2023Q2,FP-winnerFP minus currentOverall,threePicksCoverage,0.0,0.0,0.0
2023Q2,FP-winnerFP minus ATRbaseline,touch,0.22099447513812157,0.1414563531910228,0.2786885245901639
2023Q2,FP-winnerFP minus ATRbaseline,L5,0.27624309392265195,0.22092883982545244,0.3989071038251366
2023Q2,FP-winnerFP minus ATRbaseline,ANYnegativeD5,0.06077348066298338,-0.005588170312154722,0.17679558011049723
2023Q2,FP-winnerFP minus ATRbaseline,D1bull,-0.09392265193370164,-0.21863961597681378,-0.007767934639770947
2023Q2,FP-winnerFP minus ATRbaseline,FPtargetFirstLower,0.16574585635359115,0.11444362690753981,0.2185792349726776
2023Q2,FP-winnerFP minus ATRbaseline,FPtargetFirstUpper,0.1712707182320442,0.11746973929236501,0.22905027932960895
2023Q2,FP-winnerFP minus ATRbaseline,FPnegativeCertain,0.09944751381215466,0.011046704706699353,0.22099447513812154
2023Q2,FP-winnerFP minus ATRbaseline,FPnegativePossible,0.10497237569060769,0.015747922859248288,0.224105606376234
2023Q2,FP-winnerFP minus ATRbaseline,FPloss5Certain,0.5027624309392266,0.4095769663720936,0.6174863387978141
2023Q2,FP-winnerFP minus ATRbaseline,FPloss5Possible,0.5082872928176796,0.41898573367421016,0.6225975907979349
2023Q2,FP-winnerFP minus ATRbaseline,FPambiguous,0.0055248618784530384,0.0,0.016574585635359115
2023Q2,FP-winnerFP minus ATRbaseline,FPstopBeforeLaterTouch,0.055248618784530384,0.01694915254237288,0.0718232044198895
2023Q2,FP-winnerFP minus ATRbaseline,netD5,-0.010621128977549127,-0.04112951477130102,0.00719870158500737
2023Q2,FP-winnerFP minus ATRbaseline,FPnetLower,-0.012656068403074714,-0.029636130220814256,0.00037121325888208706
2023Q2,FP-winnerFP minus ATRbaseline,FPnetUpper,-0.011827339121306756,-0.028862981860986923,0.0020820332511074205
2023Q2,FP-winnerFP minus ATRbaseline,targetOnlyNet,-0.014371174230095481,-0.045875477071702135,0.007195868265947299
2023Q2,FP-winnerFP minus ATRbaseline,strictCoverage,0.0,-0.016393442622950838,0.016393442622950838
2023Q2,FP-winnerFP minus ATRbaseline,scoreAll3AtLeast70,0.0,0.0,0.0
2023Q2,FP-winnerFP minus ATRbaseline,all3Touch,0.016666666666666666,0.0,0.04918032786885246
2023Q2,FP-winnerFP minus ATRbaseline,threePicksCoverage,0.0,0.0,0.0
2023Q3,L5-winnerA minus currentOverall,touch,0.21217669282185414,0.14712899202170465,0.3202005231037488
2023Q3,L5-winnerA minus currentOverall,L5,0.16919500145306599,0.09360505666957282,0.26344086021505375
2023Q3,L5-winnerA minus currentOverall,ANYnegativeD5,0.03577448416158091,-0.09385571054925892,0.12488982901463075
2023Q3,L5-winnerA minus currentOverall,D1bull,0.06169718105201977,0.00490090496226541,0.12644870677128744
2023Q3,L5-winnerA minus currentOverall,FPtargetFirstLower,0.11996512641673934,0.07842449742870503,0.2043010752688172
2023Q3,L5-winnerA minus currentOverall,FPtargetFirstUpper,0.10383609415867481,0.0520015194015895,0.19017566304031938
2023Q3,L5-winnerA minus currentOverall,FPnegativeCertain,-0.007265329845974944,-0.09139784946236551,0.05025859046283309
2023Q3,L5-winnerA minus currentOverall,FPnegativePossible,-0.023394362104039446,-0.10219703574542285,0.026881720430107503
2023Q3,L5-winnerA minus currentOverall,FPloss5Certain,0.11636152281313572,0.016129032258064502,0.19183948623398644
2023Q3,L5-winnerA minus currentOverall,FPloss5Possible,0.10023249055507122,0.005376344086021501,0.16661871833781672
2023Q3,L5-winnerA minus currentOverall,FPambiguous,-0.016129032258064516,-0.03225806451612903,-0.005376344086021506
2023Q3,L5-winnerA minus currentOverall,FPstopBeforeLaterTouch,0.0922115664051148,0.0429265626846272,0.14746084618980826
2023Q3,L5-winnerA minus currentOverall,netD5,0.008982864251633612,-0.03346637917111014,0.07435762327061322
2023Q3,L5-winnerA minus currentOverall,FPnetLower,0.005785300014885492,-0.00158616376676809,0.01872624947304362
2023Q3,L5-winnerA minus currentOverall,FPnetUpper,0.0033659451761758135,-0.005455114989046289,0.016818356972212994
2023Q3,L5-winnerA minus currentOverall,targetOnlyNet,-0.0021627619645716526,-0.014794826288200096,0.01569669787349417
2023Q3,L5-winnerA minus currentOverall,strictCoverage,-0.005376344086021501,-0.016129032258064502,0.0
2023Q3,L5-winnerA minus currentOverall,scoreAll3AtLeast70,-1.0,-1.0,-1.0
2023Q3,L5-winnerA minus currentOverall,all3Touch,0.1641988365943945,0.11290322580645161,0.2505510752688172
2023Q3,L5-winnerA minus currentOverall,threePicksCoverage,0.0,0.0,0.0
2023Q3,L5-winnerA minus ATRbaseline,touch,0.43243243243243246,0.3763440860215054,0.5108717685076382
2023Q3,L5-winnerA minus ATRbaseline,L5,0.43243243243243246,0.3763440860215054,0.5049630044462546
2023Q3,L5-winnerA minus ATRbaseline,ANYnegativeD5,0.19999999999999996,0.0995558277421882,0.3243275550140304
2023Q3,L5-winnerA minus ATRbaseline,D1bull,-0.016216216216216217,-0.1032608695652174,0.02168628305725074
2023Q3,L5-winnerA minus ATRbaseline,FPtargetFirstLower,0.2810810810810811,0.21618715489683232,0.35735435122017445
2023Q3,L5-winnerA minus ATRbaseline,FPtargetFirstUpper,0.2810810810810811,0.21618715489683232,0.35735435122017445
2023Q3,L5-winnerA minus ATRbaseline,FPnegativeCertain,0.16756756756756758,0.056116333725029326,0.3136821718282096
2023Q3,L5-winnerA minus ATRbaseline,FPnegativePossible,0.16756756756756758,0.056116333725029326,0.3136821718282096
2023Q3,L5-winnerA minus ATRbaseline,FPloss5Certain,0.508108108108108,0.4534293309703145,0.6108108108108108
2023Q3,L5-winnerA minus ATRbaseline,FPloss5Possible,0.508108108108108,0.4534293309703145,0.6108108108108108
2023Q3,L5-winnerA minus ATRbaseline,FPambiguous,0.0,0.0,0.0
2023Q3,L5-winnerA minus ATRbaseline,FPstopBeforeLaterTouch,0.15135135135135136,0.10324691539365452,0.21505376344086022
2023Q3,L5-winnerA minus ATRbaseline,netD5,0.0006705652328075817,-0.03765400773517212,0.05953502480961929
2023Q3,L5-winnerA minus ATRbaseline,FPnetLower,-0.0012505604926599868,-0.013575811045194432,0.009276270894318156
2023Q3,L5-winnerA minus ATRbaseline,FPnetUpper,-0.0012505604926599868,-0.013575811045194432,0.009276270894318156
2023Q3,L5-winnerA minus ATRbaseline,targetOnlyNet,-0.00536861675027362,-0.02027292329904708,0.011139600944673035
2023Q3,L5-winnerA minus ATRbaseline,strictCoverage,0.0,-0.010752688172043001,0.005376344086021501
2023Q3,L5-winnerA minus ATRbaseline,scoreAll3AtLeast70,0.0,0.0,0.0
2023Q3,L5-winnerA minus ATRbaseline,all3Touch,0.18032786885245902,0.12872311827956992,0.2712616183706943
2023Q3,L5-winnerA minus ATRbaseline,threePicksCoverage,0.0,0.0,0.0
2023Q3,L5-winnerB minus currentOverall,touch,0.1978612785064398,0.1061833146510566,0.28750288044810907
2023Q3,L5-winnerB minus currentOverall,L5,0.14397967623774072,0.07322640716044931,0.20824707550514002
2023Q3,L5-winnerB minus currentOverall,ANYnegativeD5,0.008094056481153244,-0.07960829493087553,0.09856971715755024
2023Q3,L5-winnerB minus currentOverall,D1bull,0.06953798889282758,-0.00300221294800879,0.1485123593381174
2023Q3,L5-winnerB minus currentOverall,FPtargetFirstLower,0.11414392059553352,0.02465229079008887,0.24749713555438038
2023Q3,L5-winnerB minus currentOverall,FPtargetFirstUpper,0.11449840482098547,0.013703588757060028,0.2531398730830248
2023Q3,L5-winnerB minus currentOverall,FPnegativeCertain,0.0034266808460357012,-0.13824977880678863,0.09582819139628229
2023Q3,L5-winnerB minus currentOverall,FPnegativePossible,0.0037811650714877354,-0.13181495923431405,0.08448443008225606
2023Q3,L5-winnerB minus currentOverall,FPloss5Certain,0.08850289495450792,-0.07884001532175693,0.2166914626807074
2023Q3,L5-winnerB minus currentOverall,FPloss5Possible,0.08885737917995984,-0.06510880144605119,0.1973379831444347
2023Q3,L5-winnerB minus currentOverall,FPambiguous,0.00035448422545196825,-0.021505376344086023,0.02814846518892292
2023Q3,L5-winnerB minus currentOverall,FPstopBeforeLaterTouch,0.08371735791090629,0.017885157764851042,0.10646126655973386
2023Q3,L5-winnerB minus currentOverall,netD5,0.0022857197557728725,-0.0326174099251774,0.03334412982949427
2023Q3,L5-winnerB minus currentOverall,FPnetLower,0.004096998921320872,-0.009627390072743427,0.024860389774486215
2023Q3,L5-winnerB minus currentOverall,FPnetUpper,0.004150171555138665,-0.011726701487806196,0.026950687415156376
2023Q3,L5-winnerB minus currentOverall,targetOnlyNet,0.003977139033614953,-0.011631894492149127,0.020473169665954194
2023Q3,L5-winnerB minus currentOverall,strictCoverage,-0.021505376344086002,-0.05913978494623651,0.0
2023Q3,L5-winnerB minus currentOverall,scoreAll3AtLeast70,-1.0,-1.0,-1.0
2023Q3,L5-winnerB minus currentOverall,all3Touch,0.10251503553854566,0.0007866208355367539,0.18521657250470805
2023Q3,L5-winnerB minus currentOverall,threePicksCoverage,0.0,0.0,0.0
2023Q3,L5-winnerB minus ATRbaseline,touch,0.4181170181170181,0.377544096357641,0.46222687150106506
2023Q3,L5-winnerB minus ATRbaseline,L5,0.4072171072171072,0.3239333099013252,0.4780834224281303
2023Q3,L5-winnerB minus ATRbaseline,ANYnegativeD5,0.1723195723195723,0.07147684910560799,0.2953873684343529
2023Q3,L5-winnerB minus ATRbaseline,D1bull,-0.0083754083754084,-0.12095128549188855,0.06546799219869166
2023Q3,L5-winnerB minus ATRbaseline,FPtargetFirstLower,0.2752598752598753,0.24308969117014378,0.33406844925844376
2023Q3,L5-winnerB minus ATRbaseline,FPtargetFirstUpper,0.29174339174339176,0.26066019244476124,0.3578621961172871
2023Q3,L5-winnerB minus ATRbaseline,FPnegativeCertain,0.17825957825957822,0.03227294811004923,0.30810810810810807
2023Q3,L5-winnerB minus ATRbaseline,FPnegativePossible,0.19474309474309476,0.06052721358592056,0.31843103622556634
2023Q3,L5-winnerB minus ATRbaseline,FPloss5Certain,0.4802494802494803,0.3612492274069099,0.5854807266282674
2023Q3,L5-winnerB minus ATRbaseline,FPloss5Possible,0.4967329967329967,0.3935806339874895,0.5892327179914837
2023Q3,L5-winnerB minus ATRbaseline,FPambiguous,0.016483516483516484,0.005376344086021506,0.039778409090909086
2023Q3,L5-winnerB minus ATRbaseline,FPstopBeforeLaterTouch,0.14285714285714285,0.09713364055299539,0.16856081537422482
2023Q3,L5-winnerB minus ATRbaseline,netD5,-0.006026579263053157,-0.03615363566324054,0.024398828006866963
2023Q3,L5-winnerB minus ATRbaseline,FPnetLower,-0.0029388615862246063,-0.011325642743408661,0.008890894723564724
2023Q3,L5-winnerB minus ATRbaseline,FPnetUpper,-0.0004663341136971345,-0.009185826186195309,0.01341608145246145
2023Q3,L5-winnerB minus ATRbaseline,targetOnlyNet,0.0007712842479129856,-0.013209521004222196,0.0157919026408814
2023Q3,L5-winnerB minus ATRbaseline,strictCoverage,-0.016129032258064502,-0.053763440860215006,0.010752688172043001
2023Q3,L5-winnerB minus ATRbaseline,scoreAll3AtLeast70,0.0,0.0,0.0
2023Q3,L5-winnerB minus ATRbaseline,all3Touch,0.11864406779661017,0.034482758620689655,0.1864406779661017
2023Q3,L5-winnerB minus ATRbaseline,threePicksCoverage,0.0,0.0,0.0
2023Q3,L0-winnerA minus currentOverall,touch,0.1820944366526414,0.05698988735279057,0.3446827366182205
2023Q3,L0-winnerA minus currentOverall,L5,0.13370733987844785,0.04127630523230104,0.20962628564749877
2023Q3,L0-winnerA minus currentOverall,ANYnegativeD5,-0.03675783076203831,-0.15345292911172723,0.060399974558256395
2023Q3,L0-winnerA minus currentOverall,D1bull,0.06971715755025709,0.00731315000881369,0.14278380045831132
2023Q3,L0-winnerA minus currentOverall,FPtargetFirstLower,0.09449509116409538,-0.011991010047593842,0.23171602326811214
2023Q3,L0-winnerA minus currentOverall,FPtargetFirstUpper,0.08923562412342215,-0.02640231925662914,0.23137228979375987
2023Q3,L0-winnerA minus currentOverall,FPnegativeCertain,0.0016947171575503184,-0.13675370057996286,0.12423287463883068
2023Q3,L0-winnerA minus currentOverall,FPnegativePossible,-0.003564749883122942,-0.12787793669630973,0.10442964001870036
2023Q3,L0-winnerA minus currentOverall,FPloss5Certain,0.10355306217858817,-0.05088263491401645,0.23656575004406835
2023Q3,L0-winnerA minus currentOverall,FPloss5Possible,0.09829359513791491,-0.05517583289264941,0.21720539278393408
2023Q3,L0-winnerA minus currentOverall,FPambiguous,-0.005259467040673212,-0.02682328190743338,0.016274338854984017
2023Q3,L0-winnerA minus currentOverall,FPstopBeforeLaterTouch,0.08759934548854606,0.04902571926765476,0.14886523885069627
2023Q3,L0-winnerA minus currentOverall,netD5,0.000840648200051127,-0.03440880015907976,0.04743543450108275
2023Q3,L0-winnerA minus currentOverall,FPnetLower,0.003287445019837084,-0.013306047369236698,0.023450581744499682
2023Q3,L0-winnerA minus currentOverall,FPnetUpper,0.0024985249637361016,-0.016059406571257952,0.02471597523717903
2023Q3,L0-winnerA minus currentOverall,targetOnlyNet,-0.007311694811855587,-0.02914220244262748,0.0253236361998117
2023Q3,L0-winnerA minus currentOverall,strictCoverage,-0.010752688172043001,-0.026881720430107503,0.0
2023Q3,L0-winnerA minus currentOverall,scoreAll3AtLeast70,-1.0,-1.0,-1.0
2023Q3,L0-winnerA minus currentOverall,all3Touch,0.06720430107526881,-0.014488791689447784,0.15
2023Q3,L0-winnerA minus currentOverall,threePicksCoverage,0.0,0.0,0.0
2023Q3,L0-winnerA minus ATRbaseline,touch,0.4023501762632197,0.32628175804806236,0.5163671692379617
2023Q3,L0-winnerA minus ATRbaseline,L5,0.3969447708578143,0.29379239951732933,0.48913045057680404
2023Q3,L0-winnerA minus ATRbaseline,ANYnegativeD5,0.12746768507638073,0.012859845055605168,0.25819892473118267
2023Q3,L0-winnerA minus ATRbaseline,D1bull,-0.008196239717978893,-0.12197488249118682,0.05696905119659922
2023Q3,L0-winnerA minus ATRbaseline,FPtargetFirstLower,0.25561104582843713,0.19586286847857676,0.34435654694252343
2023Q3,L0-winnerA minus ATRbaseline,FPtargetFirstUpper,0.26648061104582843,0.2068713278495887,0.3499919604956623
2023Q3,L0-winnerA minus ATRbaseline,FPnegativeCertain,0.17652761457109284,0.07193472160685267,0.31328015427769984
2023Q3,L0-winnerA minus ATRbaseline,FPnegativePossible,0.18739717978848408,0.07747600059075467,0.33366211320015665
2023Q3,L0-winnerA minus ATRbaseline,FPloss5Certain,0.49529964747356053,0.4118809938971229,0.6093117130064886
2023Q3,L0-winnerA minus ATRbaseline,FPloss5Possible,0.5061692126909518,0.41621621621621624,0.6242051163405605
2023Q3,L0-winnerA minus ATRbaseline,FPambiguous,0.010869565217391304,0.0,0.03260869565217391
2023Q3,L0-winnerA minus ATRbaseline,FPstopBeforeLaterTouch,0.14673913043478262,0.10495795640823265,0.21860925959286612
2023Q3,L0-winnerA minus ATRbaseline,netD5,-0.007471650818774903,-0.03791028905679234,0.032375554885945436
2023Q3,L0-winnerA minus ATRbaseline,FPnetLower,-0.0037484154877083942,-0.01628323003892171,0.007033099160612893
2023Q3,L0-winnerA minus ATRbaseline,FPnetUpper,-0.0021179807050996985,-0.013830551885018416,0.008025967753345752
2023Q3,L0-winnerA minus ATRbaseline,targetOnlyNet,-0.010517549597557553,-0.030053231309296602,0.01565686080732782
2023Q3,L0-winnerA minus ATRbaseline,strictCoverage,-0.005376344086021501,-0.021505376344086002,0.005376344086021501
2023Q3,L0-winnerA minus ATRbaseline,scoreAll3AtLeast70,0.0,0.0,0.0
2023Q3,L0-winnerA minus ATRbaseline,all3Touch,0.08333333333333333,0.03333333333333333,0.15254237288135594
2023Q3,L0-winnerA minus ATRbaseline,threePicksCoverage,0.0,0.0,0.0
2023Q3,L0-winnerB minus currentOverall,touch,0.17354133615371053,0.05376344086021506,0.28531391080215573
2023Q3,L0-winnerB minus currentOverall,L5,0.1634056054997356,0.0815904283447911,0.23982258697542788
2023Q3,L0-winnerB minus currentOverall,ANYnegativeD5,-0.006257711968975843,-0.08188789000528818,0.06452714613079492
2023Q3,L0-winnerB minus currentOverall,D1bull,0.08328926493918559,-0.006498837547224657,0.16065928558410789
2023Q3,L0-winnerB minus currentOverall,FPtargetFirstLower,0.1288559844879253,0.007374650983187821,0.24927425863729855
2023Q3,L0-winnerB minus currentOverall,FPtargetFirstUpper,0.1236559139784946,-0.016129032258064557,0.25347367878993143
2023Q3,L0-winnerB minus currentOverall,FPnegativeCertain,-0.032963158822492455,-0.13674731182795702,0.10215935131323815
2023Q3,L0-winnerB minus currentOverall,FPnegativePossible,-0.038163229331923065,-0.14159050179211463,0.07583289264939173
2023Q3,L0-winnerB minus currentOverall,FPloss5Certain,0.07421117574475589,-0.07313579799444243,0.2204301075268817
2023Q3,L0-winnerB minus currentOverall,FPloss5Possible,0.06901110523532528,-0.06489230697973217,0.1989247311827957
2023Q3,L0-winnerB minus currentOverall,FPambiguous,-0.005200070509430636,-0.03225806451612903,0.01129032258064516
2023Q3,L0-winnerB minus currentOverall,FPstopBeforeLaterTouch,0.0446853516657853,-0.004602943768729068,0.07730037017451084
2023Q3,L0-winnerB minus currentOverall,netD5,-0.01171350440851213,-0.03269712260204272,0.012756810310214677
2023Q3,L0-winnerB minus currentOverall,FPnetLower,0.007782539533726204,-0.011016840395365473,0.02513364802277931
2023Q3,L0-winnerB minus currentOverall,FPnetUpper,0.007002528957311607,-0.014816563148574557,0.025509793444073003
2023Q3,L0-winnerB minus currentOverall,targetOnlyNet,-0.009539165350821067,-0.024446193352207844,0.011367952593823004
2023Q3,L0-winnerB minus currentOverall,strictCoverage,-0.016129032258064502,-0.048387096774193505,0.0
2023Q3,L0-winnerB minus currentOverall,scoreAll3AtLeast70,-1.0,-1.0,-1.0
2023Q3,L0-winnerB minus currentOverall,all3Touch,0.06720430107526881,0.0,0.1607286866359447
2023Q3,L0-winnerB minus currentOverall,threePicksCoverage,0.0,0.0,0.0
2023Q3,L0-winnerB minus ATRbaseline,touch,0.39379707576428885,0.32199324220755826,0.45914329332896686
2023Q3,L0-winnerB minus ATRbaseline,L5,0.42664303647910207,0.35558984385872133,0.5157805566412985
2023Q3,L0-winnerB minus ATRbaseline,ANYnegativeD5,0.1579678038694432,0.06847918692898873,0.28623188405797095
2023Q3,L0-winnerB minus ATRbaseline,D1bull,0.005375867670949608,-0.12432514562248077,0.07373912705809255
2023Q3,L0-winnerB minus ATRbaseline,FPtargetFirstLower,0.28997193915226704,0.22497576238321873,0.35858076735092864
2023Q3,L0-winnerB minus ATRbaseline,FPtargetFirstUpper,0.3009009009009009,0.22580063934902642,0.37267642642642645
2023Q3,L0-winnerB minus ATRbaseline,FPnegativeCertain,0.14186973859105007,0.03204128210524212,0.29193343748698913
2023Q3,L0-winnerB minus ATRbaseline,FPnegativePossible,0.15279870033968396,0.035531504070273376,0.3043846265620459
2023Q3,L0-winnerB minus ATRbaseline,FPloss5Certain,0.46595776103972825,0.3899910897668238,0.5966579482708515
2023Q3,L0-winnerB minus ATRbaseline,FPloss5Possible,0.47688672278836214,0.3988956216954791,0.6016918110256119
2023Q3,L0-winnerB minus ATRbaseline,FPambiguous,0.01092896174863388,0.0,0.02185792349726776
2023Q3,L0-winnerB minus ATRbaseline,FPstopBeforeLaterTouch,0.10382513661202186,0.06666666666666667,0.13440860215053763
2023Q3,L0-winnerB minus ATRbaseline,netD5,-0.02002580342733816,-0.032235823430919366,-0.0062927020327910015
2023Q3,L0-winnerB minus ATRbaseline,FPnetLower,0.0007466790261807254,-0.012041940678157044,0.011360535877509821
2023Q3,L0-winnerB minus ATRbaseline,FPnetUpper,0.0023860232884758067,-0.010917379272926872,0.012350165872931307
2023Q3,L0-winnerB minus ATRbaseline,targetOnlyNet,-0.012745020136523035,-0.02563260687291538,0.004720325710868014
2023Q3,L0-winnerB minus ATRbaseline,strictCoverage,-0.010752688172043001,-0.048387096774193505,0.016129032258064502
2023Q3,L0-winnerB minus ATRbaseline,scoreAll3AtLeast70,0.0,0.0,0.0
2023Q3,L0-winnerB minus ATRbaseline,all3Touch,0.08333333333333333,0.03330645161290323,0.16400273224043707
2023Q3,L0-winnerB minus ATRbaseline,threePicksCoverage,0.0,0.0,0.0
2023Q3,FP-winnerFP minus currentOverall,touch,0.01217669282185413,-0.1118265039232781,0.16866444284396595
2023Q3,FP-winnerFP minus currentOverall,L5,0.07189770415576868,-0.041622348154606206,0.13365328424497427
2023Q3,FP-winnerFP minus currentOverall,ANYnegativeD5,-0.029090380703283958,-0.18338738896680692,0.04309793664632363
2023Q3,FP-winnerFP minus currentOverall,D1bull,-0.0031676838128451013,-0.09139784946236557,0.09395385205406359
2023Q3,FP-winnerFP minus currentOverall,FPtargetFirstLower,0.006451612903225823,-0.12289087474571343,0.16462316892628953
2023Q3,FP-winnerFP minus currentOverall,FPtargetFirstUpper,0.0011333914559721048,-0.12365591397849462,0.1647279526224126
2023Q3,FP-winnerFP minus currentOverall,FPnegativeCertain,-0.03429235687300203,-0.24003764494669644,0.0898677709968032
2023Q3,FP-winnerFP minus currentOverall,FPnegativePossible,-0.03961057832025572,-0.24205636060208927,0.07526881720430112
2023Q3,FP-winnerFP minus currentOverall,FPloss5Certain,0.04068584713746004,-0.16667397148200094,0.16666666666666669
2023Q3,FP-winnerFP minus currentOverall,FPloss5Possible,0.03536762569020635,-0.1686671752397559,0.15591397849462363
2023Q3,FP-winnerFP minus currentOverall,FPambiguous,-0.005318221447253704,-0.021505376344086023,0.011105235325224748
2023Q3,FP-winnerFP minus currentOverall,FPstopBeforeLaterTouch,0.005725079918628306,-0.04277898866608545,0.04350479511769835
2023Q3,FP-winnerFP minus currentOverall,netD5,-0.0034200898863250007,-0.018730827506880095,0.026836555420896045
2023Q3,FP-winnerFP minus currentOverall,FPnetLower,0.0005048382566278601,-0.017381907003591837,0.028005852365377344
2023Q3,FP-winnerFP minus currentOverall,FPnetUpper,-0.0002928949604601985,-0.018513022322503438,0.02740493506561332
2023Q3,FP-winnerFP minus currentOverall,targetOnlyNet,-0.005174537362550681,-0.020891649018696046,0.022251334579590738
2023Q3,FP-winnerFP minus currentOverall,strictCoverage,-0.005376344086021501,-0.016129032258064502,0.0
2023Q3,FP-winnerFP minus currentOverall,scoreAll3AtLeast70,-1.0,-1.0,-1.0
2023Q3,FP-winnerFP minus currentOverall,all3Touch,0.016657852987837125,-0.04838709677419355,0.1
2023Q3,FP-winnerFP minus currentOverall,threePicksCoverage,0.0,0.0,0.0
2023Q3,FP-winnerFP minus ATRbaseline,touch,0.23243243243243245,0.1608198924731183,0.3480949041608228
2023Q3,FP-winnerFP minus ATRbaseline,L5,0.33513513513513515,0.2324358268898195,0.4081637179162931
2023Q3,FP-winnerFP minus ATRbaseline,ANYnegativeD5,0.1351351351351351,-0.002998854221752195,0.2342371403661726
2023Q3,FP-winnerFP minus ATRbaseline,D1bull,-0.08108108108108109,-0.20969332229707463,0.013458486537027844
2023Q3,FP-winnerFP minus ATRbaseline,FPtargetFirstLower,0.16756756756756758,0.1018584713746004,0.26490305522914215
2023Q3,FP-winnerFP minus ATRbaseline,FPtargetFirstUpper,0.1783783783783784,0.11739364988968375,0.2742695263636708
2023Q3,FP-winnerFP minus ATRbaseline,FPnegativeCertain,0.1405405405405405,0.0029604876615746374,0.25968137580076567
2023Q3,FP-winnerFP minus ATRbaseline,FPnegativePossible,0.1513513513513513,0.022360064983015793,0.2701640148212729
2023Q3,FP-winnerFP minus ATRbaseline,FPloss5Certain,0.4324324324324324,0.3293928566324124,0.5102666139140543
2023Q3,FP-winnerFP minus ATRbaseline,FPloss5Possible,0.4432432432432432,0.34776819786470764,0.5258371318373072
2023Q3,FP-winnerFP minus ATRbaseline,FPambiguous,0.010810810810810811,0.0,0.02717391304347826
2023Q3,FP-winnerFP minus ATRbaseline,FPstopBeforeLaterTouch,0.06486486486486487,0.03278688524590164,0.10752688172043011
2023Q3,FP-winnerFP minus ATRbaseline,netD5,-0.01173238890515103,-0.020940587010683215,0.00808445174609371
2023Q3,FP-winnerFP minus ATRbaseline,FPnetLower,-0.006531022250917618,-0.015661155568915428,0.004983796595774297
2023Q3,FP-winnerFP minus ATRbaseline,FPnetUpper,-0.0049094006292959985,-0.013197493230273291,0.0074440129422425096
2023Q3,FP-winnerFP minus ATRbaseline,targetOnlyNet,-0.008380392148252648,-0.018602612334305674,0.008907883675384481
2023Q3,FP-winnerFP minus ATRbaseline,strictCoverage,0.0,-0.016129032258064502,0.016129032258064502
2023Q3,FP-winnerFP minus ATRbaseline,scoreAll3AtLeast70,0.0,0.0,0.0
2023Q3,FP-winnerFP minus ATRbaseline,all3Touch,0.03278688524590164,0.0,0.11290322580645161
2023Q3,FP-winnerFP minus ATRbaseline,threePicksCoverage,0.0,0.0,0.0
2023Q4,L5-winnerA minus currentOverall,touch,0.2277777777777778,0.12777777777777774,0.35
2023Q4,L5-winnerA minus currentOverall,L5,0.14444444444444446,0.10555555555555557,0.22777777777777777
2023Q4,L5-winnerA minus currentOverall,ANYnegativeD5,0.1333333333333333,0.03888888888888886,0.2
2023Q4,L5-winnerA minus currentOverall,D1bull,0.02777777777777779,-0.05555555555555558,0.1111111111111111
2023Q4,L5-winnerA minus currentOverall,FPtargetFirstLower,0.14444444444444443,0.05555555555555555,0.24999999999999997
2023Q4,L5-winnerA minus currentOverall,FPtargetFirstUpper,0.14444444444444446,0.05555555555555555,0.25
2023Q4,L5-winnerA minus currentOverall,FPnegativeCertain,0.06666666666666665,-0.011111111111111183,0.1333333333333333
2023Q4,L5-winnerA minus currentOverall,FPnegativePossible,0.06666666666666665,-0.011111111111111072,0.12777777777777777
2023Q4,L5-winnerA minus currentOverall,FPloss5Certain,0.16666666666666669,0.0888888888888889,0.2777777777777778
2023Q4,L5-winnerA minus currentOverall,FPloss5Possible,0.16666666666666669,0.0888888888888889,0.27777777777777785
2023Q4,L5-winnerA minus currentOverall,FPambiguous,0.0,-0.016666666666666666,0.016666666666666666
2023Q4,L5-winnerA minus currentOverall,FPstopBeforeLaterTouch,0.08333333333333333,0.049999999999999996,0.1333333333333333
2023Q4,L5-winnerA minus currentOverall,netD5,-0.023328813550745293,-0.03554754430538137,-0.005200315664589698
2023Q4,L5-winnerA minus currentOverall,FPnetLower,-0.0007832376830749343,-0.011842965504253776,0.010788157482093422
2023Q4,L5-winnerA minus currentOverall,FPnetUpper,-0.0007832376830749375,-0.012428518838847321,0.010839154006929778
2023Q4,L5-winnerA minus currentOverall,targetOnlyNet,-0.0026948104708049477,-0.019291864751290008,0.013834987391944272
2023Q4,L5-winnerA minus currentOverall,strictCoverage,0.0,0.0,0.0
2023Q4,L5-winnerA minus currentOverall,scoreAll3AtLeast70,-0.9666666666666667,-1.0,-0.95
2023Q4,L5-winnerA minus currentOverall,all3Touch,0.11666666666666667,0.033333333333333326,0.21666666666666667
2023Q4,L5-winnerA minus currentOverall,threePicksCoverage,0.0,0.0,0.0
2023Q4,L5-winnerA minus ATRbaseline,touch,0.4111111111111111,0.3388888888888889,0.49444444444444446
2023Q4,L5-winnerA minus ATRbaseline,L5,0.35000000000000003,0.29986111111111113,0.4222222222222222
2023Q4,L5-winnerA minus ATRbaseline,ANYnegativeD5,0.2444444444444444,0.17222222222222222,0.35000000000000003
2023Q4,L5-winnerA minus ATRbaseline,D1bull,-0.005555555555555536,-0.08333333333333337,0.03333333333333338
2023Q4,L5-winnerA minus ATRbaseline,FPtargetFirstLower,0.2777777777777778,0.20555555555555555,0.3666666666666667
2023Q4,L5-winnerA minus ATRbaseline,FPtargetFirstUpper,0.28888888888888886,0.21666666666666667,0.37222222222222223
2023Q4,L5-winnerA minus ATRbaseline,FPnegativeCertain,0.23333333333333334,0.12777777777777777,0.37222222222222223
2023Q4,L5-winnerA minus ATRbaseline,FPnegativePossible,0.2444444444444444,0.13333333333333336,0.3833333333333333
2023Q4,L5-winnerA minus ATRbaseline,FPloss5Certain,0.5277777777777778,0.46652777777777776,0.611111111111111
2023Q4,L5-winnerA minus ATRbaseline,FPloss5Possible,0.5388888888888889,0.46666666666666673,0.622361111111111
2023Q4,L5-winnerA minus ATRbaseline,FPambiguous,0.011111111111111112,0.0,0.022222222222222223
2023Q4,L5-winnerA minus ATRbaseline,FPstopBeforeLaterTouch,0.13333333333333333,0.10555555555555556,0.17777777777777778
2023Q4,L5-winnerA minus ATRbaseline,netD5,-0.029134474352882613,-0.043130826347263854,-0.017377896783926178
2023Q4,L5-winnerA minus ATRbaseline,FPnetLower,-0.008589016052088554,-0.018926099109319573,0.004295183099831839
2023Q4,L5-winnerA minus ATRbaseline,FPnetUpper,-0.006922349385421892,-0.016827089092489454,0.004377778164067547
2023Q4,L5-winnerA minus ATRbaseline,targetOnlyNet,-0.006786500658429717,-0.02382698453691543,0.00972119297053706
2023Q4,L5-winnerA minus ATRbaseline,strictCoverage,0.0,0.0,0.0
2023Q4,L5-winnerA minus ATRbaseline,scoreAll3AtLeast70,0.03333333333333333,0.0,0.05
2023Q4,L5-winnerA minus ATRbaseline,all3Touch,0.13333333333333333,0.03333333333333333,0.23333333333333334
2023Q4,L5-winnerA minus ATRbaseline,threePicksCoverage,0.0,0.0,0.0
2023Q4,L5-winnerB minus currentOverall,touch,0.1632526381129733,0.08691140264613369,0.2833333333333333
2023Q4,L5-winnerB minus currentOverall,L5,0.11300434512725013,0.04444444444444445,0.22160413829304276
2023Q4,L5-winnerB minus currentOverall,ANYnegativeD5,0.05881440099317192,-0.061111111111111116,0.17608317815021726
2023Q4,L5-winnerB minus currentOverall,D1bull,-0.019894475481067653,-0.14380178907721286,0.10555555555555551
2023Q4,L5-winnerB minus currentOverall,FPtargetFirstLower,0.07917442582247053,0.0364406779661017,0.13333333333333336
2023Q4,L5-winnerB minus currentOverall,FPtargetFirstUpper,0.10158286778398509,0.04175873907615482,0.17222222222222222
2023Q4,L5-winnerB minus currentOverall,FPnegativeCertain,0.06471135940409678,-0.022222222222222147,0.13719929744371087
2023Q4,L5-winnerB minus currentOverall,FPnegativePossible,0.08711980136561137,0.005510552451893217,0.16116260923845188
2023Q4,L5-winnerB minus currentOverall,FPloss5Certain,0.17551210428305403,0.11979671011793921,0.2722222222222222
2023Q4,L5-winnerB minus currentOverall,FPloss5Possible,0.19792054624456862,0.15550124146492858,0.28734559279950345
2023Q4,L5-winnerB minus currentOverall,FPambiguous,0.022408441961514584,0.0007527606574216727,0.04475481067659838
2023Q4,L5-winnerB minus currentOverall,FPstopBeforeLaterTouch,0.08407821229050279,0.028898252184769043,0.16784605834885163
2023Q4,L5-winnerB minus currentOverall,netD5,-0.013614613805846462,-0.03842802096347115,0.0198380895329588
2023Q4,L5-winnerB minus currentOverall,FPnetLower,-0.007178075782562136,-0.015544720722403782,-0.00030959052229775495
2023Q4,L5-winnerB minus currentOverall,FPnetUpper,-0.0038168094883349497,-0.013564115468794944,0.005405524600980782
2023Q4,L5-winnerB minus currentOverall,targetOnlyNet,-0.004353911355685037,-0.027705048899484615,0.015315342637249714
2023Q4,L5-winnerB minus currentOverall,strictCoverage,-0.005555555555555536,-0.01666666666666672,0.0
2023Q4,L5-winnerB minus currentOverall,scoreAll3AtLeast70,-1.0,-1.0,-1.0
2023Q4,L5-winnerB minus currentOverall,all3Touch,0.05112994350282486,0.0017241379310344793,0.1016949152542373
2023Q4,L5-winnerB minus currentOverall,threePicksCoverage,0.0,0.0,0.0
2023Q4,L5-winnerB minus ATRbaseline,touch,0.34658597144630665,0.2829177246662012,0.44137647423960275
2023Q4,L5-winnerB minus ATRbaseline,L5,0.3185599006828057,0.24031579764121663,0.4243879472693032
2023Q4,L5-winnerB minus ATRbaseline,ANYnegativeD5,0.16992551210428303,0.09999999999999998,0.3055555555555556
2023Q4,L5-winnerB minus ATRbaseline,D1bull,-0.05322780881440098,-0.10555555555555557,-0.019145953921234873
2023Q4,L5-winnerB minus ATRbaseline,FPtargetFirstLower,0.21250775915580386,0.14208804143126177,0.2833333333333333
2023Q4,L5-winnerB minus ATRbaseline,FPtargetFirstUpper,0.24602731222842952,0.1819138418079096,0.31666666666666665
2023Q4,L5-winnerB minus ATRbaseline,FPnegativeCertain,0.23137802607076347,0.14057272159800258,0.37230912476722533
2023Q4,L5-winnerB minus ATRbaseline,FPnegativePossible,0.26489757914338913,0.17217566728739908,0.4150537748950541
2023Q4,L5-winnerB minus ATRbaseline,FPloss5Certain,0.5366232153941651,0.47777777777777786,0.6185393258426966
2023Q4,L5-winnerB minus ATRbaseline,FPloss5Possible,0.5701427684667908,0.5111111111111112,0.65391139044072
2023Q4,L5-winnerB minus ATRbaseline,FPambiguous,0.0335195530726257,0.01675977653631285,0.05056179775280899
2023Q4,L5-winnerB minus ATRbaseline,FPstopBeforeLaterTouch,0.1340782122905028,0.0847220907111069,0.2111111111111111
2023Q4,L5-winnerB minus ATRbaseline,netD5,-0.019420274607983783,-0.047186812580574264,0.012709112170017503
2023Q4,L5-winnerB minus ATRbaseline,FPnetLower,-0.014983854151575757,-0.026143688734378362,-0.006322915476861084
2023Q4,L5-winnerB minus ATRbaseline,FPnetUpper,-0.009955921190681904,-0.01954976045320675,-0.0014421503747280573
2023Q4,L5-winnerB minus ATRbaseline,targetOnlyNet,-0.008445601543309806,-0.03302357743932316,0.009873291643053648
2023Q4,L5-winnerB minus ATRbaseline,strictCoverage,-0.005555555555555536,-0.01666666666666672,0.0
2023Q4,L5-winnerB minus ATRbaseline,scoreAll3AtLeast70,0.0,0.0,0.0
2023Q4,L5-winnerB minus ATRbaseline,all3Touch,0.06779661016949153,0.03508771929824561,0.11666666666666667
2023Q4,L5-winnerB minus ATRbaseline,threePicksCoverage,0.0,0.0,0.0
2023Q4,L0-winnerA minus currentOverall,touch,0.15555555555555556,0.0888888888888889,0.26680555555555546
2023Q4,L0-winnerA minus currentOverall,L5,0.17777777777777778,0.10541666666666663,0.272361111111111
2023Q4,L0-winnerA minus currentOverall,ANYnegativeD5,0.10555555555555551,-0.005555555555555647,0.1777777777777778
2023Q4,L0-winnerA minus currentOverall,D1bull,0.016666666666666663,-0.1279166666666667,0.12777777777777782
2023Q4,L0-winnerA minus currentOverall,FPtargetFirstLower,0.0888888888888889,0.022222222222222227,0.18333333333333332
2023Q4,L0-winnerA minus currentOverall,FPtargetFirstUpper,0.1,0.022222222222222227,0.20555555555555555
2023Q4,L0-winnerA minus currentOverall,FPnegativeCertain,0.07777777777777772,-0.0001388888888888805,0.13333333333333341
2023Q4,L0-winnerA minus currentOverall,FPnegativePossible,0.0888888888888889,0.01666666666666672,0.14444444444444438
2023Q4,L0-winnerA minus currentOverall,FPloss5Certain,0.1833333333333333,0.09999999999999998,0.2833333333333334
2023Q4,L0-winnerA minus currentOverall,FPloss5Possible,0.19444444444444448,0.11097222222222217,0.29444444444444445
2023Q4,L0-winnerA minus currentOverall,FPambiguous,0.011111111111111112,-0.016666666666666663,0.03888888888888889
2023Q4,L0-winnerA minus currentOverall,FPstopBeforeLaterTouch,0.06666666666666667,0.03333333333333333,0.1111111111111111
2023Q4,L0-winnerA minus currentOverall,netD5,-0.01750169695792638,-0.033434545156539645,0.009142968601891732
2023Q4,L0-winnerA minus currentOverall,FPnetLower,-0.007086161670020321,-0.01598090918589404,0.00396665278969938
2023Q4,L0-winnerA minus currentOverall,FPnetUpper,-0.005419495003353655,-0.015166467853352409,0.0072053756440900955
2023Q4,L0-winnerA minus currentOverall,targetOnlyNet,-0.010869794527716733,-0.02749238181771882,0.009293405490688184
2023Q4,L0-winnerA minus currentOverall,strictCoverage,0.0,0.0,0.0
2023Q4,L0-winnerA minus currentOverall,scoreAll3AtLeast70,-1.0,-1.0,-1.0
2023Q4,L0-winnerA minus currentOverall,all3Touch,0.11666666666666667,0.03333333333333333,0.2
2023Q4,L0-winnerA minus currentOverall,threePicksCoverage,0.0,0.0,0.0
2023Q4,L0-winnerA minus ATRbaseline,touch,0.3388888888888889,0.29444444444444445,0.41666666666666663
2023Q4,L0-winnerA minus ATRbaseline,L5,0.38333333333333336,0.3,0.4666666666666667
2023Q4,L0-winnerA minus ATRbaseline,ANYnegativeD5,0.21666666666666662,0.1555555555555555,0.3111111111111111
2023Q4,L0-winnerA minus ATRbaseline,D1bull,-0.016666666666666663,-0.13347222222222224,0.061111111111111116
2023Q4,L0-winnerA minus ATRbaseline,FPtargetFirstLower,0.22222222222222224,0.16111111111111112,0.3055555555555556
2023Q4,L0-winnerA minus ATRbaseline,FPtargetFirstUpper,0.24444444444444444,0.16666666666666669,0.3388888888888889
2023Q4,L0-winnerA minus ATRbaseline,FPnegativeCertain,0.2444444444444444,0.11652777777777776,0.40555555555555556
2023Q4,L0-winnerA minus ATRbaseline,FPnegativePossible,0.26666666666666666,0.16097222222222216,0.4111111111111111
2023Q4,L0-winnerA minus ATRbaseline,FPloss5Certain,0.5444444444444444,0.46111111111111114,0.6444444444444445
2023Q4,L0-winnerA minus ATRbaseline,FPloss5Possible,0.5666666666666667,0.5,0.6555555555555556
2023Q4,L0-winnerA minus ATRbaseline,FPambiguous,0.022222222222222223,0.0,0.039027777777777654
2023Q4,L0-winnerA minus ATRbaseline,FPstopBeforeLaterTouch,0.11666666666666667,0.08888888888888889,0.16111111111111112
2023Q4,L0-winnerA minus ATRbaseline,netD5,-0.0233073577600637,-0.04102328251422305,-0.0023733445704540476
2023Q4,L0-winnerA minus ATRbaseline,FPnetLower,-0.014891940039033942,-0.023791713780651164,-0.0038192825782162516
2023Q4,L0-winnerA minus ATRbaseline,FPnetUpper,-0.01155860670570061,-0.023053813803243204,0.002111040689560858
2023Q4,L0-winnerA minus ATRbaseline,targetOnlyNet,-0.014961484715341502,-0.02947441854316194,0.0013778577454834115
2023Q4,L0-winnerA minus ATRbaseline,strictCoverage,0.0,0.0,0.0
2023Q4,L0-winnerA minus ATRbaseline,scoreAll3AtLeast70,0.0,0.0,0.0
2023Q4,L0-winnerA minus ATRbaseline,all3Touch,0.13333333333333333,0.05,0.23333333333333334
2023Q4,L0-winnerA minus ATRbaseline,threePicksCoverage,0.0,0.0,0.0
2023Q4,L0-winnerB minus currentOverall,touch,0.14444444444444443,0.07777777777777778,0.25
2023Q4,L0-winnerB minus currentOverall,L5,0.19444444444444445,0.13888888888888887,0.26111111111111107
2023Q4,L0-winnerB minus currentOverall,ANYnegativeD5,0.08333333333333337,-0.04999999999999993,0.18347222222222212
2023Q4,L0-winnerB minus currentOverall,D1bull,-0.03888888888888886,-0.14999999999999997,0.08333333333333331
2023Q4,L0-winnerB minus currentOverall,FPtargetFirstLower,0.07777777777777778,0.0,0.18888888888888886
2023Q4,L0-winnerB minus currentOverall,FPtargetFirstUpper,0.1,0.027777777777777762,0.19444444444444448
2023Q4,L0-winnerB minus currentOverall,FPnegativeCertain,0.09444444444444444,0.005555555555555536,0.18333333333333335
2023Q4,L0-winnerB minus currentOverall,FPnegativePossible,0.1166666666666667,0.022222222222222143,0.20000000000000007
2023Q4,L0-winnerB minus currentOverall,FPloss5Certain,0.21111111111111108,0.1388888888888889,0.33333333333333337
2023Q4,L0-winnerB minus currentOverall,FPloss5Possible,0.23333333333333334,0.14999999999999997,0.35000000000000003
2023Q4,L0-winnerB minus currentOverall,FPambiguous,0.02222222222222222,-0.005555555555555555,0.03888888888888889
2023Q4,L0-winnerB minus currentOverall,FPstopBeforeLaterTouch,0.06666666666666667,0.011111111111111106,0.1222222222222222
2023Q4,L0-winnerB minus currentOverall,netD5,-0.020072263560722458,-0.03418708667160492,0.005494085059172228
2023Q4,L0-winnerB minus currentOverall,FPnetLower,-0.012157313687484197,-0.02513222641475457,0.0030328715409041486
2023Q4,L0-winnerB minus currentOverall,FPnetUpper,-0.00882398035415087,-0.021991782920785286,0.004079472615242805
2023Q4,L0-winnerB minus currentOverall,targetOnlyNet,-0.017230507446717776,-0.027280858457807526,-0.0038667548144051605
2023Q4,L0-winnerB minus currentOverall,strictCoverage,0.0,0.0,0.0
2023Q4,L0-winnerB minus currentOverall,scoreAll3AtLeast70,-1.0,-1.0,-1.0
2023Q4,L0-winnerB minus currentOverall,all3Touch,0.05,0.0,0.11666666666666667
2023Q4,L0-winnerB minus currentOverall,threePicksCoverage,0.0,0.0,0.0
2023Q4,L0-winnerB minus ATRbaseline,touch,0.3277777777777777,0.29444444444444445,0.38333333333333336
2023Q4,L0-winnerB minus ATRbaseline,L5,0.4,0.35,0.4388888888888889
2023Q4,L0-winnerB minus ATRbaseline,ANYnegativeD5,0.19444444444444448,0.1166666666666667,0.3
2023Q4,L0-winnerB minus ATRbaseline,D1bull,-0.07222222222222219,-0.14444444444444443,-0.011111111111111127
2023Q4,L0-winnerB minus ATRbaseline,FPtargetFirstLower,0.2111111111111111,0.15,0.28902777777777766
2023Q4,L0-winnerB minus ATRbaseline,FPtargetFirstUpper,0.24444444444444444,0.18888888888888888,0.3055555555555555
2023Q4,L0-winnerB minus ATRbaseline,FPnegativeCertain,0.2611111111111111,0.18888888888888894,0.3833333333333333
2023Q4,L0-winnerB minus ATRbaseline,FPnegativePossible,0.29444444444444445,0.21666666666666667,0.40555555555555556
2023Q4,L0-winnerB minus ATRbaseline,FPloss5Certain,0.5722222222222222,0.5444444444444444,0.6444444444444445
2023Q4,L0-winnerB minus ATRbaseline,FPloss5Possible,0.6055555555555555,0.5555555555555556,0.6777777777777778
2023Q4,L0-winnerB minus ATRbaseline,FPambiguous,0.03333333333333333,0.0,0.05
2023Q4,L0-winnerB minus ATRbaseline,FPstopBeforeLaterTouch,0.11666666666666667,0.05,0.18888888888888888
2023Q4,L0-winnerB minus ATRbaseline,netD5,-0.025877924362859777,-0.04265553105598178,-0.0048266794234508095
2023Q4,L0-winnerB minus ATRbaseline,FPnetLower,-0.01996309205649782,-0.03077829426740446,-0.010088883464426988
2023Q4,L0-winnerB minus ATRbaseline,FPnetUpper,-0.014963092056497825,-0.02571358203886089,-0.007921572527037143
2023Q4,L0-winnerB minus ATRbaseline,targetOnlyNet,-0.021322197634342545,-0.030825034320758154,-0.012386957344048889
2023Q4,L0-winnerB minus ATRbaseline,strictCoverage,0.0,0.0,0.0
2023Q4,L0-winnerB minus ATRbaseline,scoreAll3AtLeast70,0.0,0.0,0.0
2023Q4,L0-winnerB minus ATRbaseline,all3Touch,0.06666666666666667,0.016666666666666666,0.15
2023Q4,L0-winnerB minus ATRbaseline,threePicksCoverage,0.0,0.0,0.0
2023Q4,FP-winnerFP minus currentOverall,touch,0.08504034761018003,0.002681023720349559,0.18333333333333332
2023Q4,FP-winnerFP minus currentOverall,L5,0.023618870266914976,-0.03696004993757802,0.12282117644583318
2023Q4,FP-winnerFP minus currentOverall,ANYnegativeD5,-0.03057107386716329,-0.14444444444444443,0.048553169405923594
2023Q4,FP-winnerFP minus currentOverall,D1bull,0.030384854127870897,-0.08741996233521655,0.11394164243020236
2023Q4,FP-winnerFP minus currentOverall,FPtargetFirstLower,0.10710738671632525,0.03906799738962661,0.21111111111111108
2023Q4,FP-winnerFP minus currentOverall,FPtargetFirstUpper,0.09599627560521415,0.026261770244821094,0.2075100869025449
2023Q4,FP-winnerFP minus currentOverall,FPnegativeCertain,-0.03584729981378032,-0.18333333333333335,0.054811676082862575
2023Q4,FP-winnerFP minus currentOverall,FPnegativePossible,-0.04695841092489139,-0.18888888888888888,0.04409125774984654
2023Q4,FP-winnerFP minus currentOverall,FPloss5Certain,0.035847299813780265,-0.05555555555555558,0.12517225325884548
2023Q4,FP-winnerFP minus currentOverall,FPloss5Possible,0.024736188702669193,-0.058791899441340806,0.1056705601049535
2023Q4,FP-winnerFP minus currentOverall,FPambiguous,-0.011111111111111112,-0.027777777777777776,0.0
2023Q4,FP-winnerFP minus currentOverall,FPstopBeforeLaterTouch,-0.022067039106145256,-0.044350282485875706,-0.016449410304158904
2023Q4,FP-winnerFP minus currentOverall,netD5,0.014092006336981124,-0.002688902720350735,0.039793142088625784
2023Q4,FP-winnerFP minus currentOverall,FPnetLower,0.00925046557412218,-0.0011608284506355667,0.023511877711398968
2023Q4,FP-winnerFP minus currentOverall,FPnetUpper,0.007583798907455515,-0.0035373676468382345,0.02299035668001488
2023Q4,FP-winnerFP minus currentOverall,targetOnlyNet,0.0036779682808913946,-0.012516856443879246,0.02140579422500215
2023Q4,FP-winnerFP minus currentOverall,strictCoverage,-0.005555555555555536,-0.01666666666666672,0.0
2023Q4,FP-winnerFP minus currentOverall,scoreAll3AtLeast70,-1.0,-1.0,-1.0
2023Q4,FP-winnerFP minus currentOverall,all3Touch,0.05112994350282486,0.0,0.12246748336358133
2023Q4,FP-winnerFP minus currentOverall,threePicksCoverage,0.0,0.0,0.0
2023Q4,FP-winnerFP minus ATRbaseline,touch,0.2683736809435133,0.20823970037453185,0.3338394538606402
2023Q4,FP-winnerFP minus ATRbaseline,L5,0.22917442582247052,0.13975636250775916,0.339490170859241
2023Q4,FP-winnerFP minus ATRbaseline,ANYnegativeD5,0.08054003724394782,0.0,0.1893847512536703
2023Q4,FP-winnerFP minus ATRbaseline,D1bull,-0.0029484792054624287,-0.0964948366345014,0.03044770328988204
2023Q4,FP-winnerFP minus ATRbaseline,FPtargetFirstLower,0.24044072004965858,0.1845437616387337,0.31485955056179776
2023Q4,FP-winnerFP minus ATRbaseline,FPtargetFirstUpper,0.24044072004965858,0.1845437616387337,0.31485955056179776
2023Q4,FP-winnerFP minus ATRbaseline,FPnegativeCertain,0.13081936685288637,0.03325962135319677,0.24790047705730955
2023Q4,FP-winnerFP minus ATRbaseline,FPnegativePossible,0.13081936685288637,0.03325962135319677,0.24790047705730955
2023Q4,FP-winnerFP minus ATRbaseline,FPloss5Certain,0.39695841092489137,0.3261532459425718,0.4558707865168539
2023Q4,FP-winnerFP minus ATRbaseline,FPloss5Possible,0.39695841092489137,0.3261532459425718,0.4558707865168539
2023Q4,FP-winnerFP minus ATRbaseline,FPambiguous,0.0,0.0,0.0
2023Q4,FP-winnerFP minus ATRbaseline,FPstopBeforeLaterTouch,0.027932960893854747,0.005555555555555556,0.0446927374301676
2023Q4,FP-winnerFP minus ATRbaseline,netD5,0.008286345534843805,-0.011487229402225123,0.03205340538162262
2023Q4,FP-winnerFP minus ATRbaseline,FPnetLower,0.0014446872051085604,-0.007247941527528101,0.011553379310148047
2023Q4,FP-winnerFP minus ATRbaseline,FPnetUpper,0.0014446872051085604,-0.007247941527528101,0.011553379310148047
2023Q4,FP-winnerFP minus ATRbaseline,targetOnlyNet,-0.0004137219067333747,-0.015949913557523183,0.014854174418728062
2023Q4,FP-winnerFP minus ATRbaseline,strictCoverage,-0.005555555555555536,-0.01666666666666672,0.0
2023Q4,FP-winnerFP minus ATRbaseline,scoreAll3AtLeast70,0.0,0.0,0.0
2023Q4,FP-winnerFP minus ATRbaseline,all3Touch,0.06779661016949153,0.0,0.1694915254237288
2023Q4,FP-winnerFP minus ATRbaseline,threePicksCoverage,0.0,0.0,0.0
2024,L5-winnerA minus currentOverall,touch,0.25270863560136425,0.20687903165710983,0.30484916852330235
2024,L5-winnerA minus currentOverall,L5,0.14842380961353657,0.09294230273913903,0.19534943386605097
2024,L5-winnerA minus currentOverall,ANYnegativeD5,-0.025011776676527653,-0.08719565320179368,0.03403682475368343
2024,L5-winnerA minus currentOverall,D1bull,0.058148518023025786,0.004256796589801128,0.10673607245624793
2024,L5-winnerA minus currentOverall,FPtargetFirstLower,0.13151627065629062,0.08827292894590952,0.17858023163100628
2024,L5-winnerA minus currentOverall,FPtargetFirstUpper,0.15218857756590226,0.10699316266515554,0.198905454966147
2024,L5-winnerA minus currentOverall,FPnegativeCertain,-0.020811742759699325,-0.07997459825384312,0.029894499455114125
2024,L5-winnerA minus currentOverall,FPnegativePossible,-0.00013943585008757697,-0.05910547983748787,0.055720119355571696
2024,L5-winnerA minus currentOverall,FPloss5Certain,0.0900906333025569,0.031466638768775784,0.14290826709364196
2024,L5-winnerA minus currentOverall,FPloss5Possible,0.11076294021216859,0.05078404071315956,0.16564731350160466
2024,L5-winnerA minus currentOverall,FPambiguous,0.02067230690961165,0.008351064898240322,0.03450225154352166
2024,L5-winnerA minus currentOverall,FPstopBeforeLaterTouch,0.1211923649450736,0.09248728330755797,0.15501481610024226
2024,L5-winnerA minus currentOverall,netD5,0.0005063160084524832,-0.01373357534771057,0.01549078119402528
2024,L5-winnerA minus currentOverall,FPnetLower,0.004938832491758193,-0.0019930084878980745,0.012926429612146443
2024,L5-winnerA minus currentOverall,FPnetUpper,0.008039678528199957,0.001220883331531615,0.016023764174912296
2024,L5-winnerA minus currentOverall,targetOnlyNet,0.003979527335224767,-0.006875197859010228,0.015931270443021357
2024,L5-winnerA minus currentOverall,strictCoverage,-0.004098360655737654,-0.012295081967213073,0.004098360655737765
2024,L5-winnerA minus currentOverall,scoreAll3AtLeast70,-0.9877049180327869,-1.0,-0.9672131147540983
2024,L5-winnerA minus currentOverall,all3Touch,0.11767350184999481,0.07167315286770445,0.1687934503896681
2024,L5-winnerA minus currentOverall,threePicksCoverage,0.0,0.0,0.0
2024,L5-winnerA minus ATRbaseline,touch,0.4678444990641982,0.42396184615372656,0.5125687857303881
2024,L5-winnerA minus ATRbaseline,L5,0.3924166234469073,0.33714005501752814,0.4473165227260769
2024,L5-winnerA minus ATRbaseline,ANYnegativeD5,0.035385708165152074,-0.028531607904783245,0.10902398230439438
2024,L5-winnerA minus ATRbaseline,D1bull,0.02925413970129509,-0.028395441848522683,0.08204361063726574
2024,L5-winnerA minus ATRbaseline,FPtargetFirstLower,0.3110356957629603,0.26948260304931526,0.35323643301300167
2024,L5-winnerA minus ATRbaseline,FPtargetFirstUpper,0.34129704376846237,0.2991607790105058,0.38225385895082997
2024,L5-winnerA minus ATRbaseline,FPnegativeCertain,0.05056336016716656,-0.015207549674754892,0.12311974125157378
2024,L5-winnerA minus ATRbaseline,FPnegativePossible,0.08082470817266862,0.02071914860832368,0.15373313030478097
2024,L5-winnerA minus ATRbaseline,FPloss5Certain,0.4889939943325741,0.42385518746731543,0.5485666624731452
2024,L5-winnerA minus ATRbaseline,FPloss5Possible,0.5192553423380761,0.4506975561776337,0.5801086616572786
2024,L5-winnerA minus ATRbaseline,FPambiguous,0.030261348005502064,0.019175042664794556,0.04526748971193416
2024,L5-winnerA minus ATRbaseline,FPstopBeforeLaterTouch,0.15680880330123798,0.13031550068587106,0.18793512300456744
2024,L5-winnerA minus ATRbaseline,netD5,-0.005929537340732969,-0.021672608245444588,0.008945843760795508
2024,L5-winnerA minus ATRbaseline,FPnetLower,0.0020606378848339424,-0.005795075028851384,0.009214760707933773
2024,L5-winnerA minus ATRbaseline,FPnetUpper,0.006599840085659269,-0.0013389193864533637,0.013699942070093538
2024,L5-winnerA minus ATRbaseline,targetOnlyNet,0.0009769616040277815,-0.012631913921601613,0.012082661538238372
2024,L5-winnerA minus ATRbaseline,strictCoverage,-0.006830601092896127,-0.013661202185792365,-0.001366120218579181
2024,L5-winnerA minus ATRbaseline,scoreAll3AtLeast70,0.012295081967213115,0.0,0.03278688524590164
2024,L5-winnerA minus ATRbaseline,all3Touch,0.1589958158995816,0.1148936170212766,0.20679061181434596
2024,L5-winnerA minus ATRbaseline,threePicksCoverage,0.0,0.0,0.0
2024,L5-winnerB minus currentOverall,touch,0.16630963789766431,0.12509457755359393,0.20724049619942578
2024,L5-winnerB minus currentOverall,L5,0.14444632354322867,0.09510321144372869,0.18923602834035053
2024,L5-winnerB minus currentOverall,ANYnegativeD5,0.020034951237386633,-0.024130788669882133,0.06937606796731101
2024,L5-winnerB minus currentOverall,D1bull,0.02801736287276624,-0.02679251930774002,0.07277705466029925
2024,L5-winnerB minus currentOverall,FPtargetFirstLower,0.09630193359264899,0.06207429017043423,0.13002835948586255
2024,L5-winnerB minus currentOverall,FPtargetFirstUpper,0.10180205573406992,0.06738729660759932,0.13742976048330713
2024,L5-winnerB minus currentOverall,FPnegativeCertain,0.006341958396752889,-0.03755172103885204,0.04551509411644925
2024,L5-winnerB minus currentOverall,FPnegativePossible,0.011842080538173927,-0.03093718988177579,0.050824175824175755
2024,L5-winnerB minus currentOverall,FPloss5Certain,0.10082116616870546,0.05331737346101227,0.1446054044196669
2024,L5-winnerB minus currentOverall,FPloss5Possible,0.10632128831012655,0.06089666461765208,0.15069986349264905
2024,L5-winnerB minus currentOverall,FPambiguous,0.0055001221414209735,-0.004005066989003018,0.01525327497806571
2024,L5-winnerB minus currentOverall,FPstopBeforeLaterTouch,0.07000770430501532,0.04534053967717082,0.09452270005239913
2024,L5-winnerB minus currentOverall,netD5,-0.009871174611837626,-0.024193230476664128,0.0034833338814053805
2024,L5-winnerB minus currentOverall,FPnetLower,0.0016833965073286706,-0.003526323664929744,0.007190708187838588
2024,L5-winnerB minus currentOverall,FPnetUpper,0.0025084148285418133,-0.002846517892933295,0.008029554927335762
2024,L5-winnerB minus currentOverall,targetOnlyNet,-0.0023260491765681145,-0.01257760525320059,0.0065644137224500415
2024,L5-winnerB minus currentOverall,strictCoverage,-0.001366120218579181,-0.008196721311475419,0.006830601092896127
2024,L5-winnerB minus currentOverall,scoreAll3AtLeast70,-0.9754098360655737,-1.0,-0.9426229508196722
2024,L5-winnerB minus currentOverall,all3Touch,0.033366482630911146,0.003244782196851105,0.0727543895628699
2024,L5-winnerB minus currentOverall,threePicksCoverage,0.0,0.0,0.0
2024,L5-winnerB minus ATRbaseline,touch,0.3814455013604984,0.3404863988266318,0.41866038348136064
2024,L5-winnerB minus ATRbaseline,L5,0.3884391373765994,0.3438839848675915,0.43908354696530166
2024,L5-winnerB minus ATRbaseline,ANYnegativeD5,0.08043243607906636,0.024921494872370636,0.1479561171667616
2024,L5-winnerB minus ATRbaseline,D1bull,-0.0008770154489644577,-0.04170703355684626,0.0339432084309134
2024,L5-winnerB minus ATRbaseline,FPtargetFirstLower,0.2758213586993187,0.23843935006439976,0.3146901225486356
2024,L5-winnerB minus ATRbaseline,FPtargetFirstUpper,0.29091052193663003,0.2537667095696157,0.3303045732002954
2024,L5-winnerB minus ATRbaseline,FPnegativeCertain,0.07771706132361877,0.02165398929591398,0.14365061752631658
2024,L5-winnerB minus ATRbaseline,FPnegativePossible,0.09280622456093013,0.042189502799703134,0.15568389922328899
2024,L5-winnerB minus ATRbaseline,FPloss5Certain,0.4997245271987227,0.44293297940045656,0.5500424934961627
2024,L5-winnerB minus ATRbaseline,FPloss5Possible,0.5148136904360341,0.4593226422624103,0.5678169709534047
2024,L5-winnerB minus ATRbaseline,FPambiguous,0.015089163237311385,0.00821917808219178,0.024691358024691357
2024,L5-winnerB minus ATRbaseline,FPstopBeforeLaterTouch,0.1056241426611797,0.08355878605025954,0.12602739726027398
2024,L5-winnerB minus ATRbaseline,netD5,-0.01630702796102308,-0.03184525402282711,-0.0017827076723608195
2024,L5-winnerB minus ATRbaseline,FPnetLower,-0.0011947980995955796,-0.007060624608008943,0.004431774472199824
2024,L5-winnerB minus ATRbaseline,FPnetUpper,0.0010685763860011242,-0.0051137373340469335,0.0070751568419786665
2024,L5-winnerB minus ATRbaseline,targetOnlyNet,-0.005328614907765101,-0.015574942502186362,0.0026930619080200724
2024,L5-winnerB minus ATRbaseline,strictCoverage,-0.004098360655737654,-0.0095628415300546,0.0
2024,L5-winnerB minus ATRbaseline,scoreAll3AtLeast70,0.02459016393442623,0.0,0.05737704918032787
2024,L5-winnerB minus ATRbaseline,all3Touch,0.07468879668049792,0.04583333333333333,0.11112258953168043
2024,L5-winnerB minus ATRbaseline,threePicksCoverage,0.0,0.0,0.0
2024,L0-winnerA minus currentOverall,touch,0.22475484691967965,0.17185999393530096,0.27550839562122414
2024,L0-winnerA minus currentOverall,L5,0.10573396212291342,0.055126506475035565,0.15438552661127328
2024,L0-winnerA minus currentOverall,ANYnegativeD5,-0.03580732090725347,-0.08863706231245587,0.028140313176639585
2024,L0-winnerA minus currentOverall,D1bull,0.08217306684632081,0.03157763492776407,0.11956628621459582
2024,L0-winnerA minus currentOverall,FPtargetFirstLower,0.12512538363649972,0.07669549303812895,0.16668640991092148
2024,L0-winnerA minus currentOverall,FPtargetFirstUpper,0.13739426603787708,0.09151622408887684,0.17846644512494025
2024,L0-winnerA minus currentOverall,FPnegativeCertain,-0.02082865483943419,-0.07283906664520319,0.037660068756380276
2024,L0-winnerA minus currentOverall,FPnegativePossible,-0.008559772438056723,-0.06420765027322395,0.05493166587960157
2024,L0-winnerA minus currentOverall,FPloss5Certain,0.0737742345983981,0.021710644509319588,0.12708698615741618
2024,L0-winnerA minus currentOverall,FPloss5Possible,0.08604311699977552,0.03130820046410657,0.14214278083808332
2024,L0-winnerA minus currentOverall,FPambiguous,0.012268882401377348,0.0013098806089486541,0.02459016393442623
2024,L0-winnerA minus currentOverall,FPstopBeforeLaterTouch,0.0996294632831799,0.07240296995656821,0.12708010074433873
2024,L0-winnerA minus currentOverall,netD5,0.0048978268244765375,-0.009528008452062146,0.01815318391185924
2024,L0-winnerA minus currentOverall,FPnetLower,0.005321797814397965,-0.0025345734439885183,0.012422910195382162
2024,L0-winnerA minus currentOverall,FPnetUpper,0.007162130174604582,-4.820687176843068e-05,0.013683230445715325
2024,L0-winnerA minus currentOverall,targetOnlyNet,0.004102800605002323,-0.007067770037217129,0.014195491691133093
2024,L0-winnerA minus currentOverall,strictCoverage,0.002732240437158473,0.0,0.008196721311475419
2024,L0-winnerA minus currentOverall,scoreAll3AtLeast70,-0.9959016393442623,-1.0,-0.9877049180327869
2024,L0-winnerA minus currentOverall,all3Touch,0.06113670234385585,0.01567827727138743,0.10245901639344263
2024,L0-winnerA minus currentOverall,threePicksCoverage,0.0,0.0,0.0
2024,L0-winnerA minus ATRbaseline,touch,0.4398907103825137,0.39071038251366125,0.48360655737704916
2024,L0-winnerA minus ATRbaseline,L5,0.34972677595628415,0.3005464480874317,0.40710382513661203
2024,L0-winnerA minus ATRbaseline,ANYnegativeD5,0.024590163934426257,-0.025990437158470027,0.10245901639344263
2024,L0-winnerA minus ATRbaseline,D1bull,0.05327868852459011,0.0,0.09153005464480873
2024,L0-winnerA minus ATRbaseline,FPtargetFirstLower,0.30464480874316935,0.2567964480874317,0.3483606557377049
2024,L0-winnerA minus ATRbaseline,FPtargetFirstUpper,0.32650273224043713,0.2800546448087432,0.36748633879781417
2024,L0-winnerA minus ATRbaseline,FPnegativeCertain,0.050546448087431695,0.0026980874316939953,0.11612021857923494
2024,L0-winnerA minus ATRbaseline,FPnegativePossible,0.07240437158469948,0.023189890710382487,0.13664617486338798
2024,L0-winnerA minus ATRbaseline,FPloss5Certain,0.4726775956284153,0.4180327868852459,0.5273565573770492
2024,L0-winnerA minus ATRbaseline,FPloss5Possible,0.4945355191256831,0.435792349726776,0.5505806010928962
2024,L0-winnerA minus ATRbaseline,FPambiguous,0.02185792349726776,0.01092896174863388,0.03551912568306011
2024,L0-winnerA minus ATRbaseline,FPstopBeforeLaterTouch,0.13524590163934427,0.10925546448087431,0.16393442622950818
2024,L0-winnerA minus ATRbaseline,netD5,-0.0015380265247089146,-0.01862784686788642,0.012517327086457855
2024,L0-winnerA minus ATRbaseline,FPnetLower,0.002443603207473715,-0.004794351166242071,0.0078691580479038
2024,L0-winnerA minus ATRbaseline,FPnetUpper,0.005722291732063892,-0.0015157038070429897,0.010856351669853869
2024,L0-winnerA minus ATRbaseline,targetOnlyNet,0.0011002348738053365,-0.012037550046442646,0.010117756553911858
2024,L0-winnerA minus ATRbaseline,strictCoverage,0.0,0.0,0.0
2024,L0-winnerA minus ATRbaseline,scoreAll3AtLeast70,0.004098360655737705,0.0,0.012295081967213115
2024,L0-winnerA minus ATRbaseline,all3Touch,0.10245901639344263,0.06147540983606557,0.14344262295081966
2024,L0-winnerA minus ATRbaseline,threePicksCoverage,0.0,0.0,0.0
2024,L0-winnerB minus currentOverall,touch,0.19255851432640594,0.1472418860209558,0.2399509452869219
2024,L0-winnerB minus currentOverall,L5,0.141858591158668,0.09062615998002613,0.19054494367323754
2024,L0-winnerB minus currentOverall,ANYnegativeD5,-0.00766823454453458,-0.04782738295470685,0.04490068214760971
2024,L0-winnerB minus currentOverall,D1bull,0.03909075576710458,-0.014852652949451197,0.0853674308624844
2024,L0-winnerB minus currentOverall,FPtargetFirstLower,0.09821599235425293,0.056885869755157394,0.13020583376316597
2024,L0-winnerB minus currentOverall,FPtargetFirstUpper,0.11051477615576333,0.06785080949834553,0.14694681488135342
2024,L0-winnerB minus currentOverall,FPnegativeCertain,0.005987294567396884,-0.036894509319559836,0.05217439758215709
2024,L0-winnerB minus currentOverall,FPnegativePossible,0.018286078368907388,-0.021857923497267676,0.06483175404776387
2024,L0-winnerB minus currentOverall,FPloss5Certain,0.11012499297265893,0.06828277853355426,0.15676100568479823
2024,L0-winnerB minus currentOverall,FPloss5Possible,0.12242377677416938,0.08196721311475419,0.17170821107990822
2024,L0-winnerB minus currentOverall,FPambiguous,0.012298783801510409,0.0013228468795663047,0.02462014879223432
2024,L0-winnerB minus currentOverall,FPstopBeforeLaterTouch,0.09434252197215301,0.07235635580957507,0.12295277272268766
2024,L0-winnerB minus currentOverall,netD5,-0.007945040254755849,-0.0225895597628066,0.003177363428381771
2024,L0-winnerB minus currentOverall,FPnetLower,0.0012556274718641385,-0.005019606981382777,0.0064412420103827995
2024,L0-winnerB minus currentOverall,FPnetUpper,0.003100445042090693,-0.002890965677885884,0.008553450310065344
2024,L0-winnerB minus currentOverall,targetOnlyNet,-0.0015479862414292814,-0.011677820058137497,0.008127800490740142
2024,L0-winnerB minus currentOverall,strictCoverage,0.001366120218579292,-0.004098360655737654,0.008196721311475419
2024,L0-winnerB minus currentOverall,scoreAll3AtLeast70,-1.0,-1.0,-1.0
2024,L0-winnerB minus currentOverall,all3Touch,0.07801924973642145,0.040542816000035974,0.12315456209269862
2024,L0-winnerB minus currentOverall,threePicksCoverage,0.0,0.0,0.0
2024,L0-winnerB minus ATRbaseline,touch,0.40769437778924,0.362555831520561,0.4481034102546852
2024,L0-winnerB minus ATRbaseline,L5,0.38585140499203874,0.33934627129540335,0.43989071038251365
2024,L0-winnerB minus ATRbaseline,ANYnegativeD5,0.05272925029714515,-0.0012520585373156682,0.12650618958982757
2024,L0-winnerB minus ATRbaseline,D1bull,0.010196377445373883,-0.04508196721311475,0.055989033610300165
2024,L0-winnerB minus ATRbaseline,FPtargetFirstLower,0.27773541746092256,0.2294914477131522,0.313333034319332
2024,L0-winnerB minus ATRbaseline,FPtargetFirstUpper,0.2996232423583234,0.25083698255857473,0.3379432415360349
2024,L0-winnerB minus ATRbaseline,FPnegativeCertain,0.07736239749426277,0.021845776053463616,0.14888517843891255
2024,L0-winnerB minus ATRbaseline,FPnegativePossible,0.09925022239166359,0.04872003319055411,0.16806693989071037
2024,L0-winnerB minus ATRbaseline,FPloss5Certain,0.5090283540026761,0.4480874316939891,0.5737704918032787
2024,L0-winnerB minus ATRbaseline,FPloss5Possible,0.5309161789000769,0.4685450819672131,0.5970257370302907
2024,L0-winnerB minus ATRbaseline,FPambiguous,0.02188782489740082,0.01231148101634859,0.03551912568306011
2024,L0-winnerB minus ATRbaseline,FPstopBeforeLaterTouch,0.12995896032831739,0.11080711354309165,0.15595075239398085
2024,L0-winnerB minus ATRbaseline,netD5,-0.014380893603941302,-0.030084636511606932,-0.0016644088114102177
2024,L0-winnerB minus ATRbaseline,FPnetLower,-0.0016225671350601116,-0.009838790416870684,0.004125486827389728
2024,L0-winnerB minus ATRbaseline,FPnetUpper,0.001660606599550004,-0.00628486166701939,0.007437336182109784
2024,L0-winnerB minus ATRbaseline,targetOnlyNet,-0.004550551972626268,-0.016562179926846287,0.0044077694899030545
2024,L0-winnerB minus ATRbaseline,strictCoverage,-0.001366120218579181,-0.004098360655737654,0.0
2024,L0-winnerB minus ATRbaseline,scoreAll3AtLeast70,0.0,0.0,0.0
2024,L0-winnerB minus ATRbaseline,all3Touch,0.11934156378600823,0.07915030991735537,0.1598360655737705
2024,L0-winnerB minus ATRbaseline,threePicksCoverage,0.0,0.0,0.0
2024,FP-winnerFP minus currentOverall,touch,0.026667415225690577,-0.029411258327719153,0.07596238082740103
2024,FP-winnerFP minus currentOverall,L5,0.030597350101055465,-0.008642023959646876,0.07377049180327871
2024,FP-winnerFP minus currentOverall,ANYnegativeD5,-0.009851036754248033,-0.06261572943122236,0.05604508196721309
2024,FP-winnerFP minus currentOverall,D1bull,-0.0025263867055916878,-0.04236293822662978,0.03377677797645919
2024,FP-winnerFP minus currentOverall,FPtargetFirstLower,0.004906804401527076,-0.04637246291959404,0.04782527922896774
2024,FP-winnerFP minus currentOverall,FPtargetFirstUpper,0.004880604835691277,-0.047755659640905564,0.04754327293250505
2024,FP-winnerFP minus currentOverall,FPnegativeCertain,0.022887192155101377,-0.023640492650143664,0.07786885245901642
2024,FP-winnerFP minus currentOverall,FPnegativePossible,0.02286099258926566,-0.024614558938329457,0.07863286829877277
2024,FP-winnerFP minus currentOverall,FPloss5Certain,0.03142450782244183,-0.019127460887791024,0.08817294070026313
2024,FP-winnerFP minus currentOverall,FPloss5Possible,0.031398308256606056,-0.019142565739522853,0.08890954065575901
2024,FP-winnerFP minus currentOverall,FPambiguous,-2.619956583576645e-05,-0.006982497056426046,0.0068231724638006174
2024,FP-winnerFP minus currentOverall,FPstopBeforeLaterTouch,0.021760610824163487,0.0023678476267895046,0.046257198464724536
2024,FP-winnerFP minus currentOverall,netD5,0.0020296233791598133,-0.0103360219229021,0.011695243017034077
2024,FP-winnerFP minus currentOverall,FPnetLower,-0.002812075324752821,-0.010368197947517708,0.003057503863787813
2024,FP-winnerFP minus currentOverall,FPnetUpper,-0.0028160052596281847,-0.010345146733738717,0.002815531440356509
2024,FP-winnerFP minus currentOverall,targetOnlyNet,-0.0024731458052029056,-0.012448124850808293,0.006559308620558582
2024,FP-winnerFP minus currentOverall,strictCoverage,0.002732240437158473,0.0,0.008196721311475419
2024,FP-winnerFP minus currentOverall,scoreAll3AtLeast70,-0.9959016393442623,-1.0,-0.9877049180327869
2024,FP-winnerFP minus currentOverall,all3Touch,-0.004437068147947434,-0.0335023977960683,0.028093104808285887
2024,FP-winnerFP minus currentOverall,threePicksCoverage,0.0,0.0,0.0
2024,FP-winnerFP minus ATRbaseline,touch,0.2418032786885246,0.1980532786885246,0.27732240437158473
2024,FP-winnerFP minus ATRbaseline,L5,0.2745901639344262,0.24043715846994534,0.3183401639344262
2024,FP-winnerFP minus ATRbaseline,ANYnegativeD5,0.050546448087431695,-0.0013661202185791838,0.1298155737704918
2024,FP-winnerFP minus ATRbaseline,D1bull,-0.031420765027322384,-0.07103825136612019,0.010928961748633892
2024,FP-winnerFP minus ATRbaseline,FPtargetFirstLower,0.18442622950819673,0.13797814207650272,0.21721311475409838
2024,FP-winnerFP minus ATRbaseline,FPtargetFirstUpper,0.19398907103825136,0.15027322404371585,0.226775956284153
2024,FP-winnerFP minus ATRbaseline,FPnegativeCertain,0.09426229508196726,0.049180327868852514,0.17216530054644813
2024,FP-winnerFP minus ATRbaseline,FPnegativePossible,0.10382513661202186,0.058743169398907114,0.1816939890710383
2024,FP-winnerFP minus ATRbaseline,FPloss5Certain,0.43032786885245905,0.3797814207650273,0.4890710382513661
2024,FP-winnerFP minus ATRbaseline,FPloss5Possible,0.43989071038251365,0.3879781420765027,0.5
2024,FP-winnerFP minus ATRbaseline,FPambiguous,0.009562841530054645,0.004098360655737705,0.017759562841530054
2024,FP-winnerFP minus ATRbaseline,FPstopBeforeLaterTouch,0.05737704918032787,0.04371584699453552,0.0765368852459016
2024,FP-winnerFP minus ATRbaseline,netD5,-0.004406229970025639,-0.015584851537119138,0.0032403726089187904
2024,FP-winnerFP minus ATRbaseline,FPnetLower,-0.005690269931677071,-0.013209334512477336,-0.000976219054753467
2024,FP-winnerFP minus ATRbaseline,FPnetUpper,-0.004255843702168874,-0.011593224463263632,5.244659386915493e-05
2024,FP-winnerFP minus ATRbaseline,targetOnlyNet,-0.005475711536399892,-0.014679762247993338,0.0015811063152518347
2024,FP-winnerFP minus ATRbaseline,strictCoverage,0.0,0.0,0.0
2024,FP-winnerFP minus ATRbaseline,scoreAll3AtLeast70,0.004098360655737705,0.0,0.012295081967213115
2024,FP-winnerFP minus ATRbaseline,all3Touch,0.036885245901639344,0.01639344262295082,0.06147540983606557
2024,FP-winnerFP minus ATRbaseline,threePicksCoverage,0.0,0.0,0.0
2024Q1,L5-winnerA minus currentOverall,touch,0.2375848195520327,0.1639344262295082,0.3278688524590163
2024Q1,L5-winnerA minus currentOverall,L5,0.23770491803278687,0.12008196721311473,0.30054644808743164
2024Q1,L5-winnerA minus currentOverall,ANYnegativeD5,0.09091454993094328,-0.03825136612021862,0.20437406048650497
2024Q1,L5-winnerA minus currentOverall,D1bull,0.0628115054344563,-0.021857923497267673,0.180327868852459
2024Q1,L5-winnerA minus currentOverall,FPtargetFirstLower,0.07265958085630217,0.0014637002341920371,0.13114754098360656
2024Q1,L5-winnerA minus currentOverall,FPtargetFirstUpper,0.11661562481234614,0.04008211733621568,0.19016770823898796
2024Q1,L5-winnerA minus currentOverall,FPnegativeCertain,0.047108629075842234,-0.06254428631477811,0.14754098360655737
2024Q1,L5-winnerA minus currentOverall,FPnegativePossible,0.09106467303188615,-0.010928961748633892,0.19134915630817262
2024Q1,L5-winnerA minus currentOverall,FPloss5Certain,0.18363057707319996,0.08498243559718971,0.23825211673572325
2024Q1,L5-winnerA minus currentOverall,FPloss5Possible,0.22758662102924399,0.13661202185792348,0.2752818084309797
2024Q1,L5-winnerA minus currentOverall,FPambiguous,0.04395604395604396,0.02185792349726776,0.07103825136612021
2024Q1,L5-winnerA minus currentOverall,FPstopBeforeLaterTouch,0.1649252386957305,0.12178697581740784,0.2295427250345283
2024Q1,L5-winnerA minus currentOverall,netD5,-0.02228773115754515,-0.046677706919579946,0.010144142881701469
2024Q1,L5-winnerA minus currentOverall,FPnetLower,-0.00778274217721486,-0.017980657607064614,0.0032068164360797595
2024Q1,L5-winnerA minus currentOverall,FPnetUpper,-0.0011893355838082653,-0.011159028937803172,0.01188680630873701
2024Q1,L5-winnerA minus currentOverall,targetOnlyNet,-0.002275142095262913,-0.017422428525348477,0.019394949315768295
2024Q1,L5-winnerA minus currentOverall,strictCoverage,-0.005464480874316946,-0.010928961748633892,0.0
2024Q1,L5-winnerA minus currentOverall,scoreAll3AtLeast70,-1.0,-1.0,-1.0
2024Q1,L5-winnerA minus currentOverall,all3Touch,0.11693989071038251,0.01721311475409836,0.2542372881355932
2024Q1,L5-winnerA minus currentOverall,threePicksCoverage,0.0,0.0,0.0
2024Q1,L5-winnerA minus ATRbaseline,touch,0.4288416501531256,0.35760514920577413,0.540983606557377
2024Q1,L5-winnerA minus ATRbaseline,L5,0.4890710382513661,0.40437158469945356,0.5573770491803278
2024Q1,L5-winnerA minus ATRbaseline,ANYnegativeD5,0.06359214555935866,-0.09836065573770492,0.26775956284153
2024Q1,L5-winnerA minus ATRbaseline,D1bull,0.019095658439920782,-0.1009180027622651,0.17499999999999985
2024Q1,L5-winnerA minus ATRbaseline,FPtargetFirstLower,0.24752296883444425,0.18032786885245902,0.34276107236663345
2024Q1,L5-winnerA minus ATRbaseline,FPtargetFirstUpper,0.2914790127904882,0.20765027322404372,0.40442938209331647
2024Q1,L5-winnerA minus ATRbaseline,FPnegativeCertain,0.047108629075842234,-0.11181243619768207,0.2513661202185793
2024Q1,L5-winnerA minus ATRbaseline,FPnegativePossible,0.09106467303188615,-0.0491803278688524,0.27874362225643806
2024Q1,L5-winnerA minus ATRbaseline,FPloss5Certain,0.5716087191497027,0.4754098360655738,0.6265237494745691
2024Q1,L5-winnerA minus ATRbaseline,FPloss5Possible,0.6155647631057467,0.5441654656818591,0.6557377049180327
2024Q1,L5-winnerA minus ATRbaseline,FPambiguous,0.04395604395604396,0.02185792349726776,0.07103825136612021
2024Q1,L5-winnerA minus ATRbaseline,FPstopBeforeLaterTouch,0.1813186813186813,0.14835164835164835,0.2459016393442623
2024Q1,L5-winnerA minus ATRbaseline,netD5,-0.01796132397339371,-0.054030664152885294,0.017565412870704296
2024Q1,L5-winnerA minus ATRbaseline,FPnetLower,-0.006563978738683297,-0.022952638400793042,0.008923016725743789
2024Q1,L5-winnerA minus ATRbaseline,FPnetUpper,2.9427854723297186e-05,-0.01887936813244986,0.018169746913777103
2024Q1,L5-winnerA minus ATRbaseline,targetOnlyNet,-0.0037729609729440644,-0.031225044637084576,0.02453952773130831
2024Q1,L5-winnerA minus ATRbaseline,strictCoverage,-0.005464480874316946,-0.010928961748633892,0.0
2024Q1,L5-winnerA minus ATRbaseline,scoreAll3AtLeast70,0.0,0.0,0.0
2024Q1,L5-winnerA minus ATRbaseline,all3Touch,0.13333333333333333,0.06522752967778409,0.26229508196721313
2024Q1,L5-winnerA minus ATRbaseline,threePicksCoverage,0.0,0.0,0.0
2024Q1,L5-winnerB minus currentOverall,touch,0.1912568306010929,0.08743169398907102,0.2677595628415301
2024Q1,L5-winnerB minus currentOverall,L5,0.2349726775956284,0.13661202185792354,0.31693989071038253
2024Q1,L5-winnerB minus currentOverall,ANYnegativeD5,0.12021857923497259,0.021857923497267784,0.23497267759562845
2024Q1,L5-winnerB minus currentOverall,D1bull,0.021857923497267784,-0.15860655737704923,0.14207650273224048
2024Q1,L5-winnerB minus currentOverall,FPtargetFirstLower,0.10382513661202183,0.005464480874316946,0.180327868852459
2024Q1,L5-winnerB minus currentOverall,FPtargetFirstUpper,0.13114754098360656,0.038251366120218566,0.20765027322404372
2024Q1,L5-winnerB minus currentOverall,FPnegativeCertain,0.04371584699453557,-0.08756830601092905,0.14754098360655737
2024Q1,L5-winnerB minus currentOverall,FPnegativePossible,0.0710382513661203,-0.05464480874316946,0.1748633879781421
2024Q1,L5-winnerB minus currentOverall,FPloss5Certain,0.17486338797814205,0.0491803278688524,0.2513661202185793
2024Q1,L5-winnerB minus currentOverall,FPloss5Possible,0.20218579234972678,0.07650273224043719,0.28415300546448086
2024Q1,L5-winnerB minus currentOverall,FPambiguous,0.0273224043715847,0.01092896174863388,0.04371584699453552
2024Q1,L5-winnerB minus currentOverall,FPstopBeforeLaterTouch,0.08743169398907104,0.03825136612021858,0.12568306010928962
2024Q1,L5-winnerB minus currentOverall,netD5,-0.0432217120327056,-0.07207884007241061,-0.025296061652968285
2024Q1,L5-winnerB minus currentOverall,FPnetLower,-0.004656198966784362,-0.017479661569440735,0.010548769980892443
2024Q1,L5-winnerB minus currentOverall,FPnetUpper,-0.0005578383110466569,-0.013180928249566258,0.014718080122945088
2024Q1,L5-winnerB minus currentOverall,targetOnlyNet,-0.008712830112591746,-0.03045555211240467,0.012783430599343467
2024Q1,L5-winnerB minus currentOverall,strictCoverage,0.0,0.0,0.0
2024Q1,L5-winnerB minus currentOverall,scoreAll3AtLeast70,-1.0,-1.0,-1.0
2024Q1,L5-winnerB minus currentOverall,all3Touch,0.08196721311475409,0.03278688524590164,0.14795081967213078
2024Q1,L5-winnerB minus currentOverall,threePicksCoverage,0.0,0.0,0.0
2024Q1,L5-winnerB minus ATRbaseline,touch,0.3825136612021858,0.28415300546448086,0.48647540983606546
2024Q1,L5-winnerB minus ATRbaseline,L5,0.48633879781420764,0.40437158469945356,0.5792349726775956
2024Q1,L5-winnerB minus ATRbaseline,ANYnegativeD5,0.09289617486338797,-0.06024590163934432,0.31693989071038253
2024Q1,L5-winnerB minus ATRbaseline,D1bull,-0.02185792349726773,-0.13661202185792348,0.09289617486338797
2024Q1,L5-winnerB minus ATRbaseline,FPtargetFirstLower,0.2786885245901639,0.1912568306010929,0.39344262295081966
2024Q1,L5-winnerB minus ATRbaseline,FPtargetFirstUpper,0.30601092896174864,0.21311475409836067,0.42090163934426217
2024Q1,L5-winnerB minus ATRbaseline,FPnegativeCertain,0.04371584699453557,-0.11475409836065575,0.22950819672131145
2024Q1,L5-winnerB minus ATRbaseline,FPnegativePossible,0.0710382513661203,-0.08196721311475408,0.2460382513661201
2024Q1,L5-winnerB minus ATRbaseline,FPloss5Certain,0.5628415300546448,0.4754098360655738,0.6120218579234972
2024Q1,L5-winnerB minus ATRbaseline,FPloss5Possible,0.5901639344262295,0.5027322404371585,0.6394808743169398
2024Q1,L5-winnerB minus ATRbaseline,FPambiguous,0.0273224043715847,0.01092896174863388,0.04371584699453552
2024Q1,L5-winnerB minus ATRbaseline,FPstopBeforeLaterTouch,0.10382513661202186,0.07103825136612021,0.1366120218579235
2024Q1,L5-winnerB minus ATRbaseline,netD5,-0.03889530484855416,-0.07889782330537588,-0.015341110783056647
2024Q1,L5-winnerB minus ATRbaseline,FPnetLower,-0.0034374355282528,-0.020373294951084947,0.013995809992038633
2024Q1,L5-winnerB minus ATRbaseline,FPnetUpper,0.0006609251274849056,-0.01800757539717528,0.019480406125463073
2024Q1,L5-winnerB minus ATRbaseline,targetOnlyNet,-0.010210648990272898,-0.038973705003583534,0.013971644896543534
2024Q1,L5-winnerB minus ATRbaseline,strictCoverage,0.0,0.0,0.0
2024Q1,L5-winnerB minus ATRbaseline,scoreAll3AtLeast70,0.0,0.0,0.0
2024Q1,L5-winnerB minus ATRbaseline,all3Touch,0.09836065573770492,0.04918032786885246,0.18032786885245902
2024Q1,L5-winnerB minus ATRbaseline,threePicksCoverage,0.0,0.0,0.0
2024Q1,L0-winnerA minus currentOverall,touch,0.20765027322404372,0.12554644808743168,0.26789617486338785
2024Q1,L0-winnerA minus currentOverall,L5,0.18579234972677594,0.08183060109289617,0.2622950819672131
2024Q1,L0-winnerA minus currentOverall,ANYnegativeD5,0.07103825136612019,-0.02732240437158473,0.19672131147540983
2024Q1,L0-winnerA minus currentOverall,D1bull,0.0655737704918033,-0.0766393442622951,0.14754098360655743
2024Q1,L0-winnerA minus currentOverall,FPtargetFirstLower,0.07650273224043716,-0.016530054644808754,0.1366120218579235
2024Q1,L0-winnerA minus currentOverall,FPtargetFirstUpper,0.10928961748633878,0.016393442622950838,0.164071038251366
2024Q1,L0-winnerA minus currentOverall,FPnegativeCertain,0.032786885245901676,-0.06557377049180335,0.16939890710382516
2024Q1,L0-winnerA minus currentOverall,FPnegativePossible,0.06557377049180335,-0.05464480874316946,0.22418032786885236
2024Q1,L0-winnerA minus currentOverall,FPloss5Certain,0.14207650273224037,0.049180327868852514,0.22950819672131145
2024Q1,L0-winnerA minus currentOverall,FPloss5Possible,0.17486338797814205,0.07103825136612019,0.2677595628415301
2024Q1,L0-winnerA minus currentOverall,FPambiguous,0.03278688524590164,0.01092896174863388,0.06557377049180328
2024Q1,L0-winnerA minus currentOverall,FPstopBeforeLaterTouch,0.13114754098360656,0.08743169398907104,0.20232240437158458
2024Q1,L0-winnerA minus currentOverall,netD5,-0.014638114241784864,-0.041687327674003787,0.013883495038221944
2024Q1,L0-winnerA minus currentOverall,FPnetLower,-0.004960956714558845,-0.02083726965416677,0.008011421922455542
2024Q1,L0-winnerA minus currentOverall,FPnetUpper,-4.2923927673598795e-05,-0.013869287484745682,0.010853454717447879
2024Q1,L0-winnerA minus currentOverall,targetOnlyNet,-0.0012984136672338526,-0.01793718709561161,0.017844864834814036
2024Q1,L0-winnerA minus currentOverall,strictCoverage,0.0,0.0,0.0
2024Q1,L0-winnerA minus currentOverall,scoreAll3AtLeast70,-1.0,-1.0,-1.0
2024Q1,L0-winnerA minus currentOverall,all3Touch,0.04918032786885246,0.0,0.11475409836065574
2024Q1,L0-winnerA minus currentOverall,threePicksCoverage,0.0,0.0,0.0
2024Q1,L0-winnerA minus ATRbaseline,touch,0.3989071038251366,0.30601092896174864,0.5083333333333332
2024Q1,L0-winnerA minus ATRbaseline,L5,0.4371584699453552,0.3222677595628415,0.5573770491803278
2024Q1,L0-winnerA minus ATRbaseline,ANYnegativeD5,0.04371584699453557,-0.07103825136612019,0.26789617486338785
2024Q1,L0-winnerA minus ATRbaseline,D1bull,0.021857923497267784,-0.1311475409836066,0.1203551912568305
2024Q1,L0-winnerA minus ATRbaseline,FPtargetFirstLower,0.25136612021857924,0.15846994535519124,0.34972677595628415
2024Q1,L0-winnerA minus ATRbaseline,FPtargetFirstUpper,0.28415300546448086,0.18579234972677597,0.3825136612021858
2024Q1,L0-winnerA minus ATRbaseline,FPnegativeCertain,0.032786885245901676,-0.08196721311475408,0.22950819672131145
2024Q1,L0-winnerA minus ATRbaseline,FPnegativePossible,0.06557377049180335,-0.04385245901639348,0.25136612021857924
2024Q1,L0-winnerA minus ATRbaseline,FPloss5Certain,0.5300546448087431,0.4644808743169399,0.5901639344262295
2024Q1,L0-winnerA minus ATRbaseline,FPloss5Possible,0.5628415300546448,0.5027322404371585,0.6174863387978141
2024Q1,L0-winnerA minus ATRbaseline,FPambiguous,0.03278688524590164,0.01092896174863388,0.06557377049180328
2024Q1,L0-winnerA minus ATRbaseline,FPstopBeforeLaterTouch,0.14754098360655737,0.11475409836065574,0.2185792349726776
2024Q1,L0-winnerA minus ATRbaseline,netD5,-0.010311707057633427,-0.05412724711862465,0.023578403185157748
2024Q1,L0-winnerA minus ATRbaseline,FPnetLower,-0.003742193276027283,-0.022352430178842086,0.010713620947522562
2024Q1,L0-winnerA minus ATRbaseline,FPnetUpper,0.0011758395108579637,-0.018371000185144426,0.015135130127205182
2024Q1,L0-winnerA minus ATRbaseline,targetOnlyNet,-0.002796232544915004,-0.032858641086494327,0.02417842297112739
2024Q1,L0-winnerA minus ATRbaseline,strictCoverage,0.0,0.0,0.0
2024Q1,L0-winnerA minus ATRbaseline,scoreAll3AtLeast70,0.0,0.0,0.0
2024Q1,L0-winnerA minus ATRbaseline,all3Touch,0.06557377049180328,0.01639344262295082,0.13114754098360656
2024Q1,L0-winnerA minus ATRbaseline,threePicksCoverage,0.0,0.0,0.0
2024Q1,L0-winnerB minus currentOverall,touch,0.1912568306010929,0.08743169398907102,0.3114754098360656
2024Q1,L0-winnerB minus currentOverall,L5,0.21857923497267756,0.06010928961748638,0.2896174863387978
2024Q1,L0-winnerB minus currentOverall,ANYnegativeD5,0.07103825136612019,-0.03292349726775959,0.16393442622950816
2024Q1,L0-winnerB minus currentOverall,D1bull,0.02732240437158473,-0.07650273224043719,0.12581967213114745
2024Q1,L0-winnerB minus currentOverall,FPtargetFirstLower,0.0819672131147541,-0.027322404371584702,0.18579234972677594
2024Q1,L0-winnerB minus currentOverall,FPtargetFirstUpper,0.12021857923497267,0.021857923497267784,0.2185792349726776
2024Q1,L0-winnerB minus currentOverall,FPnegativeCertain,0.032786885245901676,-0.08743169398907102,0.1311475409836066
2024Q1,L0-winnerB minus currentOverall,FPnegativePossible,0.0710382513661203,-0.049180327868852514,0.1748633879781421
2024Q1,L0-winnerB minus currentOverall,FPloss5Certain,0.17486338797814205,0.049180327868852514,0.24590163934426224
2024Q1,L0-winnerB minus currentOverall,FPloss5Possible,0.21311475409836067,0.08743169398907102,0.28415300546448086
2024Q1,L0-winnerB minus currentOverall,FPambiguous,0.03825136612021858,0.02185792349726776,0.060109289617486336
2024Q1,L0-winnerB minus currentOverall,FPstopBeforeLaterTouch,0.1092896174863388,0.06010928961748634,0.16393442622950818
2024Q1,L0-winnerB minus currentOverall,netD5,-0.03084938865877,-0.05676685266010868,0.00768737279121775
2024Q1,L0-winnerB minus currentOverall,FPnetLower,-0.00612281150027736,-0.02018175521290825,0.010333726093617978
2024Q1,L0-winnerB minus currentOverall,FPnetUpper,-0.0003851065822445738,-0.012639516332680192,0.0158366162298545
2024Q1,L0-winnerB minus currentOverall,targetOnlyNet,-0.007466968783663215,-0.025884399278729913,0.020497895719688262
2024Q1,L0-winnerB minus currentOverall,strictCoverage,0.0,0.0,0.0
2024Q1,L0-winnerB minus currentOverall,scoreAll3AtLeast70,-1.0,-1.0,-1.0
2024Q1,L0-winnerB minus currentOverall,all3Touch,0.13114754098360656,0.04918032786885246,0.2459016393442623
2024Q1,L0-winnerB minus currentOverall,threePicksCoverage,0.0,0.0,0.0
2024Q1,L0-winnerB minus ATRbaseline,touch,0.3825136612021858,0.3005464480874317,0.5027322404371585
2024Q1,L0-winnerB minus ATRbaseline,L5,0.4699453551912568,0.33879781420765026,0.5464480874316939
2024Q1,L0-winnerB minus ATRbaseline,ANYnegativeD5,0.04371584699453557,-0.1202185792349727,0.2459016393442623
2024Q1,L0-winnerB minus ATRbaseline,D1bull,-0.016393442622950782,-0.15300546448087432,0.1256830601092896
2024Q1,L0-winnerB minus ATRbaseline,FPtargetFirstLower,0.2568306010928962,0.15846994535519127,0.3825136612021858
2024Q1,L0-winnerB minus ATRbaseline,FPtargetFirstUpper,0.29508196721311475,0.2076502732240437,0.42076502732240434
2024Q1,L0-winnerB minus ATRbaseline,FPnegativeCertain,0.032786885245901676,-0.1312841530054645,0.23497267759562834
2024Q1,L0-winnerB minus ATRbaseline,FPnegativePossible,0.0710382513661203,-0.09836065573770492,0.2733606557377048
2024Q1,L0-winnerB minus ATRbaseline,FPloss5Certain,0.5628415300546448,0.45901639344262296,0.6174863387978141
2024Q1,L0-winnerB minus ATRbaseline,FPloss5Possible,0.6010928961748634,0.49180327868852464,0.6666666666666666
2024Q1,L0-winnerB minus ATRbaseline,FPambiguous,0.03825136612021858,0.02185792349726776,0.060109289617486336
2024Q1,L0-winnerB minus ATRbaseline,FPstopBeforeLaterTouch,0.12568306010928962,0.09289617486338798,0.17486338797814208
2024Q1,L0-winnerB minus ATRbaseline,netD5,-0.026522981474618564,-0.05883146730506227,0.013090010012463198
2024Q1,L0-winnerB minus ATRbaseline,FPnetLower,-0.004904048061745797,-0.02520353210823522,0.015660417226223054
2024Q1,L0-winnerB minus ATRbaseline,FPnetUpper,0.0008336568562869887,-0.017669634672712452,0.020461438105805342
2024Q1,L0-winnerB minus ATRbaseline,targetOnlyNet,-0.008964787661344367,-0.032510993275312844,0.021152245066268466
2024Q1,L0-winnerB minus ATRbaseline,strictCoverage,0.0,0.0,0.0
2024Q1,L0-winnerB minus ATRbaseline,scoreAll3AtLeast70,0.0,0.0,0.0
2024Q1,L0-winnerB minus ATRbaseline,all3Touch,0.14754098360655737,0.08196721311475409,0.26229508196721313
2024Q1,L0-winnerB minus ATRbaseline,threePicksCoverage,0.0,0.0,0.0
2024Q1,FP-winnerFP minus currentOverall,touch,0.021857923497267784,-0.09289617486338797,0.07650273224043713
2024Q1,FP-winnerFP minus currentOverall,L5,0.005464480874316946,-0.06010928961748635,0.08743169398907105
2024Q1,FP-winnerFP minus currentOverall,ANYnegativeD5,0.005464480874316835,-0.04371584699453557,0.10928961748633881
2024Q1,FP-winnerFP minus currentOverall,D1bull,-0.005464480874316946,-0.1422131147540984,0.07117486338797804
2024Q1,FP-winnerFP minus currentOverall,FPtargetFirstLower,-0.03278688524590165,-0.15300546448087432,0.021857923497267756
2024Q1,FP-winnerFP minus currentOverall,FPtargetFirstUpper,-0.021857923497267756,-0.1366120218579235,0.03278688524590165
2024Q1,FP-winnerFP minus currentOverall,FPnegativeCertain,0.049180327868852514,-0.010928961748633892,0.1693989071038251
2024Q1,FP-winnerFP minus currentOverall,FPnegativePossible,0.060109289617486406,0.0,0.18032786885245905
2024Q1,FP-winnerFP minus currentOverall,FPloss5Certain,0.05464480874316935,-0.005464480874316946,0.1639344262295082
2024Q1,FP-winnerFP minus currentOverall,FPloss5Possible,0.06557377049180324,-0.005464480874316892,0.1859289617486338
2024Q1,FP-winnerFP minus currentOverall,FPambiguous,0.01092896174863388,0.0,0.0273224043715847
2024Q1,FP-winnerFP minus currentOverall,FPstopBeforeLaterTouch,0.05464480874316939,0.027322404371584702,0.08743169398907105
2024Q1,FP-winnerFP minus currentOverall,netD5,-0.0032468308551062194,-0.029588039560314167,0.00921889595639524
2024Q1,FP-winnerFP minus currentOverall,FPnetLower,-0.008392693880066936,-0.02252350710477792,-0.002053303047047945
2024Q1,FP-winnerFP minus currentOverall,FPnetUpper,-0.006753349617771857,-0.020145489664627366,-0.0005373832511679408
2024Q1,FP-winnerFP minus currentOverall,targetOnlyNet,-0.0016757960010678175,-0.015597313043672265,0.005144332664493225
2024Q1,FP-winnerFP minus currentOverall,strictCoverage,0.0,0.0,0.0
2024Q1,FP-winnerFP minus currentOverall,scoreAll3AtLeast70,-1.0,-1.0,-1.0
2024Q1,FP-winnerFP minus currentOverall,all3Touch,0.0,-0.04918032786885246,0.04918032786885246
2024Q1,FP-winnerFP minus currentOverall,threePicksCoverage,0.0,0.0,0.0
2024Q1,FP-winnerFP minus ATRbaseline,touch,0.21311475409836067,0.10382513661202186,0.28975409836065563
2024Q1,FP-winnerFP minus ATRbaseline,L5,0.2568306010928962,0.19125683060109291,0.34972677595628415
2024Q1,FP-winnerFP minus ATRbaseline,ANYnegativeD5,-0.021857923497267784,-0.11475409836065564,0.14767759562841523
2024Q1,FP-winnerFP minus ATRbaseline,D1bull,-0.04918032786885246,-0.15846994535519127,0.03278688524590162
2024Q1,FP-winnerFP minus ATRbaseline,FPtargetFirstLower,0.14207650273224043,0.03825136612021858,0.20218579234972678
2024Q1,FP-winnerFP minus ATRbaseline,FPtargetFirstUpper,0.15300546448087432,0.04918032786885247,0.21325136612021847
2024Q1,FP-winnerFP minus ATRbaseline,FPnegativeCertain,0.049180327868852514,-0.021857923497267784,0.21311475409836073
2024Q1,FP-winnerFP minus ATRbaseline,FPnegativePossible,0.060109289617486406,-0.016393442622950838,0.2297814207650271
2024Q1,FP-winnerFP minus ATRbaseline,FPloss5Certain,0.4426229508196721,0.36065573770491804,0.5628415300546448
2024Q1,FP-winnerFP minus ATRbaseline,FPloss5Possible,0.453551912568306,0.366120218579235,0.5792349726775956
2024Q1,FP-winnerFP minus ATRbaseline,FPambiguous,0.01092896174863388,0.0,0.0273224043715847
2024Q1,FP-winnerFP minus ATRbaseline,FPstopBeforeLaterTouch,0.07103825136612021,0.03825136612021858,0.12021857923497267
2024Q1,FP-winnerFP minus ATRbaseline,netD5,0.001079576329045216,-0.0261159949016724,0.014605790045588384
2024Q1,FP-winnerFP minus ATRbaseline,FPnetLower,-0.007173930441535373,-0.027268260294933643,0.0027683311287819827
2024Q1,FP-winnerFP minus ATRbaseline,FPnetUpper,-0.005534586179240294,-0.024792697519934785,0.0033058772573599897
2024Q1,FP-winnerFP minus ATRbaseline,targetOnlyNet,-0.0031736148787489685,-0.025719932594421534,0.009253114174068834
2024Q1,FP-winnerFP minus ATRbaseline,strictCoverage,0.0,0.0,0.0
2024Q1,FP-winnerFP minus ATRbaseline,scoreAll3AtLeast70,0.0,0.0,0.0
2024Q1,FP-winnerFP minus ATRbaseline,all3Touch,0.01639344262295082,0.0,0.04918032786885246
2024Q1,FP-winnerFP minus ATRbaseline,threePicksCoverage,0.0,0.0,0.0
2024Q2,L5-winnerA minus currentOverall,touch,0.32253433208489385,0.243642316017316,0.40164772727272724
2024Q2,L5-winnerA minus currentOverall,L5,0.10998751560549314,0.026647834274952903,0.19560028248587571
2024Q2,L5-winnerA minus currentOverall,ANYnegativeD5,-0.12203495630461914,-0.22803058676654187,-0.038508114856429465
2024Q2,L5-winnerA minus currentOverall,D1bull,0.116729088639201,0.058249442392871054,0.24444756554307118
2024Q2,L5-winnerA minus currentOverall,FPtargetFirstLower,0.19307116104868913,0.07707113988869846,0.28864267676767674
2024Q2,L5-winnerA minus currentOverall,FPtargetFirstUpper,0.20443196004993755,0.09293227215980028,0.2936469328112586
2024Q2,L5-winnerA minus currentOverall,FPnegativeCertain,-0.09363295880149813,-0.19444444444444442,0.03705912213700302
2024Q2,L5-winnerA minus currentOverall,FPnegativePossible,-0.08227215980024971,-0.19134698944754813,0.05588247741170994
2024Q2,L5-winnerA minus currentOverall,FPloss5Certain,-0.004993757802746579,-0.09788841807909604,0.14628202672795357
2024Q2,L5-winnerA minus currentOverall,FPloss5Possible,0.006367041198501844,-0.09444444444444444,0.1650686419277521
2024Q2,L5-winnerA minus currentOverall,FPambiguous,0.011360799001248438,0.0,0.028153870162297125
2024Q2,L5-winnerA minus currentOverall,FPstopBeforeLaterTouch,0.12946317103620475,0.0854620289978436,0.18693251369628486
2024Q2,L5-winnerA minus currentOverall,netD5,0.013907454798199883,-0.010706786259064715,0.04049988239629855
2024Q2,L5-winnerA minus currentOverall,FPnetLower,0.01693187399911878,-0.0029514176707145633,0.0317318626440458
2024Q2,L5-winnerA minus currentOverall,FPnetUpper,0.01863599384930605,-3.443362748418623e-06,0.03273166245340606
2024Q2,L5-winnerA minus currentOverall,targetOnlyNet,0.01986297104527532,0.00451186912981509,0.039831952240399364
2024Q2,L5-winnerA minus currentOverall,strictCoverage,-0.011111111111111072,-0.033333333333333326,0.0
2024Q2,L5-winnerA minus currentOverall,scoreAll3AtLeast70,-1.0,-1.0,-1.0
2024Q2,L5-winnerA minus currentOverall,all3Touch,0.20804597701149427,0.1194915254237288,0.27577455590386624
2024Q2,L5-winnerA minus currentOverall,threePicksCoverage,0.0,0.0,0.0
2024Q2,L5-winnerA minus ATRbaseline,touch,0.5225343320848939,0.4719725343320849,0.6033519553072626
2024Q2,L5-winnerA minus ATRbaseline,L5,0.36554307116104867,0.24569832251082252,0.45542476036310536
2024Q2,L5-winnerA minus ATRbaseline,ANYnegativeD5,-0.016479400749063622,-0.16692571785268417,0.13004472693032013
2024Q2,L5-winnerA minus ATRbaseline,D1bull,0.08895131086142322,-0.008922928709055915,0.1696787709497207
2024Q2,L5-winnerA minus ATRbaseline,FPtargetFirstLower,0.3708489388264669,0.2848955688166582,0.4606850811485643
2024Q2,L5-winnerA minus ATRbaseline,FPtargetFirstUpper,0.39332084893882646,0.32411468032278085,0.47191791510611736
2024Q2,L5-winnerA minus ATRbaseline,FPnegativeCertain,0.03970037453183517,-0.09444444444444444,0.2127446777054997
2024Q2,L5-winnerA minus ATRbaseline,FPnegativePossible,0.062172284644194775,-0.07777777777777772,0.240015873015873
2024Q2,L5-winnerA minus ATRbaseline,FPloss5Certain,0.5061173533083646,0.40554775280898875,0.618199941834071
2024Q2,L5-winnerA minus ATRbaseline,FPloss5Possible,0.5285892634207241,0.416854527938343,0.6648362818125387
2024Q2,L5-winnerA minus ATRbaseline,FPambiguous,0.02247191011235955,0.005649717514124294,0.05
2024Q2,L5-winnerA minus ATRbaseline,FPstopBeforeLaterTouch,0.15168539325842698,0.10555555555555556,0.22033898305084745
2024Q2,L5-winnerA minus ATRbaseline,netD5,0.010503705087537875,-0.008817220144676724,0.03694024674428313
2024Q2,L5-winnerA minus ATRbaseline,FPnetLower,0.008581524343305178,-0.007796912039661818,0.021043502891690127
2024Q2,L5-winnerA minus ATRbaseline,FPnetUpper,0.011952310860159113,-0.0014664498556204114,0.02296058098736648
2024Q2,L5-winnerA minus ATRbaseline,targetOnlyNet,0.014719747952374355,0.001756676507157176,0.03242433702226648
2024Q2,L5-winnerA minus ATRbaseline,strictCoverage,-0.011111111111111072,-0.033333333333333326,0.0
2024Q2,L5-winnerA minus ATRbaseline,scoreAll3AtLeast70,0.0,0.0,0.0
2024Q2,L5-winnerA minus ATRbaseline,all3Touch,0.2413793103448276,0.15789473684210525,0.31666666666666665
2024Q2,L5-winnerA minus ATRbaseline,threePicksCoverage,0.0,0.0,0.0
2024Q2,L5-winnerB minus currentOverall,touch,0.13522656734947236,0.051672098075729374,0.23333333333333334
2024Q2,L5-winnerB minus currentOverall,L5,0.1077591558038486,0.061111111111111116,0.16672175667287395
2024Q2,L5-winnerB minus currentOverall,ANYnegativeD5,-0.03553693358162624,-0.08333333333333337,0.02594972067039098
2024Q2,L5-winnerB minus currentOverall,D1bull,0.08597144630664183,0.043582637624756726,0.17777777777777776
2024Q2,L5-winnerB minus currentOverall,FPtargetFirstLower,0.10716945996275609,0.04444444444444445,0.18888888888888886
2024Q2,L5-winnerB minus currentOverall,FPtargetFirstUpper,0.10723153320918685,0.04559435133457481,0.1888888888888889
2024Q2,L5-winnerB minus currentOverall,FPnegativeCertain,-0.040968342644320255,-0.08333333333333337,0.005555555555555536
2024Q2,L5-winnerB minus currentOverall,FPnegativePossible,-0.04090626939788955,-0.08333333333333337,0.011111111111111072
2024Q2,L5-winnerB minus currentOverall,FPloss5Certain,0.03662321539416513,-0.013610335195530652,0.11680555555555545
2024Q2,L5-winnerB minus currentOverall,FPloss5Possible,0.03668528864059595,-0.005555555555555536,0.1166666666666667
2024Q2,L5-winnerB minus currentOverall,FPambiguous,6.207324643078826e-05,-0.016666666666666666,0.016666666666666666
2024Q2,L5-winnerB minus currentOverall,FPstopBeforeLaterTouch,0.028057107386716327,-0.00555555555555555,0.06666666666666667
2024Q2,L5-winnerB minus currentOverall,netD5,0.002691458611702213,-0.013155373537166346,0.014010644250738342
2024Q2,L5-winnerB minus currentOverall,FPnetLower,0.007395536406033297,-0.0010550646186803648,0.015047437335517472
2024Q2,L5-winnerB minus currentOverall,FPnetUpper,0.007404847392997917,-0.001808600974738168,0.01559884743610569
2024Q2,L5-winnerB minus currentOverall,targetOnlyNet,0.0009372703970493591,-0.010971320373043797,0.013999818132186514
2024Q2,L5-winnerB minus currentOverall,strictCoverage,-0.005555555555555536,-0.005555555555555536,0.0
2024Q2,L5-winnerB minus currentOverall,scoreAll3AtLeast70,-1.0,-1.0,-1.0
2024Q2,L5-winnerB minus currentOverall,all3Touch,0.05141242937853107,0.0,0.11893361581920904
2024Q2,L5-winnerB minus currentOverall,threePicksCoverage,0.0,0.0,0.0
2024Q2,L5-winnerB minus ATRbaseline,touch,0.33522656734947237,0.2458403165735568,0.4388888888888889
2024Q2,L5-winnerB minus ATRbaseline,L5,0.36331471135940413,0.29444444444444445,0.43333333333333335
2024Q2,L5-winnerB minus ATRbaseline,ANYnegativeD5,0.07001862197392927,-0.022222222222222254,0.22777777777777775
2024Q2,L5-winnerB minus ATRbaseline,D1bull,0.05819366852886404,0.0,0.09709497206703907
2024Q2,L5-winnerB minus ATRbaseline,FPtargetFirstLower,0.2849472377405339,0.20555555555555555,0.38333333333333336
2024Q2,L5-winnerB minus ATRbaseline,FPtargetFirstUpper,0.29612042209807576,0.21790735567970207,0.3889432029795158
2024Q2,L5-winnerB minus ATRbaseline,FPnegativeCertain,0.09236499068901305,-0.022222222222222147,0.2722222222222222
2024Q2,L5-winnerB minus ATRbaseline,FPnegativePossible,0.10353817504655494,-0.005555555555555536,0.2779166666666665
2024Q2,L5-winnerB minus ATRbaseline,FPloss5Certain,0.5477343265052763,0.4722222222222222,0.6445833333333333
2024Q2,L5-winnerB minus ATRbaseline,FPloss5Possible,0.5589075108628182,0.4833333333333333,0.6611111111111111
2024Q2,L5-winnerB minus ATRbaseline,FPambiguous,0.0111731843575419,0.0,0.027777777777777776
2024Q2,L5-winnerB minus ATRbaseline,FPstopBeforeLaterTouch,0.05027932960893855,0.027932960893854747,0.07777777777777778
2024Q2,L5-winnerB minus ATRbaseline,netD5,-0.0007122910989597938,-0.021557192738045263,0.015792977108353652
2024Q2,L5-winnerB minus ATRbaseline,FPnetLower,-0.0009548132497803042,-0.01549964967176687,0.008812427183669789
2024Q2,L5-winnerB minus ATRbaseline,FPnetUpper,0.0007211644038509814,-0.012877458235185494,0.010534908292565847
2024Q2,L5-winnerB minus ATRbaseline,targetOnlyNet,-0.004205952695851603,-0.022106793641002473,0.008234594188308774
2024Q2,L5-winnerB minus ATRbaseline,strictCoverage,-0.005555555555555536,-0.005555555555555536,0.0
2024Q2,L5-winnerB minus ATRbaseline,scoreAll3AtLeast70,0.0,0.0,0.0
2024Q2,L5-winnerB minus ATRbaseline,all3Touch,0.0847457627118644,0.03389830508474576,0.15
2024Q2,L5-winnerB minus ATRbaseline,threePicksCoverage,0.0,0.0,0.0
2024Q2,L0-winnerA minus currentOverall,touch,0.3277777777777778,0.22222222222222227,0.4277777777777778
2024Q2,L0-winnerA minus currentOverall,L5,0.06666666666666671,0.0055555555555555905,0.17777777777777776
2024Q2,L0-winnerA minus currentOverall,ANYnegativeD5,-0.14999999999999997,-0.21666666666666667,-0.05555555555555558
2024Q2,L0-winnerA minus currentOverall,D1bull,0.1111111111111111,0.08333333333333337,0.19444444444444448
2024Q2,L0-winnerA minus currentOverall,FPtargetFirstLower,0.20555555555555557,0.13333333333333333,0.30000000000000004
2024Q2,L0-winnerA minus currentOverall,FPtargetFirstUpper,0.19999999999999998,0.1222222222222222,0.3
2024Q2,L0-winnerA minus currentOverall,FPnegativeCertain,-0.10555555555555551,-0.18333333333333335,-0.02777777777777779
2024Q2,L0-winnerA minus currentOverall,FPnegativePossible,-0.11111111111111116,-0.18333333333333335,-0.03888888888888886
2024Q2,L0-winnerA minus currentOverall,FPloss5Certain,-0.011111111111111183,-0.0888888888888889,0.07777777777777772
2024Q2,L0-winnerA minus currentOverall,FPloss5Possible,-0.016666666666666607,-0.09444444444444439,0.061111111111111116
2024Q2,L0-winnerA minus currentOverall,FPambiguous,-0.005555555555555556,-0.016666666666666666,0.0
2024Q2,L0-winnerA minus currentOverall,FPstopBeforeLaterTouch,0.1222222222222222,0.07222222222222222,0.15555555555555556
2024Q2,L0-winnerA minus currentOverall,netD5,0.025208038232520172,-0.0005162695669127004,0.0420118390005138
2024Q2,L0-winnerA minus currentOverall,FPnetLower,0.020135947349607535,0.009698280772030853,0.032181122544414104
2024Q2,L0-winnerA minus currentOverall,FPnetUpper,0.019302614016274203,0.008028463721280747,0.031725874583122364
2024Q2,L0-winnerA minus currentOverall,targetOnlyNet,0.02279297129860829,0.001399160078228856,0.04136231956874374
2024Q2,L0-winnerA minus currentOverall,strictCoverage,0.0,0.0,0.0
2024Q2,L0-winnerA minus currentOverall,scoreAll3AtLeast70,-1.0,-1.0,-1.0
2024Q2,L0-winnerA minus currentOverall,all3Touch,0.15,0.06666666666666667,0.26666666666666666
2024Q2,L0-winnerA minus currentOverall,threePicksCoverage,0.0,0.0,0.0
2024Q2,L0-winnerA minus ATRbaseline,touch,0.5277777777777778,0.4277777777777778,0.6333333333333333
2024Q2,L0-winnerA minus ATRbaseline,L5,0.32222222222222224,0.21111111111111114,0.4388888888888889
2024Q2,L0-winnerA minus ATRbaseline,ANYnegativeD5,-0.04444444444444445,-0.1501388888888889,0.10555555555555557
2024Q2,L0-winnerA minus ATRbaseline,D1bull,0.08333333333333331,-0.011111111111111127,0.1555555555555555
2024Q2,L0-winnerA minus ATRbaseline,FPtargetFirstLower,0.38333333333333336,0.30000000000000004,0.49444444444444446
2024Q2,L0-winnerA minus ATRbaseline,FPtargetFirstUpper,0.3888888888888889,0.3055555555555555,0.4945833333333332
2024Q2,L0-winnerA minus ATRbaseline,FPnegativeCertain,0.02777777777777779,-0.05555555555555558,0.16111111111111115
2024Q2,L0-winnerA minus ATRbaseline,FPnegativePossible,0.033333333333333326,-0.050000000000000044,0.16666666666666669
2024Q2,L0-winnerA minus ATRbaseline,FPloss5Certain,0.49999999999999994,0.3998611111111111,0.6001388888888889
2024Q2,L0-winnerA minus ATRbaseline,FPloss5Possible,0.5055555555555556,0.4,0.6056944444444444
2024Q2,L0-winnerA minus ATRbaseline,FPambiguous,0.005555555555555556,0.0,0.016666666666666666
2024Q2,L0-winnerA minus ATRbaseline,FPstopBeforeLaterTouch,0.14444444444444443,0.08888888888888889,0.18333333333333332
2024Q2,L0-winnerA minus ATRbaseline,netD5,0.021804288521858166,-0.0026269541996472427,0.04383535743888305
2024Q2,L0-winnerA minus ATRbaseline,FPnetLower,0.011785597693793934,0.0015442090824787404,0.020502638665025438
2024Q2,L0-winnerA minus ATRbaseline,FPnetUpper,0.012618931027127267,0.0026427273776840074,0.021150431790822776
2024Q2,L0-winnerA minus ATRbaseline,targetOnlyNet,0.01764974820570733,-0.0008207800221082745,0.03125784078865575
2024Q2,L0-winnerA minus ATRbaseline,strictCoverage,0.0,0.0,0.0
2024Q2,L0-winnerA minus ATRbaseline,scoreAll3AtLeast70,0.0,0.0,0.0
2024Q2,L0-winnerA minus ATRbaseline,all3Touch,0.18333333333333332,0.08333333333333333,0.3
2024Q2,L0-winnerA minus ATRbaseline,threePicksCoverage,0.0,0.0,0.0
2024Q2,L0-winnerB minus currentOverall,touch,0.24444444444444446,0.16666666666666666,0.32777777777777783
2024Q2,L0-winnerB minus currentOverall,L5,0.1166666666666667,0.03888888888888886,0.2222222222222222
2024Q2,L0-winnerB minus currentOverall,ANYnegativeD5,-0.061111111111111116,-0.12777777777777788,0.01666666666666672
2024Q2,L0-winnerB minus currentOverall,D1bull,0.03888888888888886,0.011111111111111127,0.13333333333333336
2024Q2,L0-winnerB minus currentOverall,FPtargetFirstLower,0.11111111111111113,0.05555555555555555,0.17777777777777778
2024Q2,L0-winnerB minus currentOverall,FPtargetFirstUpper,0.1222222222222222,0.06111111111111109,0.18888888888888888
2024Q2,L0-winnerB minus currentOverall,FPnegativeCertain,-0.011111111111111072,-0.061111111111111116,0.03888888888888886
2024Q2,L0-winnerB minus currentOverall,FPnegativePossible,0.0,-0.04444444444444451,0.04444444444444451
2024Q2,L0-winnerB minus currentOverall,FPloss5Certain,0.08333333333333326,0.022222222222222254,0.1555555555555556
2024Q2,L0-winnerB minus currentOverall,FPloss5Possible,0.09444444444444444,0.03333333333333344,0.16666666666666663
2024Q2,L0-winnerB minus currentOverall,FPambiguous,0.011111111111111112,-0.011111111111111112,0.03333333333333333
2024Q2,L0-winnerB minus currentOverall,FPstopBeforeLaterTouch,0.13333333333333333,0.07777777777777778,0.19444444444444445
2024Q2,L0-winnerB minus currentOverall,netD5,0.002918681613667069,-0.01871103702127183,0.021877409819968382
2024Q2,L0-winnerB minus currentOverall,FPnetLower,0.004488951424092721,-0.0033719665547661593,0.012367297505929502
2024Q2,L0-winnerB minus currentOverall,FPnetUpper,0.006155618090759391,-0.0026427066413091086,0.01443460575575165
2024Q2,L0-winnerB minus currentOverall,targetOnlyNet,0.007580019572296462,-0.0050358988210083,0.026656427719989138
2024Q2,L0-winnerB minus currentOverall,strictCoverage,0.0,0.0,0.0
2024Q2,L0-winnerB minus currentOverall,scoreAll3AtLeast70,-1.0,-1.0,-1.0
2024Q2,L0-winnerB minus currentOverall,all3Touch,0.06666666666666668,-0.033333333333333326,0.13333333333333333
2024Q2,L0-winnerB minus currentOverall,threePicksCoverage,0.0,0.0,0.0
2024Q2,L0-winnerB minus ATRbaseline,touch,0.4444444444444445,0.3888888888888889,0.5277777777777778
2024Q2,L0-winnerB minus ATRbaseline,L5,0.37222222222222223,0.2722222222222222,0.45555555555555555
2024Q2,L0-winnerB minus ATRbaseline,ANYnegativeD5,0.0444444444444444,-0.07777777777777772,0.21666666666666667
2024Q2,L0-winnerB minus ATRbaseline,D1bull,0.011111111111111072,-0.07222222222222224,0.07777777777777778
2024Q2,L0-winnerB minus ATRbaseline,FPtargetFirstLower,0.2888888888888889,0.22777777777777777,0.37222222222222223
2024Q2,L0-winnerB minus ATRbaseline,FPtargetFirstUpper,0.3111111111111111,0.24999999999999997,0.39444444444444443
2024Q2,L0-winnerB minus ATRbaseline,FPnegativeCertain,0.12222222222222223,0.01097222222222219,0.2779166666666666
2024Q2,L0-winnerB minus ATRbaseline,FPnegativePossible,0.1444444444444445,0.03888888888888886,0.2945833333333332
2024Q2,L0-winnerB minus ATRbaseline,FPloss5Certain,0.5944444444444444,0.5,0.6834722222222221
2024Q2,L0-winnerB minus ATRbaseline,FPloss5Possible,0.6166666666666667,0.5166666666666667,0.7055555555555556
2024Q2,L0-winnerB minus ATRbaseline,FPambiguous,0.022222222222222223,0.005555555555555556,0.044444444444444446
2024Q2,L0-winnerB minus ATRbaseline,FPstopBeforeLaterTouch,0.15555555555555556,0.12222222222222222,0.20555555555555555
2024Q2,L0-winnerB minus ATRbaseline,netD5,-0.00048506809699493765,-0.022071985736214796,0.025078037669333857
2024Q2,L0-winnerB minus ATRbaseline,FPnetLower,-0.0038613982317208806,-0.013875569487189947,0.005228630129655169
2024Q2,L0-winnerB minus ATRbaseline,FPnetUpper,-0.0005280648983875453,-0.01107477070691039,0.008167021243325417
2024Q2,L0-winnerB minus ATRbaseline,targetOnlyNet,0.002436796479395501,-0.012200320431851566,0.02248467158405421
2024Q2,L0-winnerB minus ATRbaseline,strictCoverage,0.0,0.0,0.0
2024Q2,L0-winnerB minus ATRbaseline,scoreAll3AtLeast70,0.0,0.0,0.0
2024Q2,L0-winnerB minus ATRbaseline,all3Touch,0.1,0.03333333333333333,0.15
2024Q2,L0-winnerB minus ATRbaseline,threePicksCoverage,0.0,0.0,0.0
2024Q2,FP-winnerFP minus currentOverall,touch,0.04999999999999999,-0.05555555555555555,0.1388888888888889
2024Q2,FP-winnerFP minus currentOverall,L5,0.0,-0.07222222222222224,0.06666666666666668
2024Q2,FP-winnerFP minus currentOverall,ANYnegativeD5,-0.05555555555555547,-0.1777777777777778,0.03902777777777773
2024Q2,FP-winnerFP minus currentOverall,D1bull,-0.005555555555555536,-0.07222222222222219,0.08333333333333337
2024Q2,FP-winnerFP minus currentOverall,FPtargetFirstLower,-0.005555555555555536,-0.08888888888888888,0.06666666666666665
2024Q2,FP-winnerFP minus currentOverall,FPtargetFirstUpper,-0.005555555555555564,-0.08347222222222223,0.061111111111111116
2024Q2,FP-winnerFP minus currentOverall,FPnegativeCertain,-0.016666666666666607,-0.12222222222222212,0.06666666666666665
2024Q2,FP-winnerFP minus currentOverall,FPnegativePossible,-0.01666666666666672,-0.1166666666666667,0.06666666666666665
2024Q2,FP-winnerFP minus currentOverall,FPloss5Certain,-0.05555555555555558,-0.15013888888888896,0.022222222222222254
2024Q2,FP-winnerFP minus currentOverall,FPloss5Possible,-0.05555555555555558,-0.1555555555555555,0.022222222222222254
2024Q2,FP-winnerFP minus currentOverall,FPambiguous,0.0,-0.005694444444444438,0.005555555555555557
2024Q2,FP-winnerFP minus currentOverall,FPstopBeforeLaterTouch,0.05555555555555555,0.011111111111111113,0.09458333333333321
2024Q2,FP-winnerFP minus currentOverall,netD5,0.0022138615572907415,-0.020036949032542967,0.022722088589623466
2024Q2,FP-winnerFP minus currentOverall,FPnetLower,0.0010430892326438092,-0.009887714905619486,0.010659834863311062
2024Q2,FP-winnerFP minus currentOverall,FPnetUpper,0.001043089232643811,-0.009794026948948358,0.010410705710717342
2024Q2,FP-winnerFP minus currentOverall,targetOnlyNet,0.007588925316329375,-0.010940891706303451,0.029875065297564445
2024Q2,FP-winnerFP minus currentOverall,strictCoverage,0.0,0.0,0.0
2024Q2,FP-winnerFP minus currentOverall,scoreAll3AtLeast70,-1.0,-1.0,-1.0
2024Q2,FP-winnerFP minus currentOverall,all3Touch,-0.016666666666666666,-0.06666666666666667,0.05
2024Q2,FP-winnerFP minus currentOverall,threePicksCoverage,0.0,0.0,0.0
2024Q2,FP-winnerFP minus ATRbaseline,touch,0.24999999999999997,0.2,0.3111111111111111
2024Q2,FP-winnerFP minus ATRbaseline,L5,0.25555555555555554,0.17222222222222222,0.31680555555555545
2024Q2,FP-winnerFP minus ATRbaseline,ANYnegativeD5,0.050000000000000044,-0.08333333333333326,0.18888888888888888
2024Q2,FP-winnerFP minus ATRbaseline,D1bull,-0.033333333333333326,-0.1388888888888889,0.016666666666666663
2024Q2,FP-winnerFP minus ATRbaseline,FPtargetFirstLower,0.17222222222222222,0.12777777777777777,0.2111111111111111
2024Q2,FP-winnerFP minus ATRbaseline,FPtargetFirstUpper,0.18333333333333332,0.15,0.21666666666666667
2024Q2,FP-winnerFP minus ATRbaseline,FPnegativeCertain,0.1166666666666667,0.005555555555555536,0.26124999999999987
2024Q2,FP-winnerFP minus ATRbaseline,FPnegativePossible,0.12777777777777777,0.022083333333333264,0.2722222222222222
2024Q2,FP-winnerFP minus ATRbaseline,FPloss5Certain,0.45555555555555555,0.33333333333333337,0.5388888888888889
2024Q2,FP-winnerFP minus ATRbaseline,FPloss5Possible,0.4666666666666666,0.34444444444444444,0.5555555555555556
2024Q2,FP-winnerFP minus ATRbaseline,FPambiguous,0.011111111111111112,0.0,0.03333333333333333
2024Q2,FP-winnerFP minus ATRbaseline,FPstopBeforeLaterTouch,0.07777777777777778,0.03888888888888889,0.11680555555555543
2024Q2,FP-winnerFP minus ATRbaseline,netD5,-0.0011898881533712654,-0.014600047542385699,0.011105470879190081
2024Q2,FP-winnerFP minus ATRbaseline,FPnetLower,-0.007307260423169792,-0.016437959086234338,-0.00036342016586982963
2024Q2,FP-winnerFP minus ATRbaseline,FPnetUpper,-0.005640593756503125,-0.01342633675542824,0.0005110418799156434
2024Q2,FP-winnerFP minus ATRbaseline,targetOnlyNet,0.002445702223428414,-0.010325307680602497,0.01573358659030541
2024Q2,FP-winnerFP minus ATRbaseline,strictCoverage,0.0,0.0,0.0
2024Q2,FP-winnerFP minus ATRbaseline,scoreAll3AtLeast70,0.0,0.0,0.0
2024Q2,FP-winnerFP minus ATRbaseline,all3Touch,0.016666666666666666,0.0,0.05
2024Q2,FP-winnerFP minus ATRbaseline,threePicksCoverage,0.0,0.0,0.0
2024Q3,L5-winnerA minus currentOverall,touch,0.20408343125734432,0.08852851799906498,0.28195838752554775
2024Q3,L5-winnerA minus currentOverall,L5,0.08460634547591073,-0.009366076159782062,0.20805321318145217
2024Q3,L5-winnerA minus currentOverall,ANYnegativeD5,-0.030199764982373756,-0.10965975626604918,0.07817342396146752
2024Q3,L5-winnerA minus currentOverall,D1bull,-0.0024970622796709474,-0.10846774193548385,0.07236980767123549
2024Q3,L5-winnerA minus currentOverall,FPtargetFirstLower,0.13939482961222094,0.039198634117988976,0.1935920975323149
2024Q3,L5-winnerA minus currentOverall,FPtargetFirstUpper,0.1501762632197415,0.04179833497592965,0.2206989267162456
2024Q3,L5-winnerA minus currentOverall,FPnegativeCertain,-0.019506462984723916,-0.10140982935951377,0.10211281319889304
2024Q3,L5-winnerA minus currentOverall,FPnegativePossible,-0.008725029377203208,-0.07530926484390264,0.09934256661991585
2024Q3,L5-winnerA minus currentOverall,FPloss5Certain,0.07840775558166868,-0.032394365185202216,0.23121403661726236
2024Q3,L5-winnerA minus currentOverall,FPloss5Possible,0.08918918918918917,-0.0108100842778262,0.22697651719040218
2024Q3,L5-winnerA minus currentOverall,FPambiguous,0.010781433607520565,-0.005852789164141858,0.03226242371403661
2024Q3,L5-winnerA minus currentOverall,FPstopBeforeLaterTouch,0.06468860164512338,0.0373896233941816,0.10831965530126729
2024Q3,L5-winnerA minus currentOverall,netD5,0.012582504075894936,-0.01860018833810551,0.03551968858852577
2024Q3,L5-winnerA minus currentOverall,FPnetLower,0.006590577199643654,-0.009112959218469227,0.016626424489143924
2024Q3,L5-winnerA minus currentOverall,FPnetUpper,0.008207792240771738,-0.008921212206433953,0.020787374407249915
2024Q3,L5-winnerA minus currentOverall,targetOnlyNet,-0.004329010930368037,-0.03516232092591527,0.012729272037475295
2024Q3,L5-winnerA minus currentOverall,strictCoverage,0.005376344086021501,-0.016129032258064502,0.026881720430107503
2024Q3,L5-winnerA minus currentOverall,scoreAll3AtLeast70,-0.967741935483871,-1.0,-0.9028225806451616
2024Q3,L5-winnerA minus currentOverall,all3Touch,0.048087431693989074,-0.03602399636099634,0.09415322580645157
2024Q3,L5-winnerA minus currentOverall,threePicksCoverage,0.0,0.0,0.0
2024Q3,L5-winnerA minus ATRbaseline,touch,0.43251961639058417,0.32978491430104334,0.5161290322580645
2024Q3,L5-winnerA minus ATRbaseline,L5,0.3679163034001744,0.23313789596047665,0.5125541786025657
2024Q3,L5-winnerA minus ATRbaseline,ANYnegativeD5,0.04600406858471373,-0.08066123188405795,0.17379762739597937
2024Q3,L5-winnerA minus ATRbaseline,D1bull,-0.013658820110433012,-0.14707393578711953,0.10215053763440857
2024Q3,L5-winnerA minus ATRbaseline,FPtargetFirstLower,0.33522231909328687,0.24335876198779424,0.40322580645161293
2024Q3,L5-winnerA minus ATRbaseline,FPtargetFirstUpper,0.3514385353095031,0.25948864053702764,0.42479148503342046
2024Q3,L5-winnerA minus ATRbaseline,FPnegativeCertain,0.07843650101714617,-0.03492215041128083,0.20101266852406394
2024Q3,L5-winnerA minus ATRbaseline,FPnegativePossible,0.09465271723336244,-0.009867488254814922,0.2116920874240299
2024Q3,L5-winnerA minus ATRbaseline,FPloss5Certain,0.4600697471665214,0.2526206044754432,0.62886039132734
2024Q3,L5-winnerA minus ATRbaseline,FPloss5Possible,0.47628596338273754,0.27419354838709675,0.6419306675092089
2024Q3,L5-winnerA minus ATRbaseline,FPambiguous,0.016216216216216217,0.005405405405405406,0.032432432432432434
2024Q3,L5-winnerA minus ATRbaseline,FPstopBeforeLaterTouch,0.0972972972972973,0.06989247311827956,0.1358695652173913
2024Q3,L5-winnerA minus ATRbaseline,netD5,-0.0018443420919389143,-0.04010009243796142,0.02902451962285593
2024Q3,L5-winnerA minus ATRbaseline,FPnetLower,0.004315929343360382,-0.011713427279747403,0.018055874633282887
2024Q3,L5-winnerA minus ATRbaseline,FPnetUpper,0.006748361775792813,-0.010422496637242686,0.021540904770115624
2024Q3,L5-winnerA minus ATRbaseline,targetOnlyNet,-0.010132814678307726,-0.04628503558268133,0.012580398572794416
2024Q3,L5-winnerA minus ATRbaseline,strictCoverage,-0.005376344086021501,-0.016129032258064502,0.0
2024Q3,L5-winnerA minus ATRbaseline,scoreAll3AtLeast70,0.03225806451612903,0.0,0.09717741935483834
2024Q3,L5-winnerA minus ATRbaseline,all3Touch,0.11475409836065574,0.04838709677419355,0.1774193548387097
2024Q3,L5-winnerA minus ATRbaseline,threePicksCoverage,0.0,0.0,0.0
2024Q3,L5-winnerB minus currentOverall,touch,0.1824618096357227,0.11343681802920938,0.24037819990397125
2024Q3,L5-winnerB minus currentOverall,L5,0.06839012925969451,-5.7285546415977235e-05,0.21261855589063414
2024Q3,L5-winnerB minus currentOverall,ANYnegativeD5,0.00763807285546414,-0.08578981762015095,0.11767520334416154
2024Q3,L5-winnerB minus currentOverall,D1bull,-0.02411868390129257,-0.07297444183313746,0.03804493922393642
2024Q3,L5-winnerB minus currentOverall,FPtargetFirstLower,0.1015569917743831,0.0199489136752461,0.15391047466520819
2024Q3,L5-winnerB minus currentOverall,FPtargetFirstUpper,0.10152761457109286,0.02821345539087477,0.1538273622619667
2024Q3,L5-winnerB minus currentOverall,FPnegativeCertain,-0.003290246768507643,-0.0621056362991846,0.0758598811193481
2024Q3,L5-winnerB minus currentOverall,FPnegativePossible,-0.003319623971797858,-0.06124619359892851,0.07939309199181477
2024Q3,L5-winnerB minus currentOverall,FPloss5Certain,0.06759694477085787,-0.019217831962397222,0.1788963884992988
2024Q3,L5-winnerB minus currentOverall,FPloss5Possible,0.06756756756756754,-0.018541848299912837,0.17385123289488635
2024Q3,L5-winnerB minus currentOverall,FPambiguous,-2.9377203290246318e-05,-0.016304347826086956,0.016216216216216217
2024Q3,L5-winnerB minus currentOverall,FPstopBeforeLaterTouch,0.0809048178613396,0.05434411380375386,0.10831226387678002
2024Q3,L5-winnerB minus currentOverall,netD5,0.01590835752569368,-0.01667724515781612,0.03939959784618277
2024Q3,L5-winnerB minus currentOverall,FPnetLower,0.004803865734321648,-0.008301382934762621,0.016000022670689833
2024Q3,L5-winnerB minus currentOverall,FPnetUpper,0.004799459153828111,-0.007174436080953519,0.015576138562867462
2024Q3,L5-winnerB minus currentOverall,targetOnlyNet,0.0068232076833298575,-0.013651425807105141,0.020036352405637455
2024Q3,L5-winnerB minus currentOverall,strictCoverage,0.005376344086021501,-0.016129032258064502,0.026881720430107503
2024Q3,L5-winnerB minus currentOverall,scoreAll3AtLeast70,-1.0,-1.0,-1.0
2024Q3,L5-winnerB minus currentOverall,all3Touch,-0.033879781420765025,-0.10053785475057289,0.011926942634673426
2024Q3,L5-winnerB minus currentOverall,threePicksCoverage,0.0,0.0,0.0
2024Q3,L5-winnerB minus ATRbaseline,touch,0.41089799476896255,0.3676547515257193,0.4647452846818262
2024Q3,L5-winnerB minus ATRbaseline,L5,0.3517000871839582,0.2600951758209823,0.48680769743831614
2024Q3,L5-winnerB minus ATRbaseline,ANYnegativeD5,0.08384190642255163,-0.026881720430107503,0.1985765908690288
2024Q3,L5-winnerB minus ATRbaseline,D1bull,-0.035280441732054635,-0.08393072210232443,0.03764025245441797
2024Q3,L5-winnerB minus ATRbaseline,FPtargetFirstLower,0.29738448125544903,0.25408238884045337,0.3569244121400503
2024Q3,L5-winnerB minus ATRbaseline,FPtargetFirstUpper,0.30278988666085443,0.2633765778401122,0.3608364181209237
2024Q3,L5-winnerB minus ATRbaseline,FPnegativeCertain,0.09465271723336244,0.02431052019761696,0.16263733052828427
2024Q3,L5-winnerB minus ATRbaseline,FPnegativePossible,0.10005812263876779,0.032258064516129004,0.16666666666666669
2024Q3,L5-winnerB minus ATRbaseline,FPloss5Certain,0.44925893635571057,0.3041920953211276,0.5699202314165498
2024Q3,L5-winnerB minus ATRbaseline,FPloss5Possible,0.4546643417611159,0.3094994187736123,0.5806831463300607
2024Q3,L5-winnerB minus ATRbaseline,FPambiguous,0.005405405405405406,0.0,0.016304347826086956
2024Q3,L5-winnerB minus ATRbaseline,FPstopBeforeLaterTouch,0.11351351351351352,0.08108108108108109,0.15055797733217086
2024Q3,L5-winnerB minus ATRbaseline,netD5,0.0014815113578598316,-0.037371531149498795,0.033585557750705854
2024Q3,L5-winnerB minus ATRbaseline,FPnetLower,0.0025292178780383762,-0.005728795668941582,0.011787521367041552
2024Q3,L5-winnerB minus ATRbaseline,FPnetUpper,0.0033400286888491866,-0.0041694670061388165,0.011980975546828459
2024Q3,L5-winnerB minus ATRbaseline,targetOnlyNet,0.0010194039353901684,-0.021890804398921257,0.013689952057703934
2024Q3,L5-winnerB minus ATRbaseline,strictCoverage,-0.005376344086021501,-0.016129032258064502,0.0
2024Q3,L5-winnerB minus ATRbaseline,scoreAll3AtLeast70,0.0,0.0,0.0
2024Q3,L5-winnerB minus ATRbaseline,all3Touch,0.03278688524590164,0.0,0.08196721311475409
2024Q3,L5-winnerB minus ATRbaseline,threePicksCoverage,0.0,0.0,0.0
2024Q3,L0-winnerA minus currentOverall,touch,0.16403693314633008,0.07188668770453484,0.2486763743043489
2024Q3,L0-winnerA minus currentOverall,L5,0.033894343151005146,-0.03539229587616682,0.17741935483870963
2024Q3,L0-winnerA minus currentOverall,ANYnegativeD5,-0.01706404862085087,-0.12906586021505376,0.0864432923707117
2024Q3,L0-winnerA minus currentOverall,D1bull,0.05417251051893407,-0.016129032258064502,0.11052353252247493
2024Q3,L0-winnerA minus currentOverall,FPtargetFirstLower,0.11062412342215988,0.029039173289699228,0.1827956989247312
2024Q3,L0-winnerA minus currentOverall,FPtargetFirstUpper,0.11056568489948573,0.029448632538569452,0.1827956989247312
2024Q3,L0-winnerA minus currentOverall,FPnegativeCertain,0.009583917718560042,-0.09677419354838701,0.12418130818476547
2024Q3,L0-winnerA minus currentOverall,FPnegativePossible,0.009525479195885977,-0.09153225806451615,0.12845225572697516
2024Q3,L0-winnerA minus currentOverall,FPloss5Certain,0.0753272557269753,-0.037634408602150504,0.21086423511037816
2024Q3,L0-winnerA minus currentOverall,FPloss5Possible,0.07526881720430112,-0.03377496159754225,0.20529014726507702
2024Q3,L0-winnerA minus currentOverall,FPambiguous,-5.843852267414622e-05,-0.016131211857018306,0.016129032258064516
2024Q3,L0-winnerA minus currentOverall,FPstopBeforeLaterTouch,0.05341280972417018,-0.00578687470780739,0.11801668405581678
2024Q3,L0-winnerA minus currentOverall,netD5,0.014561363312758086,-0.015833101930791897,0.03712801907744893
2024Q3,L0-winnerA minus currentOverall,FPnetLower,0.0036271785445088746,-0.010686858312992807,0.01709642459897635
2024Q3,L0-winnerA minus currentOverall,FPnetUpper,0.0036184127661077524,-0.010942245538098083,0.017021406733480515
2024Q3,L0-winnerA minus currentOverall,targetOnlyNet,3.076837685681271e-05,-0.027083255089085524,0.01588719187595798
2024Q3,L0-winnerA minus currentOverall,strictCoverage,0.010752688172043001,0.0,0.032258064516129004
2024Q3,L0-winnerA minus currentOverall,scoreAll3AtLeast70,-0.9838709677419355,-1.0,-0.9516129032258065
2024Q3,L0-winnerA minus currentOverall,all3Touch,-0.002150537634408603,-0.08732924497004468,0.06451612903225808
2024Q3,L0-winnerA minus currentOverall,threePicksCoverage,0.0,0.0,0.0
2024Q3,L0-winnerA minus ATRbaseline,touch,0.39247311827956993,0.3172043010752688,0.467741935483871
2024Q3,L0-winnerA minus ATRbaseline,L5,0.3172043010752688,0.22043010752688172,0.46236559139784944
2024Q3,L0-winnerA minus ATRbaseline,ANYnegativeD5,0.05913978494623662,-0.07526881720430112,0.17217741935483866
2024Q3,L0-winnerA minus ATRbaseline,D1bull,0.043010752688172005,-0.032258064516129004,0.11290322580645157
2024Q3,L0-winnerA minus ATRbaseline,FPtargetFirstLower,0.3064516129032258,0.25268817204301075,0.3602150537634409
2024Q3,L0-winnerA minus ATRbaseline,FPtargetFirstUpper,0.3118279569892473,0.25806451612903225,0.3709677419354839
2024Q3,L0-winnerA minus ATRbaseline,FPnegativeCertain,0.10752688172043012,-0.01626344086021503,0.2096774193548387
2024Q3,L0-winnerA minus ATRbaseline,FPnegativePossible,0.11290322580645162,-0.005510752688172139,0.2150537634408602
2024Q3,L0-winnerA minus ATRbaseline,FPloss5Certain,0.456989247311828,0.25806451612903225,0.6129032258064516
2024Q3,L0-winnerA minus ATRbaseline,FPloss5Possible,0.4623655913978495,0.26868279569892467,0.6182795698924731
2024Q3,L0-winnerA minus ATRbaseline,FPambiguous,0.005376344086021506,0.0,0.016129032258064516
2024Q3,L0-winnerA minus ATRbaseline,FPstopBeforeLaterTouch,0.08602150537634409,0.03225806451612903,0.13978494623655913
2024Q3,L0-winnerA minus ATRbaseline,netD5,0.0001345171449242355,-0.03620985274889525,0.031253250614642625
2024Q3,L0-winnerA minus ATRbaseline,FPnetLower,0.0013525306882256026,-0.01004524497354187,0.015304310656133953
2024Q3,L0-winnerA minus ATRbaseline,FPnetUpper,0.002158982301128828,-0.009780370147479534,0.016482169316129582
2024Q3,L0-winnerA minus ATRbaseline,targetOnlyNet,-0.005773035371082876,-0.03740269441531847,0.014180379608036114
2024Q3,L0-winnerA minus ATRbaseline,strictCoverage,0.0,0.0,0.0
2024Q3,L0-winnerA minus ATRbaseline,scoreAll3AtLeast70,0.016129032258064516,0.0,0.04838709677419355
2024Q3,L0-winnerA minus ATRbaseline,all3Touch,0.06451612903225806,0.0,0.14516129032258066
2024Q3,L0-winnerA minus ATRbaseline,threePicksCoverage,0.0,0.0,0.0
2024Q3,L0-winnerB minus currentOverall,touch,0.17478962131837308,0.09299466772430813,0.21739860916316037
2024Q3,L0-winnerB minus currentOverall,L5,0.08228143992519871,0.005721326164874519,0.21505376344086025
2024Q3,L0-winnerB minus currentOverall,ANYnegativeD5,0.009817671809256634,-0.05913978494623651,0.09736889652741053
2024Q3,L0-winnerB minus currentOverall,D1bull,-0.031848994857409996,-0.12880434782608693,0.04443459766040411
2024Q3,L0-winnerB minus currentOverall,FPtargetFirstLower,0.10524777933613838,0.024818840579710136,0.15591397849462363
2024Q3,L0-winnerB minus currentOverall,FPtargetFirstUpper,0.09981299672744273,0.015164196454519021,0.1545255739610578
2024Q3,L0-winnerB minus currentOverall,FPnegativeCertain,0.0042075736325385416,-0.0663028868630201,0.09552185600748014
2024Q3,L0-winnerB minus currentOverall,FPnegativePossible,-0.0012272089761570237,-0.06989247311827962,0.08521505376344087
2024Q3,L0-winnerB minus currentOverall,FPloss5Certain,0.0860799438990183,0.0,0.19358052828424488
2024Q3,L0-winnerB minus currentOverall,FPloss5Possible,0.08064516129032262,-0.0015110532291457259,0.18009444928799764
2024Q3,L0-winnerB minus currentOverall,FPambiguous,-0.005434782608695652,-0.01639344262295082,0.0
2024Q3,L0-winnerB minus currentOverall,FPstopBeforeLaterTouch,0.0695418419822347,0.03763440860215053,0.09654388259226968
2024Q3,L0-winnerB minus currentOverall,netD5,0.0027959170204865554,-0.027836980161552106,0.02330792189304729
2024Q3,L0-winnerB minus currentOverall,FPnetLower,0.003353366073779714,-0.007932438763826653,0.012229041394063543
2024Q3,L0-winnerB minus currentOverall,FPnetUpper,0.0025381486824753666,-0.010020713415313043,0.011948396277431068
2024Q3,L0-winnerB minus currentOverall,targetOnlyNet,-0.0025561354860440862,-0.025494101760647245,0.007368193438075876
2024Q3,L0-winnerB minus currentOverall,strictCoverage,0.010752688172043001,0.0,0.032258064516129004
2024Q3,L0-winnerB minus currentOverall,scoreAll3AtLeast70,-1.0,-1.0,-1.0
2024Q3,L0-winnerB minus currentOverall,all3Touch,0.046236559139784944,-0.016129032258064516,0.09677419354838711
2024Q3,L0-winnerB minus currentOverall,threePicksCoverage,0.0,0.0,0.0
2024Q3,L0-winnerB minus ATRbaseline,touch,0.40322580645161293,0.2956989247311828,0.489247311827957
2024Q3,L0-winnerB minus ATRbaseline,L5,0.3655913978494624,0.26881720430107525,0.510752688172043
2024Q3,L0-winnerB minus ATRbaseline,ANYnegativeD5,0.08602150537634412,-0.026881720430107503,0.1774193548387097
2024Q3,L0-winnerB minus ATRbaseline,D1bull,-0.04301075268817206,-0.15591397849462363,0.04838709677419356
2024Q3,L0-winnerB minus ATRbaseline,FPtargetFirstLower,0.3010752688172043,0.19354838709677422,0.38709677419354843
2024Q3,L0-winnerB minus ATRbaseline,FPtargetFirstUpper,0.3010752688172043,0.19354838709677422,0.38709677419354843
2024Q3,L0-winnerB minus ATRbaseline,FPnegativeCertain,0.10215053763440862,0.010618279569892475,0.17741935483870963
2024Q3,L0-winnerB minus ATRbaseline,FPnegativePossible,0.10215053763440862,0.010618279569892475,0.17741935483870963
2024Q3,L0-winnerB minus ATRbaseline,FPloss5Certain,0.467741935483871,0.27419354838709675,0.623790322580645
2024Q3,L0-winnerB minus ATRbaseline,FPloss5Possible,0.467741935483871,0.27419354838709675,0.623790322580645
2024Q3,L0-winnerB minus ATRbaseline,FPambiguous,0.0,0.0,0.0
2024Q3,L0-winnerB minus ATRbaseline,FPstopBeforeLaterTouch,0.10215053763440861,0.06451612903225806,0.13440860215053763
2024Q3,L0-winnerB minus ATRbaseline,netD5,-0.011630929147347296,-0.0505862600540873,0.01836401430436613
2024Q3,L0-winnerB minus ATRbaseline,FPnetLower,0.0010787182174964423,-0.013335093167183837,0.01608569793954418
2024Q3,L0-winnerB minus ATRbaseline,FPnetUpper,0.0010787182174964423,-0.013335093167183837,0.01608569793954418
2024Q3,L0-winnerB minus ATRbaseline,targetOnlyNet,-0.008359939233983775,-0.03771703945596325,0.008164935259196683
2024Q3,L0-winnerB minus ATRbaseline,strictCoverage,0.0,0.0,0.0
2024Q3,L0-winnerB minus ATRbaseline,scoreAll3AtLeast70,0.0,0.0,0.0
2024Q3,L0-winnerB minus ATRbaseline,all3Touch,0.11290322580645161,0.04838709677419355,0.1774193548387097
2024Q3,L0-winnerB minus ATRbaseline,threePicksCoverage,0.0,0.0,0.0
2024Q3,FP-winnerFP minus currentOverall,touch,0.05113370733987846,-0.10566269284712483,0.1828267162944582
2024Q3,FP-winnerFP minus currentOverall,L5,0.033894343151005146,-0.04231182795698927,0.15053763440860213
2024Q3,FP-winnerFP minus currentOverall,ANYnegativeD5,0.020570359981299635,-0.11827956989247312,0.18279569892473124
2024Q3,FP-winnerFP minus currentOverall,D1bull,-0.010343618513323993,-0.08863993025283352,0.04903284244974287
2024Q3,FP-winnerFP minus currentOverall,FPtargetFirstLower,0.04610799438990182,-0.09624999999999999,0.16242467210209147
2024Q3,FP-winnerFP minus currentOverall,FPtargetFirstUpper,0.04067321178120617,-0.10328060779673683,0.15591397849462366
2024Q3,FP-winnerFP minus currentOverall,FPnegativeCertain,0.036465638148667545,-0.08205499064983644,0.17217741935483855
2024Q3,FP-winnerFP minus currentOverall,FPnegativePossible,0.03103085553997198,-0.0874897732585321,0.1690530880047009
2024Q3,FP-winnerFP minus currentOverall,FPloss5Certain,0.0699509116409538,-0.054358052828424513,0.2204301075268817
2024Q3,FP-winnerFP minus currentOverall,FPloss5Possible,0.06451612903225812,-0.055070376678020456,0.2096774193548387
2024Q3,FP-winnerFP minus currentOverall,FPambiguous,-0.005434782608695652,-0.01639344262295082,0.0
2024Q3,FP-winnerFP minus currentOverall,FPstopBeforeLaterTouch,0.005025712949976627,-0.01665497896213184,0.02688172043010753
2024Q3,FP-winnerFP minus currentOverall,netD5,0.009785176772552754,-0.021669015280232923,0.030645604070739144
2024Q3,FP-winnerFP minus currentOverall,FPnetLower,-0.002010019339705398,-0.022789010985659112,0.01517114766722955
2024Q3,FP-winnerFP minus currentOverall,FPnetUpper,-0.0028252367310097454,-0.023371262359939134,0.014269623419515475
2024Q3,FP-winnerFP minus currentOverall,targetOnlyNet,-0.0030063743285223335,-0.03102645824727373,0.017219558595956124
2024Q3,FP-winnerFP minus currentOverall,strictCoverage,0.010752688172043001,0.0,0.032258064516129004
2024Q3,FP-winnerFP minus currentOverall,scoreAll3AtLeast70,-0.9838709677419355,-1.0,-0.9516129032258065
2024Q3,FP-winnerFP minus currentOverall,all3Touch,0.03010752688172043,-0.05272416621104428,0.0967741935483871
2024Q3,FP-winnerFP minus currentOverall,threePicksCoverage,0.0,0.0,0.0
2024Q3,FP-winnerFP minus ATRbaseline,touch,0.2795698924731183,0.17190860215053763,0.3709677419354839
2024Q3,FP-winnerFP minus ATRbaseline,L5,0.3172043010752688,0.23655913978494622,0.41935483870967744
2024Q3,FP-winnerFP minus ATRbaseline,ANYnegativeD5,0.09677419354838712,-0.037634408602150615,0.23655913978494625
2024Q3,FP-winnerFP minus ATRbaseline,D1bull,-0.021505376344086058,-0.08602150537634407,0.04301075268817206
2024Q3,FP-winnerFP minus ATRbaseline,FPtargetFirstLower,0.24193548387096775,0.1504032258064516,0.32795698924731187
2024Q3,FP-winnerFP minus ATRbaseline,FPtargetFirstUpper,0.24193548387096775,0.1504032258064516,0.32795698924731187
2024Q3,FP-winnerFP minus ATRbaseline,FPnegativeCertain,0.13440860215053763,0.016129032258064502,0.2634408602150537
2024Q3,FP-winnerFP minus ATRbaseline,FPnegativePossible,0.13440860215053763,0.016129032258064502,0.2634408602150537
2024Q3,FP-winnerFP minus ATRbaseline,FPloss5Certain,0.4516129032258065,0.3010752688172043,0.5913978494623655
2024Q3,FP-winnerFP minus ATRbaseline,FPloss5Possible,0.4516129032258065,0.3010752688172043,0.5913978494623655
2024Q3,FP-winnerFP minus ATRbaseline,FPambiguous,0.0,0.0,0.0
2024Q3,FP-winnerFP minus ATRbaseline,FPstopBeforeLaterTouch,0.03763440860215054,0.016129032258064516,0.053763440860215055
2024Q3,FP-winnerFP minus ATRbaseline,netD5,-0.004641669395281095,-0.03058646723793051,0.015730077016822632
2024Q3,FP-winnerFP minus ATRbaseline,FPnetLower,-0.00428466719598867,-0.019133117675104453,0.008621830965776338
2024Q3,FP-winnerFP minus ATRbaseline,FPnetUpper,-0.00428466719598867,-0.019133117675104453,0.008621830965776338
2024Q3,FP-winnerFP minus ATRbaseline,targetOnlyNet,-0.008810178076462023,-0.030823535169817975,0.006518459541617974
2024Q3,FP-winnerFP minus ATRbaseline,strictCoverage,0.0,0.0,0.0
2024Q3,FP-winnerFP minus ATRbaseline,scoreAll3AtLeast70,0.016129032258064516,0.0,0.04838709677419355
2024Q3,FP-winnerFP minus ATRbaseline,all3Touch,0.0967741935483871,0.03225806451612903,0.16129032258064516
2024Q3,FP-winnerFP minus ATRbaseline,threePicksCoverage,0.0,0.0,0.0
2024Q4,L5-winnerA minus currentOverall,touch,0.24872395364198646,0.14432684801537257,0.3707855191256831
2024Q4,L5-winnerA minus currentOverall,L5,0.1610220380712184,0.033562667934667785,0.26236864228667506
2024Q4,L5-winnerA minus currentOverall,ANYnegativeD5,-0.04038311415360585,-0.16628720979379885,0.07655782990671127
2024Q4,L5-winnerA minus currentOverall,D1bull,0.057226926079385065,0.005005585242882581,0.1147540983606557
2024Q4,L5-winnerA minus currentOverall,FPtargetFirstLower,0.12196000720590883,0.05721156127029689,0.21311475409836064
2024Q4,L5-winnerA minus currentOverall,FPtargetFirstUpper,0.13856362217017956,0.0617899177325407,0.22404371584699453
2024Q4,L5-winnerA minus currentOverall,FPnegativeCertain,-0.018435116795772588,-0.10867146695649543,0.0528741067675494
2024Q4,L5-winnerA minus currentOverall,FPnegativePossible,-0.001831501831501825,-0.10382513661202186,0.06422975403366671
2024Q4,L5-winnerA minus currentOverall,FPloss5Certain,0.10178346243920011,0.0011759200555505195,0.1818162606044139
2024Q4,L5-winnerA minus currentOverall,FPloss5Possible,0.11838707740347076,0.00457368862692136,0.195160031225605
2024Q4,L5-winnerA minus currentOverall,FPambiguous,0.016603614964270704,-0.02185792349726776,0.0550351288056206
2024Q4,L5-winnerA minus currentOverall,FPstopBeforeLaterTouch,0.12676394643607758,0.05061350998426445,0.18935109289617486
2024Q4,L5-winnerA minus currentOverall,netD5,-0.001992343680382421,-0.033096532434773486,0.03790578024656393
2024Q4,L5-winnerA minus currentOverall,FPnetLower,0.004201556701068412,-0.006059127911930952,0.018251033593895696
2024Q4,L5-winnerA minus currentOverall,FPnetUpper,0.006692098945709016,-0.004351913116192599,0.019726762696509383
2024Q4,L5-winnerA minus currentOverall,targetOnlyNet,0.0031503052443911895,-0.02230380764481827,0.03481225540763702
2024Q4,L5-winnerA minus currentOverall,strictCoverage,-0.005464480874316946,-0.016393442622950838,0.0
2024Q4,L5-winnerA minus currentOverall,scoreAll3AtLeast70,-0.9836065573770492,-1.0,-0.9508196721311475
2024Q4,L5-winnerA minus currentOverall,all3Touch,0.10081967213114754,0.01978518937252685,0.19672131147540983
2024Q4,L5-winnerA minus currentOverall,threePicksCoverage,0.0,0.0,0.0
2024Q4,L5-winnerA minus ATRbaseline,touch,0.48916111211193186,0.4012182489641506,0.551937475470217
2024Q4,L5-winnerA minus ATRbaseline,L5,0.34681438779799434,0.23897593816985174,0.4590163934426229
2024Q4,L5-winnerA minus ATRbaseline,ANYnegativeD5,0.047048579835465176,-0.021857923497267784,0.18206080367116506
2024Q4,L5-winnerA minus ATRbaseline,D1bull,0.024440040833483445,-0.05774882903981263,0.08196721311475408
2024Q4,L5-winnerA minus ATRbaseline,FPtargetFirstLower,0.291358914309734,0.2157096277511095,0.3355159448980207
2024Q4,L5-winnerA minus ATRbaseline,FPtargetFirstUpper,0.3298204527712725,0.2542294819873843,0.37158469945355194
2024Q4,L5-winnerA minus ATRbaseline,FPnegativeCertain,0.03620969194739687,-0.03780983002747338,0.1603930845534766
2024Q4,L5-winnerA minus ATRbaseline,FPnegativePossible,0.07467123040893531,0.008999879901519231,0.1881834079747115
2024Q4,L5-winnerA minus ATRbaseline,FPloss5Certain,0.41872335314958264,0.2840952080706179,0.5245901639344261
2024Q4,L5-winnerA minus ATRbaseline,FPloss5Possible,0.4571848916111211,0.29858897140959456,0.5846994535519126
2024Q4,L5-winnerA minus ATRbaseline,FPambiguous,0.038461538461538464,0.005494505494505495,0.08241758241758242
2024Q4,L5-winnerA minus ATRbaseline,FPstopBeforeLaterTouch,0.1978021978021978,0.14285714285714285,0.2582774269928966
2024Q4,L5-winnerA minus ATRbaseline,netD5,-0.014131047933615047,-0.04365758674368066,0.01463465963216318
2024Q4,L5-winnerA minus ATRbaseline,FPnetLower,0.0020130747867368815,-0.010683092487759326,0.012865087461909175
2024Q4,L5-winnerA minus ATRbaseline,FPnetUpper,0.007782305555967652,-0.004154290368707104,0.01731406324439715
2024Q4,L5-winnerA minus ATRbaseline,targetOnlyNet,0.0035737003571939194,-0.01797256539470098,0.022889918329541705
2024Q4,L5-winnerA minus ATRbaseline,strictCoverage,-0.005464480874316946,-0.016393442622950838,0.0
2024Q4,L5-winnerA minus ATRbaseline,scoreAll3AtLeast70,0.01639344262295082,0.0,0.04918032786885246
2024Q4,L5-winnerA minus ATRbaseline,all3Touch,0.15,0.0677683615819209,0.2459016393442623
2024Q4,L5-winnerA minus ATRbaseline,threePicksCoverage,0.0,0.0,0.0
2024Q4,L5-winnerB minus currentOverall,touch,0.155317360235393,0.07277964578999471,0.24526914832593666
2024Q4,L5-winnerB minus currentOverall,L5,0.16651654356572387,0.07329234972677595,0.2544293820933165
2024Q4,L5-winnerB minus currentOverall,ANYnegativeD5,-0.012910586681078473,-0.06781811085089774,0.06558970856102009
2024Q4,L5-winnerB minus currentOverall,D1bull,0.02975439860685758,-0.02533177205308352,0.0903147791133481
2024Q4,L5-winnerB minus currentOverall,FPtargetFirstLower,0.07250945775535939,0.038251366120218566,0.13114754098360656
2024Q4,L5-winnerB minus currentOverall,FPtargetFirstUpper,0.06713505074160811,0.028464090554254466,0.12754608779198945
2024Q4,L5-winnerB minus currentOverall,FPnegativeCertain,0.025520927160271323,-0.05464480874316935,0.07336442955046334
2024Q4,L5-winnerB minus currentOverall,FPnegativePossible,0.020146520146520186,-0.06191301867531384,0.06778220571808104
2024Q4,L5-winnerB minus currentOverall,FPloss5Certain,0.12376148441722212,0.04371584699453557,0.17861721611721612
2024Q4,L5-winnerB minus currentOverall,FPloss5Possible,0.11838707740347076,0.04371584699453557,0.17178697581740784
2024Q4,L5-winnerB minus currentOverall,FPambiguous,-0.005374407013751276,-0.027322404371584702,0.01135162877758657
2024Q4,L5-winnerB minus currentOverall,FPstopBeforeLaterTouch,0.08280790248003364,-0.005587581817090013,0.15051912568306006
2024Q4,L5-winnerB minus currentOverall,netD5,-0.014905790231242676,-0.035714752222479,0.0025389924491052347
2024Q4,L5-winnerB minus currentOverall,FPnetLower,-0.0007952233205146923,-0.006745332041572256,0.009583171723280676
2024Q4,L5-winnerB minus currentOverall,FPnetUpper,-0.0016013843725773873,-0.007607851948354283,0.00902459663452165
2024Q4,L5-winnerB minus currentOverall,targetOnlyNet,-0.008422216818370985,-0.03041517801118577,0.018655664249666637
2024Q4,L5-winnerB minus currentOverall,strictCoverage,-0.005464480874316946,-0.016393442622950838,0.0
2024Q4,L5-winnerB minus currentOverall,scoreAll3AtLeast70,-0.9016393442622951,-0.9836065573770492,-0.7868852459016393
2024Q4,L5-winnerB minus currentOverall,all3Touch,0.03415300546448087,0.0005557099194220608,0.11475409836065573
2024Q4,L5-winnerB minus currentOverall,threePicksCoverage,0.0,0.0,0.0
2024Q4,L5-winnerB minus ATRbaseline,touch,0.3957545187053384,0.3264498988618181,0.4316939890710383
2024Q4,L5-winnerB minus ATRbaseline,L5,0.3523088932924998,0.289535669248784,0.44063524590163927
2024Q4,L5-winnerB minus ATRbaseline,ANYnegativeD5,0.07452110730799255,0.02185792349726778,0.1927512604534614
2024Q4,L5-winnerB minus ATRbaseline,D1bull,-0.003032486639044041,-0.07416081186572993,0.035371254428631475
2024Q4,L5-winnerB minus ATRbaseline,FPtargetFirstLower,0.24190836485918452,0.18274159949279956,0.2804299525611001
2024Q4,L5-winnerB minus ATRbaseline,FPtargetFirstUpper,0.258391881342701,0.19667577413479054,0.30601092896174864
2024Q4,L5-winnerB minus ATRbaseline,FPnegativeCertain,0.08016573590344078,0.0,0.20218579234972672
2024Q4,L5-winnerB minus ATRbaseline,FPnegativePossible,0.09664925238695732,0.030688914910226368,0.20767304189435334
2024Q4,L5-winnerB minus ATRbaseline,FPloss5Certain,0.44070137512760466,0.3059568846454093,0.5447749154306532
2024Q4,L5-winnerB minus ATRbaseline,FPloss5Possible,0.4571848916111211,0.33146955503512887,0.5584013751773692
2024Q4,L5-winnerB minus ATRbaseline,FPambiguous,0.016483516483516484,0.0,0.04371584699453552
2024Q4,L5-winnerB minus ATRbaseline,FPstopBeforeLaterTouch,0.15384615384615385,0.09390975047052395,0.19674833363357952
2024Q4,L5-winnerB minus ATRbaseline,netD5,-0.027044494484475302,-0.046805777843742756,-0.01992662288077256
2024Q4,L5-winnerB minus ATRbaseline,FPnetLower,-0.002983705234846223,-0.012576784130856158,0.006571906503167903
2024Q4,L5-winnerB minus ATRbaseline,FPnetUpper,-0.0005111777623187513,-0.010682970364828587,0.009897468427430911
2024Q4,L5-winnerB minus ATRbaseline,targetOnlyNet,-0.007998821705568256,-0.028214672564031637,0.008292224655547104
2024Q4,L5-winnerB minus ATRbaseline,strictCoverage,-0.005464480874316946,-0.016393442622950838,0.0
2024Q4,L5-winnerB minus ATRbaseline,scoreAll3AtLeast70,0.09836065573770492,0.01639344262295082,0.21311475409836064
2024Q4,L5-winnerB minus ATRbaseline,all3Touch,0.08333333333333333,0.03278688524590164,0.16393442622950818
2024Q4,L5-winnerB minus ATRbaseline,threePicksCoverage,0.0,0.0,0.0
2024Q4,L0-winnerA minus currentOverall,touch,0.20218579234972678,0.10382513661202186,0.2786885245901639
2024Q4,L0-winnerA minus currentOverall,L5,0.13661202185792348,0.07090163934426233,0.20218579234972678
2024Q4,L0-winnerA minus currentOverall,ANYnegativeD5,-0.0491803278688524,-0.09849726775956283,0.03825136612021851
2024Q4,L0-winnerA minus currentOverall,D1bull,0.09836065573770492,0.03265027322404371,0.1748633879781421
2024Q4,L0-winnerA minus currentOverall,FPtargetFirstLower,0.10928961748633881,0.04371584699453551,0.17486338797814208
2024Q4,L0-winnerA minus currentOverall,FPtargetFirstUpper,0.13114754098360656,0.05997267759562841,0.19672131147540983
2024Q4,L0-winnerA minus currentOverall,FPnegativeCertain,-0.021857923497267784,-0.08743169398907102,0.0491803278688524
2024Q4,L0-winnerA minus currentOverall,FPnegativePossible,0.0,-0.0710382513661203,0.06571038251366115
2024Q4,L0-winnerA minus currentOverall,FPloss5Certain,0.08743169398907102,0.021857923497267784,0.15860655737704907
2024Q4,L0-winnerA minus currentOverall,FPloss5Possible,0.1092896174863387,0.04371584699453546,0.17499999999999996
2024Q4,L0-winnerA minus currentOverall,FPambiguous,0.02185792349726776,-0.0054644808743169425,0.043715846994535526
2024Q4,L0-winnerA minus currentOverall,FPstopBeforeLaterTouch,0.09289617486338797,0.021857923497267756,0.14207650273224043
2024Q4,L0-winnerA minus currentOverall,netD5,-0.005285258301031791,-0.02811095021247139,0.020605044831761465
2024Q4,L0-winnerA minus currentOverall,FPnetLower,0.0027379935235713106,-0.007956486499177103,0.01295350475581059
2024Q4,L0-winnerA minus currentOverall,FPnetUpper,0.006016682048161473,-0.0047410990026215466,0.016060947905196347
2024Q4,L0-winnerA minus currentOverall,targetOnlyNet,-0.004718955848654938,-0.023114426410663306,0.012723978669326928
2024Q4,L0-winnerA minus currentOverall,strictCoverage,0.0,0.0,0.0
2024Q4,L0-winnerA minus currentOverall,scoreAll3AtLeast70,-1.0,-1.0,-1.0
2024Q4,L0-winnerA minus currentOverall,all3Touch,0.04918032786885246,-0.03278688524590164,0.09836065573770492
2024Q4,L0-winnerA minus currentOverall,threePicksCoverage,0.0,0.0,0.0
2024Q4,L0-winnerA minus ATRbaseline,touch,0.4426229508196722,0.3551912568306011,0.48087431693989074
2024Q4,L0-winnerA minus ATRbaseline,L5,0.3224043715846995,0.27322404371584696,0.3935792349726775
2024Q4,L0-winnerA minus ATRbaseline,ANYnegativeD5,0.03825136612021862,0.0,0.16393442622950816
2024Q4,L0-winnerA minus ATRbaseline,D1bull,0.0655737704918033,-0.032786885245901676,0.14767759562841523
2024Q4,L0-winnerA minus ATRbaseline,FPtargetFirstLower,0.27868852459016397,0.21311475409836067,0.3005464480874317
2024Q4,L0-winnerA minus ATRbaseline,FPtargetFirstUpper,0.3224043715846995,0.2568306010928962,0.3389344262295081
2024Q4,L0-winnerA minus ATRbaseline,FPnegativeCertain,0.032786885245901676,-0.016393442622950838,0.16407103825136607
2024Q4,L0-winnerA minus ATRbaseline,FPnegativePossible,0.07650273224043713,0.032786885245901565,0.20232240437158458
2024Q4,L0-winnerA minus ATRbaseline,FPloss5Certain,0.40437158469945356,0.3060109289617486,0.4919398907103824
2024Q4,L0-winnerA minus ATRbaseline,FPloss5Possible,0.448087431693989,0.3387978142076503,0.546448087431694
2024Q4,L0-winnerA minus ATRbaseline,FPambiguous,0.04371584699453552,0.02185792349726776,0.07650273224043716
2024Q4,L0-winnerA minus ATRbaseline,FPstopBeforeLaterTouch,0.16393442622950818,0.10382513661202186,0.22418032786885234
2024Q4,L0-winnerA minus ATRbaseline,netD5,-0.017423962554264417,-0.03889683747503381,-0.0011028054261746942
2024Q4,L0-winnerA minus ATRbaseline,FPnetLower,0.0005495116092397801,-0.010802416897831107,0.00631208310528764
2024Q4,L0-winnerA minus ATRbaseline,FPnetUpper,0.007106888658420109,-0.0030570083384528495,0.012123066083319237
2024Q4,L0-winnerA minus ATRbaseline,targetOnlyNet,-0.0042955607358522085,-0.017736867685731295,0.0037907680622637973
2024Q4,L0-winnerA minus ATRbaseline,strictCoverage,0.0,0.0,0.0
2024Q4,L0-winnerA minus ATRbaseline,scoreAll3AtLeast70,0.0,0.0,0.0
2024Q4,L0-winnerA minus ATRbaseline,all3Touch,0.09836065573770492,0.01639344262295082,0.14754098360655737
2024Q4,L0-winnerA minus ATRbaseline,threePicksCoverage,0.0,0.0,0.0
2024Q4,L0-winnerB minus currentOverall,touch,0.16081186572989847,0.08743169398907102,0.2594427430493005
2024Q4,L0-winnerB minus currentOverall,L5,0.1500330270822074,0.0840456674473068,0.21612184491282857
2024Q4,L0-winnerB minus currentOverall,ANYnegativeD5,-0.05137212514261691,-0.11130171740827478,0.021857923497267784
2024Q4,L0-winnerB minus currentOverall,D1bull,0.12316099201345099,0.03245328019804973,0.20218579234972678
2024Q4,L0-winnerB minus currentOverall,FPtargetFirstLower,0.0944874797333814,0.04096247320592941,0.1639344262295082
2024Q4,L0-winnerB minus currentOverall,FPtargetFirstUpper,0.10010208370864107,0.038203551912568294,0.180327868852459
2024Q4,L0-winnerB minus currentOverall,FPnegativeCertain,-0.0019516003122560521,-0.09836065573770492,0.07357674591507582
2024Q4,L0-winnerB minus currentOverall,FPnegativePossible,0.00366300366300365,-0.09508196721311472,0.07354406303776839
2024Q4,L0-winnerB minus currentOverall,FPloss5Certain,0.09628895694469464,0.0032863978849397317,0.18769737040726994
2024Q4,L0-winnerB minus currentOverall,FPloss5Possible,0.10190356091995434,0.010928961748633892,0.1878181324155421
2024Q4,L0-winnerB minus currentOverall,FPambiguous,0.0056146039752597125,-0.021707800396324986,0.03825136612021858
2024Q4,L0-winnerB minus currentOverall,FPstopBeforeLaterTouch,0.06632438599651716,0.016393442622950824,0.12143832943013262
2024Q4,L0-winnerB minus currentOverall,netD5,-0.006612431184851535,-0.026916760851002804,0.01020972846113824
2024Q4,L0-winnerB minus currentOverall,FPnetLower,0.003293017436045877,-0.006187037332282528,0.015512607130375675
2024Q4,L0-winnerB minus currentOverall,FPnetUpper,0.004135208032334831,-0.006443085884257967,0.017050092795052867
2024Q4,L0-winnerB minus currentOverall,targetOnlyNet,-0.0035743007985498676,-0.02398360054575626,0.017846610987058205
2024Q4,L0-winnerB minus currentOverall,strictCoverage,-0.005464480874316946,-0.016393442622950838,0.0
2024Q4,L0-winnerB minus currentOverall,scoreAll3AtLeast70,-1.0,-1.0,-1.0
2024Q4,L0-winnerB minus currentOverall,all3Touch,0.06748633879781421,0.016939890710382512,0.14754098360655737
2024Q4,L0-winnerB minus currentOverall,threePicksCoverage,0.0,0.0,0.0
2024Q4,L0-winnerB minus ATRbaseline,touch,0.4012490241998439,0.3190401883734607,0.46994535519125685
2024Q4,L0-winnerB minus ATRbaseline,L5,0.3358253768089834,0.28415300546448086,0.4180335375007506
2024Q4,L0-winnerB minus ATRbaseline,ANYnegativeD5,0.036059568846454115,-0.013378220140515209,0.15846994535519127
2024Q4,L0-winnerB minus ATRbaseline,D1bull,0.09037410676754937,-0.010935754611599202,0.14207650273224043
2024Q4,L0-winnerB minus ATRbaseline,FPtargetFirstLower,0.26388638683720655,0.19672131147540983,0.3043330918093168
2024Q4,L0-winnerB minus ATRbaseline,FPtargetFirstUpper,0.291358914309734,0.21311475409836067,0.3442622950819672
2024Q4,L0-winnerB minus ATRbaseline,FPnegativeCertain,0.05269320843091341,-0.03825136612021862,0.18580601092896176
2024Q4,L0-winnerB minus ATRbaseline,FPnegativePossible,0.08016573590344078,0.005464480874316946,0.20356832865380545
2024Q4,L0-winnerB minus ATRbaseline,FPloss5Certain,0.41322884765507717,0.2840163934426229,0.5369441173806719
2024Q4,L0-winnerB minus ATRbaseline,FPloss5Possible,0.44070137512760466,0.3114754098360656,0.5633375977417503
2024Q4,L0-winnerB minus ATRbaseline,FPambiguous,0.027472527472527472,0.0,0.07142857142857142
2024Q4,L0-winnerB minus ATRbaseline,FPstopBeforeLaterTouch,0.13736263736263737,0.1,0.1978021978021978
2024Q4,L0-winnerB minus ATRbaseline,netD5,-0.01875113543808416,-0.037790805537420376,-0.006852142193300269
2024Q4,L0-winnerB minus ATRbaseline,FPnetLower,0.0011045355217143464,-0.010697729202971561,0.009890161360215147
2024Q4,L0-winnerB minus ATRbaseline,FPnetUpper,0.0052254146425934666,-0.007924098659335526,0.015151986845956917
2024Q4,L0-winnerB minus ATRbaseline,targetOnlyNet,-0.0031509056857471377,-0.022718928782203097,0.011311270302897187
2024Q4,L0-winnerB minus ATRbaseline,strictCoverage,-0.005464480874316946,-0.016393442622950838,0.0
2024Q4,L0-winnerB minus ATRbaseline,scoreAll3AtLeast70,0.0,0.0,0.0
2024Q4,L0-winnerB minus ATRbaseline,all3Touch,0.11666666666666667,0.03333333333333333,0.21311475409836064
2024Q4,L0-winnerB minus ATRbaseline,threePicksCoverage,0.0,0.0,0.0
2024Q4,FP-winnerFP minus currentOverall,touch,-0.016393442622950838,-0.0819672131147541,0.04918032786885243
2024Q4,FP-winnerFP minus currentOverall,L5,0.08196721311475408,0.016256830601092866,0.15846994535519127
2024Q4,FP-winnerFP minus currentOverall,ANYnegativeD5,-0.010928961748633781,-0.09836065573770492,0.08196721311475419
2024Q4,FP-winnerFP minus currentOverall,D1bull,0.010928961748633836,-0.03278688524590162,0.07650273224043713
2024Q4,FP-winnerFP minus currentOverall,FPtargetFirstLower,0.010928961748633892,-0.038251366120218566,0.054644808743169404
2024Q4,FP-winnerFP minus currentOverall,FPtargetFirstUpper,0.005464480874316946,-0.054644808743169376,0.04918032786885246
2024Q4,FP-winnerFP minus currentOverall,FPnegativeCertain,0.021857923497267673,-0.060109289617486295,0.11475409836065564
2024Q4,FP-winnerFP minus currentOverall,FPnegativePossible,0.016393442622950838,-0.07103825136612019,0.11475409836065575
2024Q4,FP-winnerFP minus currentOverall,FPloss5Certain,0.05464480874316935,-0.005464480874316946,0.13661202185792343
2024Q4,FP-winnerFP minus currentOverall,FPloss5Possible,0.0491803278688524,-0.010928961748633892,0.14207650273224037
2024Q4,FP-winnerFP minus currentOverall,FPambiguous,-0.005464480874316939,-0.03278688524590164,0.01639344262295082
2024Q4,FP-winnerFP minus currentOverall,FPstopBeforeLaterTouch,-0.027322404371584695,-0.07650273224043716,0.027322404371584695
2024Q4,FP-winnerFP minus currentOverall,netD5,-0.0006776478295265689,-0.016477174276790844,0.019103752547475462
2024Q4,FP-winnerFP minus currentOverall,FPnetLower,-0.0018562904603252588,-0.011545556856690052,0.00576296525540948
2024Q4,FP-winnerFP minus currentOverall,FPnetUpper,-0.0026759625914728052,-0.012037121005706723,0.0044458538636001806
2024Q4,FP-winnerFP minus currentOverall,targetOnlyNet,-0.012603627898752688,-0.026641249916123246,0.000217510434451768
2024Q4,FP-winnerFP minus currentOverall,strictCoverage,0.0,0.0,0.0
2024Q4,FP-winnerFP minus currentOverall,scoreAll3AtLeast70,-1.0,-1.0,-1.0
2024Q4,FP-winnerFP minus currentOverall,all3Touch,-0.032786885245901634,-0.08196721311475409,0.01639344262295082
2024Q4,FP-winnerFP minus currentOverall,threePicksCoverage,0.0,0.0,0.0
2024Q4,FP-winnerFP minus ATRbaseline,touch,0.22404371584699453,0.14754098360655737,0.26775956284153
2024Q4,FP-winnerFP minus ATRbaseline,L5,0.26775956284153,0.2239071038251366,0.3497267759562841
2024Q4,FP-winnerFP minus ATRbaseline,ANYnegativeD5,0.07650273224043724,-0.016393442622950838,0.21857923497267756
2024Q4,FP-winnerFP minus ATRbaseline,D1bull,-0.021857923497267784,-0.09289617486338803,0.054644808743169404
2024Q4,FP-winnerFP minus ATRbaseline,FPtargetFirstLower,0.18032786885245902,0.10915300546448088,0.21311475409836064
2024Q4,FP-winnerFP minus ATRbaseline,FPtargetFirstUpper,0.19672131147540983,0.12568306010928962,0.22950819672131148
2024Q4,FP-winnerFP minus ATRbaseline,FPnegativeCertain,0.07650273224043713,-0.005464480874316946,0.24043715846994534
2024Q4,FP-winnerFP minus ATRbaseline,FPnegativePossible,0.09289617486338797,0.010928961748633892,0.25683060109289624
2024Q4,FP-winnerFP minus ATRbaseline,FPloss5Certain,0.3715846994535519,0.29508196721311475,0.4808743169398907
2024Q4,FP-winnerFP minus ATRbaseline,FPloss5Possible,0.3879781420765027,0.30601092896174864,0.5027322404371585
2024Q4,FP-winnerFP minus ATRbaseline,FPambiguous,0.01639344262295082,0.00546448087431694,0.03278688524590164
2024Q4,FP-winnerFP minus ATRbaseline,FPstopBeforeLaterTouch,0.04371584699453552,0.0273224043715847,0.07650273224043716
2024Q4,FP-winnerFP minus ATRbaseline,netD5,-0.012816352082759195,-0.02864202243927381,-0.0016986495036295222
2024Q4,FP-winnerFP minus ATRbaseline,FPnetLower,-0.004044772374656789,-0.0184696539148512,0.0032341057931434556
2024Q4,FP-winnerFP minus ATRbaseline,FPnetUpper,-0.0015857559812141693,-0.015899116263510916,0.005696945229027994
2024Q4,FP-winnerFP minus ATRbaseline,targetOnlyNet,-0.012180232785949957,-0.027392338401028987,-0.004724664058121069
2024Q4,FP-winnerFP minus ATRbaseline,strictCoverage,0.0,0.0,0.0
2024Q4,FP-winnerFP minus ATRbaseline,scoreAll3AtLeast70,0.0,0.0,0.0
2024Q4,FP-winnerFP minus ATRbaseline,all3Touch,0.01639344262295082,0.0,0.03278688524590164
2024Q4,FP-winnerFP minus ATRbaseline,threePicksCoverage,0.0,0.0,0.0
